{
  "type": "FeatureCollection",
  "features": [
    {
      "type": "Feature",
      "properties": {
        "GID_0": "IND",
        "COUNTRY": "India"
      },
      "geometry": {
        "type": "MultiPolygon",
        "coordinates": [
          [
            [
              [
                76.75534057599998,
                33.24948883200017
              ],
              [
                76.75688171300006,
                33.250541686000076
              ],
              [
                76.75997161800018,
                33.25297927800017
              ],
              [
                76.76355743400006,
                33.254329681000065
              ],
              [
                76.77826690800015,
                33.25571060100009
              ],
              [
                76.78543853900015,
                33.253589631000125
              ],
              [
                76.78554694343921,
                33.25347291816288
              ],
              [
                76.75647161115931,
                33.24830142589038
              ],
              [
                76.75531318042881,
                33.24907409318701
              ],
              [
                76.75534057599998,
                33.24948883200017
              ]
            ]
          ],
          [
            [
              [
                76.81394195500009,
                33.24744033800016
              ],
              [
                76.81727600100004,
                33.248500823000086
              ],
              [
                76.82192230300006,
                33.24835205099998
              ],
              [
                76.82354736400015,
                33.24785995500014
              ],
              [
                76.82717132700009,
                33.24674987800006
              ],
              [
                76.82834625200019,
                33.24639892700003
              ],
              [
                76.82836621623544,
                33.24625295681146
              ],
              [
                76.82006234198195,
                33.23617262998507
              ],
              [
                76.8104885480008,
                33.24517024640448
              ],
              [
                76.81394195500009,
                33.24744033800016
              ]
            ]
          ],
          [
            [
              [
                76.86044311600006,
                33.116378784000005
              ],
              [
                76.86869049000018,
                33.12022018400006
              ],
              [
                76.87150060205386,
                33.11824428494113
              ],
              [
                76.8584127062789,
                33.1151333876635
              ],
              [
                76.86044311600006,
                33.116378784000005
              ]
            ]
          ],
          [
            [
              [
                76.94832611100014,
                33.01848983800011
              ],
              [
                76.95677948000014,
                33.01673889300014
              ],
              [
                76.96212768600014,
                33.01393127400007
              ],
              [
                76.96370697000009,
                33.01004028400018
              ],
              [
                76.96652221700003,
                33.00720977900005
              ],
              [
                76.98082733200016,
                33.0014610290001
              ],
              [
                76.98118808055803,
                33.00113405842693
              ],
              [
                76.97159770053801,
                33.00067184282363
              ],
              [
                76.93604085439314,
                33.026302016565104
              ],
              [
                76.94832611100014,
                33.01848983800011
              ]
            ]
          ],
          [
            [
              [
                77.01123809700005,
                32.99324035700005
              ],
              [
                77.01992034900007,
                32.99174881000005
              ],
              [
                77.02442169200009,
                32.996959686000025
              ],
              [
                77.03531646800019,
                32.999679566000054
              ],
              [
                77.04050953914005,
                32.99700406598942
              ],
              [
                77.01015803731343,
                32.98904841341437
              ],
              [
                77.00629819514383,
                32.99182094620411
              ],
              [
                77.01123809700005,
                32.99324035700005
              ]
            ]
          ],
          [
            [
              [
                77.08418274000007,
                32.973670960000106
              ],
              [
                77.09712219200009,
                32.97758102500006
              ],
              [
                77.10315704400006,
                32.98720169100012
              ],
              [
                77.11238098200016,
                32.984130860000164
              ],
              [
                77.11554595442041,
                32.98354684741338
              ],
              [
                77.11095611063867,
                32.975403518020904
              ],
              [
                77.08592571659146,
                32.972371319044576
              ],
              [
                77.08412318704578,
                32.973668904760224
              ],
              [
                77.08418274000007,
                32.973670960000106
              ]
            ]
          ],
          [
            [
              [
                77.12750244200004,
                32.98384094400012
              ],
              [
                77.13476755308857,
                32.98107833005847
              ],
              [
                77.12418553815176,
                32.98333693778599
              ],
              [
                77.12750244200004,
                32.98384094400012
              ]
            ]
          ],
          [
            [
              [
                77.15743255500013,
                32.91323852500011
              ],
              [
                77.16043090800014,
                32.91608047600016
              ],
              [
                77.16156768900015,
                32.92111969000018
              ],
              [
                77.1637268070001,
                32.92510986400009
              ],
              [
                77.1665802010001,
                32.92805099499998
              ],
              [
                77.17385864200003,
                32.931129456000065
              ],
              [
                77.17948494118373,
                32.92002278423348
              ],
              [
                77.17048785864283,
                32.91071660652592
              ],
              [
                77.15695791591462,
                32.91172733951802
              ],
              [
                77.157363779015,
                32.91324330759738
              ],
              [
                77.15743255500013,
                32.91323852500011
              ]
            ]
          ],
          [
            [
              [
                77.25831604000007,
                32.87636184700017
              ],
              [
                77.2673173510105,
                32.8687509590347
              ],
              [
                77.25437350355779,
                32.86371752239283
              ],
              [
                77.25023750162046,
                32.867757944943975
              ],
              [
                77.25831604000007,
                32.87636184700017
              ]
            ]
          ],
          [
            [
              [
                77.29795837500012,
                32.8540115350001
              ],
              [
                77.3051605230001,
                32.854049682000095
              ],
              [
                77.30906687854238,
                32.849930141310246
              ],
              [
                77.30105180597015,
                32.849567260503306
              ],
              [
                77.2963629870658,
                32.85377051018958
              ],
              [
                77.29795837500012,
                32.8540115350001
              ]
            ]
          ],
          [
            [
              [
                77.34046173200016,
                32.82054138200016
              ],
              [
                77.34839630100004,
                32.821201325000175
              ],
              [
                77.35647583000019,
                32.82527160600006
              ],
              [
                77.35955047600004,
                32.838161470000045
              ],
              [
                77.36184692400013,
                32.84260940600018
              ],
              [
                77.36267089800009,
                32.84659958000009
              ],
              [
                77.35980987600016,
                32.85161972100008
              ],
              [
                77.35871887200011,
                32.85639953700013
              ],
              [
                77.35968017500016,
                32.859580994
              ],
              [
                77.36306762600003,
                32.86352920600019
              ],
              [
                77.37124633700006,
                32.86742019600007
              ],
              [
                77.37938690100003,
                32.8808288570001
              ],
              [
                77.38746643200017,
                32.88552093400011
              ],
              [
                77.39541625900006,
                32.887329101000034
              ],
              [
                77.39733123700006,
                32.88698959300001
              ],
              [
                77.39917755100004,
                32.88393020700005
              ],
              [
                77.40312194800003,
                32.88145065300006
              ],
              [
                77.4034492483148,
                32.88129982421896
              ],
              [
                77.37411349670253,
                32.854620925463855
              ],
              [
                77.37276050242971,
                32.82328820270847
              ],
              [
                77.33893564560917,
                32.816718438259755
              ],
              [
                77.33764789372178,
                32.81952077064379
              ],
              [
                77.34046173200016,
                32.82054138200016
              ]
            ]
          ],
          [
            [
              [
                77.4257202140002,
                32.883670807000044
              ],
              [
                77.42744822160498,
                32.8812046211758
              ],
              [
                77.42205604312004,
                32.881621325492944
              ],
              [
                77.4257202140002,
                32.883670807000044
              ]
            ]
          ],
          [
            [
              [
                77.47318267800007,
                32.87879180900012
              ],
              [
                77.4845504760001,
                32.88653945900006
              ],
              [
                77.49434661800007,
                32.88151168900009
              ],
              [
                77.4969342296556,
                32.881851333524175
              ],
              [
                77.46882309580006,
                32.85866385743229
              ],
              [
                77.45631373044704,
                32.86277562386894
              ],
              [
                77.47318267800007,
                32.87879180900012
              ]
            ]
          ],
          [
            [
              [
                77.50623321500007,
                32.88307189900007
              ],
              [
                77.51129150399998,
                32.88542938200016
              ],
              [
                77.51956176700014,
                32.887378694000176
              ],
              [
                77.52320099000008,
                32.889781951000145
              ],
              [
                77.52700042800018,
                32.892280578
              ],
              [
                77.53531646700003,
                32.90229034499998
              ],
              [
                77.54471588100006,
                32.911731720000034
              ],
              [
                77.54949188200004,
                32.91336059600019
              ],
              [
                77.5538482660001,
                32.91310882700003
              ],
              [
                77.56964874400018,
                32.92166137800007
              ],
              [
                77.579666138,
                32.931678772000055
              ],
              [
                77.58096313400006,
                32.93450164900014
              ],
              [
                77.58152771000005,
                32.93923187300015
              ],
              [
                77.58392334000018,
                32.943801880000024
              ],
              [
                77.58637237500005,
                32.93989944500015
              ],
              [
                77.59343719600008,
                32.94153976400008
              ],
              [
                77.60172252595575,
                32.94210670741922
              ],
              [
                77.59600455744533,
                32.92739370089571
              ],
              [
                77.5391787979868,
                32.88696438121135
              ],
              [
                77.51279540966678,
                32.87736241778631
              ],
              [
                77.50492002204723,
                32.88289953202432
              ],
              [
                77.50623321500007,
                32.88307189900007
              ]
            ]
          ],
          [
            [
              [
                77.63849640000007,
                32.95613861100014
              ],
              [
                77.64334869499999,
                32.95785141100009
              ],
              [
                77.64987945600006,
                32.95829010100016
              ],
              [
                77.65331268400013,
                32.95940017600009
              ],
              [
                77.65637207000015,
                32.965961456000116
              ],
              [
                77.65998840400005,
                32.968959809000125
              ],
              [
                77.66307830900013,
                32.97592926100003
              ],
              [
                77.66520690900006,
                32.986030579000044
              ],
              [
                77.67086029100011,
                32.986270905000026
              ],
              [
                77.67800140400004,
                32.980720520000034
              ],
              [
                77.67930544202271,
                32.978142538650175
              ],
              [
                77.67380172813259,
                32.96074788963532
              ],
              [
                77.63061107012771,
                32.9500943853861
              ],
              [
                77.63849640000007,
                32.95613861100014
              ]
            ]
          ],
          [
            [
              [
                77.82508850100004,
                32.83987045300012
              ],
              [
                77.82829146948664,
                32.837412902310255
              ],
              [
                77.82601358382506,
                32.83642773160589
              ],
              [
                77.82178169269217,
                32.83916443771369
              ],
              [
                77.82508850100004,
                32.83987045300012
              ]
            ]
          ],
          [
            [
              [
                77.89949798499998,
                32.77532196000004
              ],
              [
                77.9034957880001,
                32.77289962700007
              ],
              [
                77.90892791700009,
                32.772121430000084
              ],
              [
                77.90910431351912,
                32.771860652523316
              ],
              [
                77.90381075451232,
                32.7717408201109
              ],
              [
                77.89946960874121,
                32.775319285602194
              ],
              [
                77.89949798499998,
                32.77532196000004
              ]
            ]
          ],
          [
            [
              [
                78.03273773100005,
                32.633750916000054
              ],
              [
                78.03389740000017,
                32.635608673000036
              ],
              [
                78.03471318962129,
                32.63506745740083
              ],
              [
                78.03271892358086,
                32.633412140808595
              ],
              [
                78.03273773100005,
                32.633750916000054
              ]
            ]
          ],
          [
            [
              [
                78.07293701200001,
                32.644401550000055
              ],
              [
                78.07900237900014,
                32.65279007100003
              ],
              [
                78.08851623500004,
                32.65983200100004
              ],
              [
                78.0933761600001,
                32.66215133700007
              ],
              [
                78.09926605100009,
                32.65996933000008
              ],
              [
                78.1023959970822,
                32.6558233892497
              ],
              [
                78.09255345557098,
                32.64792602857752
              ],
              [
                78.09864192979867,
                32.63023820121561
              ],
              [
                78.0871414784797,
                32.624173803262956
              ],
              [
                78.06747623886726,
                32.62568053213591
              ],
              [
                78.07293701200001,
                32.644401550000055
              ]
            ]
          ],
          [
            [
              [
                78.13066101000004,
                32.66006088200004
              ],
              [
                78.13600158700007,
                32.67031860500009
              ],
              [
                78.14362055579451,
                32.6759863728078
              ],
              [
                78.14734972362027,
                32.654495793026236
              ],
              [
                78.13002945231013,
                32.658329521913686
              ],
              [
                78.13066101000004,
                32.66006088200004
              ]
            ]
          ],
          [
            [
              [
                78.15841674800009,
                32.67913055500003
              ],
              [
                78.17047882100007,
                32.67721176300006
              ],
              [
                78.17356168030454,
                32.674890505042896
              ],
              [
                78.15483374718372,
                32.67906308242235
              ],
              [
                78.15841674800009,
                32.67913055500003
              ]
            ]
          ],
          [
            [
              [
                78.21293640100009,
                32.66918945400005
              ],
              [
                78.2249679570001,
                32.6755599980001
              ],
              [
                78.2332611080002,
                32.68370056200007
              ],
              [
                78.23658752400007,
                32.694671631000176
              ],
              [
                78.25911712700015,
                32.702919007000105
              ],
              [
                78.27274322500013,
                32.70293045100016
              ],
              [
                78.28486633300008,
                32.706779481000126
              ],
              [
                78.29572296200018,
                32.71281051600005
              ],
              [
                78.29856109500008,
                32.71974182100007
              ],
              [
                78.29811096200007,
                32.72483062700013
              ],
              [
                78.29461670000012,
                32.73160934500004
              ],
              [
                78.28765869200015,
                32.73783111600011
              ],
              [
                78.31394958600009,
                32.74898147600004
              ],
              [
                78.34474182200006,
                32.76343154799997
              ],
              [
                78.36428070000005,
                32.76298141500013
              ],
              [
                78.37135314900019,
                32.761829376000094
              ],
              [
                78.37277221699998,
                32.76015090900006
              ],
              [
                78.37237205471193,
                32.757330968450496
              ],
              [
                78.35638733877126,
                32.757590558221374
              ],
              [
                78.30429705926761,
                32.73434369940286
              ],
              [
                78.31241502490454,
                32.70907537460013
              ],
              [
                78.25288327690038,
                32.690882180742165
              ],
              [
                78.24611830553627,
                32.67167825389209
              ],
              [
                78.21973491721624,
                32.66460312294733
              ],
              [
                78.207603160616,
                32.66730607435348
              ],
              [
                78.21293640100009,
                32.66918945400005
              ]
            ]
          ],
          [
            [
              [
                78.3563613890002,
                32.512660980000085
              ],
              [
                78.37668609600009,
                32.526050567000084
              ],
              [
                78.38243103000008,
                32.52965164100016
              ],
              [
                78.3943862910001,
                32.528530121000074
              ],
              [
                78.39791870100015,
                32.52706909200009
              ],
              [
                78.3990631100001,
                32.52637100200002
              ],
              [
                78.3993005597401,
                32.52583445678206
              ],
              [
                78.39833016122874,
                32.52562733653231
              ],
              [
                78.32662146476918,
                32.47205848795053
              ],
              [
                78.31727518460751,
                32.48141732682866
              ],
              [
                78.3563613890002,
                32.512660980000085
              ]
            ]
          ]
        ]
      }
    },
    {
      "type": "Feature",
      "properties": {
        "GID_0": "Z01",
        "COUNTRY": "India"
      },
      "geometry": {
        "type": "Polygon",
        "coordinates": [
          [
            [
              74.34126281700014,
              34.78969192500017
            ],
            [
              74.3462142940001,
              34.790409088000104
            ],
            [
              74.35194613847217,
              34.79367593140866
            ],
            [
              74.38765936949629,
              34.80186685396944
            ],
            [
              74.47396850500007,
              34.79063415600007
            ],
            [
              74.4771347040001,
              34.789649963000045
            ],
            [
              74.48536682200017,
              34.787090303000184
            ],
            [
              74.50657653800005,
              34.775531769000054
            ],
            [
              74.51470184400017,
              34.77480316200007
            ],
            [
              74.53810119500008,
              34.7761840820001
            ],
            [
              74.54406738199998,
              34.776538849000076
            ],
            [
              74.56149291899999,
              34.77444076500001
            ],
            [
              74.56529235900013,
              34.77186965999999
            ],
            [
              74.57715606800002,
              34.769489288000045
            ],
            [
              74.58017730699999,
              34.77009963900019
            ],
            [
              74.61242675800014,
              34.746372222000105
            ],
            [
              74.61815643400014,
              34.742149354000105
            ],
            [
              74.63154602100013,
              34.73799896200012
            ],
            [
              74.63883209300013,
              34.73353958100017
            ],
            [
              74.64798736699998,
              34.72261810400005
            ],
            [
              74.65805816600005,
              34.71060180600006
            ],
            [
              74.67130279500003,
              34.70069885200013
            ],
            [
              74.7030029300002,
              34.69308090300012
            ],
            [
              74.72807312000009,
              34.688583374000075
            ],
            [
              74.73931884699999,
              34.68722152800018
            ],
            [
              74.76312255900007,
              34.684337616000164
            ],
            [
              74.76640319800003,
              34.68519210800014
            ],
            [
              74.77214050200007,
              34.68270874100011
            ],
            [
              74.78659057700008,
              34.68273162800011
            ],
            [
              74.83560180600017,
              34.67755127000015
            ],
            [
              74.85389709500004,
              34.67819976800013
            ],
            [
              74.88981628400006,
              34.683872223000094
            ],
            [
              74.89375305100009,
              34.68449020500009
            ],
            [
              74.91050720300007,
              34.683208465000064
            ],
            [
              74.927810669,
              34.67831039500015
            ],
            [
              74.94671630800008,
              34.66635131800018
            ],
            [
              74.99780273400017,
              34.65108108500016
            ],
            [
              75.00000000000006,
              34.649456024000074
            ],
            [
              75.00364685,
              34.64675903400001
            ],
            [
              75.01874542300004,
              34.641498566000166
            ],
            [
              75.02990722600016,
              34.641471864000096
            ],
            [
              75.04180145300006,
              34.64141845700004
            ],
            [
              75.05079651000011,
              34.643920899000136
            ],
            [
              75.05449676600006,
              34.64662170500014
            ],
            [
              75.0847244270001,
              34.655380249000075
            ],
            [
              75.10555267299998,
              34.65565872200011
            ],
            [
              75.11119842500011,
              34.657989503000124
            ],
            [
              75.14229583700006,
              34.66241073600008
            ],
            [
              75.16467285100009,
              34.66044998100011
            ],
            [
              75.1772766110002,
              34.65745925900012
            ],
            [
              75.1784973140002,
              34.657176972000116
            ],
            [
              75.20671844400005,
              34.646289825
            ],
            [
              75.23575592000009,
              34.64829254100016
            ],
            [
              75.24971008300008,
              34.64731216500007
            ],
            [
              75.2596359260001,
              34.644081116000166
            ],
            [
              75.266059875,
              34.63954925600018
            ],
            [
              75.26693725600006,
              34.63454055700009
            ],
            [
              75.25807952800011,
              34.61759948800017
            ],
            [
              75.26185608000009,
              34.61088180600019
            ],
            [
              75.2791519160001,
              34.60174942000003
            ],
            [
              75.33519744900008,
              34.572132110000155
            ],
            [
              75.35054779100011,
              34.56224060100004
            ],
            [
              75.37782287600004,
              34.5524215690001
            ],
            [
              75.39497375500008,
              34.54880905200008
            ],
            [
              75.41396331800019,
              34.54734039300013
            ],
            [
              75.46463775699999,
              34.54338836800008
            ],
            [
              75.47850799500014,
              34.53934860200013
            ],
            [
              75.50609588700013,
              34.537330627000074
            ],
            [
              75.51687622000009,
              34.53779220600018
            ],
            [
              75.52120208800011,
              34.539588928000114
            ],
            [
              75.55179595900006,
              34.538139344000115
            ],
            [
              75.56463623000008,
              34.53874969600014
            ],
            [
              75.57888793800015,
              34.53944015600007
            ],
            [
              75.59188842700013,
              34.540069580000136
            ],
            [
              75.61556243900014,
              34.538539886000024
            ],
            [
              75.64414978100007,
              34.53353881900006
            ],
            [
              75.69230651800012,
              34.52153015100015
            ],
            [
              75.7138366690001,
              34.51840210000006
            ],
            [
              75.7292327880001,
              34.51615905700015
            ],
            [
              75.74920654400017,
              34.51583099400011
            ],
            [
              75.76877593900015,
              34.52214050300017
            ],
            [
              75.79302978500016,
              34.53392028900015
            ],
            [
              75.8104782100001,
              34.548171997
            ],
            [
              75.82064819400011,
              34.55891037000009
            ],
            [
              75.84107971200007,
              34.57310104300012
            ],
            [
              75.84327697700007,
              34.574630737000064
            ],
            [
              75.88146209700005,
              34.59074020400004
            ],
            [
              75.91192626900005,
              34.60113143899997
            ],
            [
              75.9186477660001,
              34.60483932500018
            ],
            [
              75.93221283000014,
              34.62443161100015
            ],
            [
              75.94625091500001,
              34.631179810000106
            ],
            [
              75.96720886200012,
              34.633602143000076
            ],
            [
              75.96821594200014,
              34.63333892800006
            ],
            [
              75.98327636700003,
              34.629409791000114
            ],
            [
              75.9918518070001,
              34.62997055000006
            ],
            [
              76.00038909900019,
              34.635810852000134
            ],
            [
              76.01436615000019,
              34.65357208400013
            ],
            [
              76.02542877300004,
              34.664100647000055
            ],
            [
              76.03646087700014,
              34.67026901300005
            ],
            [
              76.05502319400006,
              34.67602920600012
            ],
            [
              76.07444000200007,
              34.67631149400006
            ],
            [
              76.08582306000011,
              34.67145919900014
            ],
            [
              76.09295654200002,
              34.66656112700002
            ],
            [
              76.12193298300008,
              34.64665222200006
            ],
            [
              76.1307525630001,
              34.6435203550002
            ],
            [
              76.13909149100016,
              34.64247894400012
            ],
            [
              76.1579132080002,
              34.64340973000003
            ],
            [
              76.19278717000003,
              34.65526962300015
            ],
            [
              76.1978530880001,
              34.65913009700017
            ],
            [
              76.22737884600008,
              34.672142029000156
            ],
            [
              76.23429870500019,
              34.67309951900012
            ],
            [
              76.26004791200006,
              34.684371949000024
            ],
            [
              76.27511596800014,
              34.693641664000104
            ],
            [
              76.28330230700004,
              34.70151901300005
            ],
            [
              76.28994750999999,
              34.71232223400011
            ],
            [
              76.30150604200014,
              34.724441529000046
            ],
            [
              76.31613922000014,
              34.73163223400019
            ],
            [
              76.32872009200014,
              34.733055116000116
            ],
            [
              76.33988952600009,
              34.73431778000014
            ],
            [
              76.3507385260001,
              34.734703063000154
            ],
            [
              76.38593292300004,
              34.73595047100014
            ],
            [
              76.40953826900005,
              34.752166749000025
            ],
            [
              76.42761993400018,
              34.76243972800012
            ],
            [
              76.43695831200013,
              34.76438140900012
            ],
            [
              76.469200135,
              34.79166793800016
            ],
            [
              76.47177124000001,
              34.79302215600012
            ],
            [
              76.47434234600013,
              34.79437255900018
            ],
            [
              76.47732543900014,
              34.79398727400019
            ],
            [
              76.48973846500007,
              34.79238128600019
            ],
            [
              76.51409149100016,
              34.783802033000086
            ],
            [
              76.5453186040001,
              34.76559066800007
            ],
            [
              76.5618133550002,
              34.758338928000114
            ],
            [
              76.57097625699998,
              34.75842285200014
            ],
            [
              76.58001709000013,
              34.755516053000065
            ],
            [
              76.61804199200004,
              34.75606918400007
            ],
            [
              76.65249633700017,
              34.756561280000085
            ],
            [
              76.67163848900003,
              34.757419587000186
            ],
            [
              76.68181610100015,
              34.75959014900019
            ],
            [
              76.687194825,
              34.763210296000125
            ],
            [
              76.69670105000012,
              34.77912902900016
            ],
            [
              76.70619201800002,
              34.80125045900013
            ],
            [
              76.7272872920002,
              34.82089996400015
            ],
            [
              76.73784637400007,
              34.83074188300009
            ],
            [
              76.74324035600017,
              34.840099334000115
            ],
            [
              76.74468994200004,
              34.844730376000086
            ],
            [
              76.74343872100013,
              34.86489105300012
            ],
            [
              76.73886108400018,
              34.901927949000026
            ],
            [
              76.74337005500013,
              34.91814041100008
            ],
            [
              76.74936676099998,
              34.92660140999999
            ],
            [
              76.76242828300013,
              34.93299102700013
            ],
            [
              76.76419067300014,
              34.93312072800012
            ],
            [
              76.7993392950001,
              34.93577194200009
            ],
            [
              76.80442047100007,
              34.93432998700007
            ],
            [
              76.81105041400019,
              34.9354553230001
            ],
            [
              76.82552337700014,
              34.94165420600007
            ],
            [
              76.84815216000011,
              34.957969665000064
            ],
            [
              76.85315704400011,
              34.96387100200013
            ],
            [
              76.86315155000017,
              34.97084045300011
            ],
            [
              76.87004089300007,
              34.97243118300008
            ],
            [
              76.88350677400001,
              34.97032928400017
            ],
            [
              76.8984680180002,
              34.964260102000026
            ],
            [
              76.9014053350001,
              34.963073732000055
            ],
            [
              76.9084320070001,
              34.96168518100001
            ],
            [
              76.95034027100013,
              34.9409408570001
            ],
            [
              76.97035980200019,
              34.935581208000144
            ],
            [
              76.98874664300018,
              34.935218811000084
            ],
            [
              76.99748993000003,
              34.93915176300004
            ],
            [
              77.01013946600017,
              34.95628738400006
            ],
            [
              77.01145172200006,
              34.966709137000066
            ],
            [
              77.01130676300005,
              34.972721101000104
            ],
            [
              77.01065826500019,
              35.00000000000006
            ],
            [
              77.0102996830002,
              35.01618194500003
            ],
            [
              77.01094818100006,
              35.02759170500008
            ],
            [
              77.01378631600011,
              35.03512191800007
            ],
            [
              77.01809692400008,
              35.03846359200003
            ],
            [
              77.0269165040001,
              35.04079437300004
            ],
            [
              77.03677368100006,
              35.032363891000045
            ],
            [
              77.0683670040001,
              35.024120330000194
            ],
            [
              77.08137512100001,
              35.02633667099997
            ],
            [
              77.10980224600013,
              35.03932953000009
            ],
            [
              77.15682220400015,
              35.054698945000155
            ],
            [
              77.17558288600009,
              35.06679153400012
            ],
            [
              77.19481658900014,
              35.07918930000011
            ],
            [
              77.28079223600008,
              35.138286590000064
            ],
            [
              77.29518890300017,
              35.14562988400013
            ],
            [
              77.30075073300009,
              35.14847946200018
            ],
            [
              77.37944030800008,
              35.19789123500016
            ],
            [
              77.38440704300007,
              35.19916916000011
            ],
            [
              77.418830872,
              35.22006988500004
            ],
            [
              77.44252014200003,
              35.23443985000006
            ],
            [
              77.48542022700019,
              35.26654052700013
            ],
            [
              77.53961181600005,
              35.29777908300002
            ],
            [
              77.5850219720001,
              35.32392120300017
            ],
            [
              77.65056610100015,
              35.3670806880001
            ],
            [
              77.66091919000013,
              35.37522888200016
            ],
            [
              77.73551178100007,
              35.43384170600018
            ],
            [
              77.76036834800017,
              35.45117568900008
            ],
            [
              77.77467346100008,
              35.46015930200008
            ],
            [
              77.81465148900014,
              35.48524856600012
            ],
            [
              77.81929016200013,
              35.49328994700011
            ],
            [
              77.82392883400007,
              35.50133132900004
            ],
            [
              77.83330749220528,
              35.50120848266652
            ],
            [
              77.85131628840396,
              35.48874450093265
            ],
            [
              77.85131836,
              35.48873901400009
            ],
            [
              77.86267089900008,
              35.45859146100008
            ],
            [
              77.86529738200005,
              35.45508727500004
            ],
            [
              77.86872100000016,
              35.45052000099997
            ],
            [
              77.87468020300003,
              35.44256900800019
            ],
            [
              77.87941741900016,
              35.436248779000096
            ],
            [
              77.88477325500008,
              35.431957246000024
            ],
            [
              77.88862609800009,
              35.42887115600013
            ],
            [
              77.89161389000003,
              35.4286044640001
            ],
            [
              77.89566193100006,
              35.428243132000034
            ],
            [
              77.899566651,
              35.427894593000076
            ],
            [
              77.90124874600019,
              35.427743732000124
            ],
            [
              77.90192572100017,
              35.42768301600006
            ],
            [
              77.9029693600001,
              35.4275894160001
            ],
            [
              77.91018676800002,
              35.42935943600003
            ],
            [
              77.91563042400014,
              35.43215627600018
            ],
            [
              77.91987600000004,
              35.434338000000025
            ],
            [
              77.92047679200004,
              35.43464666800014
            ],
            [
              77.92066151500013,
              35.434741707000114
            ],
            [
              77.92092895500008,
              35.434879303000116
            ],
            [
              77.928016662,
              35.4405403130001
            ],
            [
              77.9437789930001,
              35.46295547600016
            ],
            [
              77.94458770800014,
              35.464111328
            ],
            [
              77.95120563600005,
              35.47352567100012
            ],
            [
              77.95128302300014,
              35.47363575700019
            ],
            [
              77.9518876396429,
              35.474008219178764
            ],
            [
              77.98093142806317,
              35.4552369141608
            ],
            [
              77.9829609194724,
              35.464333511089784
            ],
            [
              77.9640189996529,
              35.47848377297931
            ],
            [
              77.96393572232815,
              35.48059894730391
            ],
            [
              77.96404338400015,
              35.48062514600019
            ],
            [
              77.96495968100004,
              35.480848121000065
            ],
            [
              77.96513599600013,
              35.4808910270001
            ],
            [
              77.96600840000002,
              35.48110332000016
            ],
            [
              77.97637792300014,
              35.48363120300013
            ],
            [
              77.98555521000014,
              35.485869173000026
            ],
            [
              77.98660167000003,
              35.48612458800011
            ],
            [
              77.98836376399998,
              35.48655374300017
            ],
            [
              77.99007716900013,
              35.48697135700008
            ],
            [
              77.99063900100003,
              35.48711000000009
            ],
            [
              77.9908474290001,
              35.48713174300002
            ],
            [
              78.00236311100002,
              35.48836913400004
            ],
            [
              78.00999450800009,
              35.48918914800004
            ],
            [
              78.019981384,
              35.49026107800006
            ],
            [
              78.02866282800017,
              35.490544281000155
            ],
            [
              78.04535700000014,
              35.49108900000016
            ],
            [
              78.04888800000009,
              35.49120500100008
            ],
            [
              78.05945345500004,
              35.491551043000136
            ],
            [
              78.06016387400012,
              35.49157431100008
            ],
            [
              78.06055389600004,
              35.49158691100007
            ],
            [
              78.06151884700006,
              35.49161844299999
            ],
            [
              78.06217863800003,
              35.4916400620001
            ],
            [
              78.06375122000009,
              35.49169159000013
            ],
            [
              78.06481933900011,
              35.491725922000114
            ],
            [
              78.07935333100005,
              35.492198942000186
            ],
            [
              78.08065033000014,
              35.49194908100003
            ],
            [
              78.08194732900012,
              35.491699220000044
            ],
            [
              78.08769988900019,
              35.4905891410001
            ],
            [
              78.09099735600006,
              35.48994489400019
            ],
            [
              78.09101143599997,
              35.48994217900008
            ],
            [
              78.09110970900002,
              35.48992298200017
            ],
            [
              78.09167961400004,
              35.48981165900011
            ],
            [
              78.09269221100004,
              35.48961386200017
            ],
            [
              78.09428678800009,
              35.489302384000155
            ],
            [
              78.09429896500012,
              35.48930000600012
            ],
            [
              78.09451081800017,
              35.489194209000175
            ],
            [
              78.09878775600004,
              35.487058138000066
            ],
            [
              78.09882608800018,
              35.48703892000009
            ],
            [
              78.099105608,
              35.486898519000135
            ],
            [
              78.10398864900003,
              35.48445892200016
            ],
            [
              78.10487169100008,
              35.48329621100015
            ],
            [
              78.10571645800007,
              35.48218389700009
            ],
            [
              78.10576299000019,
              35.482122922000144
            ],
            [
              78.10582272300007,
              35.482044454000004
            ],
            [
              78.10585058600014,
              35.48200776400017
            ],
            [
              78.10703442700014,
              35.48044887300006
            ],
            [
              78.10704800000013,
              35.480431000000124
            ],
            [
              78.10812530600009,
              35.47901406200009
            ],
            [
              78.10888024600018,
              35.47802111900012
            ],
            [
              78.10983281100005,
              35.47676829500001
            ],
            [
              78.11080169700011,
              35.47266006500007
            ],
            [
              78.11073520700012,
              35.472486814000035
            ],
            [
              78.1088561750001,
              35.46759071300005
            ],
            [
              78.10769653400013,
              35.46456909200009
            ],
            [
              78.10613100000006,
              35.46322189700004
            ],
            [
              78.10572986100004,
              35.46287700200003
            ],
            [
              78.1052360000001,
              35.46245200000004
            ],
            [
              78.10510885000008,
              35.462342696000064
            ],
            [
              78.10495139000017,
              35.46220722000004
            ],
            [
              78.10449981700005,
              35.46181869500015
            ],
            [
              78.09732818600003,
              35.455638886000145
            ],
            [
              78.0972260800001,
              35.45559565200012
            ],
            [
              78.09693261200016,
              35.45547139000013
            ],
            [
              78.09649573400009,
              35.45528619400011
            ],
            [
              78.09576239300009,
              35.45497456300018
            ],
            [
              78.09504264500005,
              35.45467050900004
            ],
            [
              78.0949886680001,
              35.454647715000135
            ],
            [
              78.09497300000004,
              35.45464099999998
            ],
            [
              78.09468183500019,
              35.45451814300003
            ],
            [
              78.07964324900007,
              35.44815063100009
            ],
            [
              78.07371373900008,
              35.4471559860001
            ],
            [
              78.0754500000001,
              35.447452000000055
            ],
            [
              78.0726843860001,
              35.44699195600003
            ],
            [
              78.07183088600016,
              35.44684984500009
            ],
            [
              78.07141214900008,
              35.44628617100017
            ],
            [
              78.07019042900004,
              35.4446411130001
            ],
            [
              78.069786239,
              35.44409827800007
            ],
            [
              78.06965605200014,
              35.443923214000165
            ],
            [
              78.06934817500019,
              35.44350921000017
            ],
            [
              78.06930198200018,
              35.44344709400019
            ],
            [
              78.06914378000005,
              35.44323507300015
            ],
            [
              78.06913287300011,
              35.443220793000194
            ],
            [
              78.068878171,
              35.44287872100011
            ],
            [
              78.05094170500007,
              35.43331984400015
            ],
            [
              78.04993446600014,
              35.432783056000176
            ],
            [
              78.04968994900008,
              35.43265274600003
            ],
            [
              78.04917175900005,
              35.43237658800007
            ],
            [
              78.04854648400004,
              35.43204336000008
            ],
            [
              78.04699907100019,
              35.43121869800001
            ],
            [
              78.04217799999998,
              35.42864899900013
            ],
            [
              78.03169300000002,
              35.423061000000075
            ],
            [
              78.03076587100014,
              35.421553180000046
            ],
            [
              78.03009800000007,
              35.42046700000003
            ],
            [
              78.03001099900007,
              35.42032400000011
            ],
            [
              78.02989460000009,
              35.4201331380001
            ],
            [
              78.02988894100008,
              35.42012394800008
            ],
            [
              78.02984454700015,
              35.420051057000194
            ],
            [
              78.02983093100005,
              35.420028689000105
            ],
            [
              78.02974898500003,
              35.41998403200006
            ],
            [
              78.02972789400019,
              35.41997220500002
            ],
            [
              78.02959947,
              35.41990181500006
            ],
            [
              78.02949600700009,
              35.41984554400011
            ],
            [
              78.02845800000006,
              35.41928100100006
            ],
            [
              78.02459300000004,
              35.41716600000012
            ],
            [
              78.0238949990001,
              35.41711100100008
            ],
            [
              78.02352500000012,
              35.417079
            ],
            [
              78.02343586400019,
              35.41707215100007
            ],
            [
              78.02334645899998,
              35.41706467800009
            ],
            [
              78.02293835700016,
              35.41702982800001
            ],
            [
              78.02120209000014,
              35.41688156000004
            ],
            [
              78.02076721100013,
              35.41646957100011
            ],
            [
              78.0194931010002,
              35.41526031200016
            ],
            [
              78.01134938000007,
              35.40757102300017
            ],
            [
              78.01109471300003,
              35.407330565000166
            ],
            [
              78.0109761670002,
              35.40721863300013
            ],
            [
              78.01061696800008,
              35.406879478000064
            ],
            [
              77.99707031200006,
              35.39408874600008
            ],
            [
              77.99342834900011,
              35.386003921000054
            ],
            [
              77.99210142900012,
              35.38305793500018
            ],
            [
              77.99205523299997,
              35.38295572600015
            ],
            [
              77.9920480350001,
              35.382939747000194
            ],
            [
              77.99202587700007,
              35.3828905580001
            ],
            [
              77.99028778000002,
              35.37903214000005
            ],
            [
              77.9901423120001,
              35.37220689300011
            ],
            [
              77.99014141900011,
              35.372164981000026
            ],
            [
              77.99013726900013,
              35.37197029900011
            ],
            [
              77.99013316300011,
              35.371777620000046
            ],
            [
              77.99013041400019,
              35.37164863900012
            ],
            [
              77.99012175000018,
              35.37124212700007
            ],
            [
              77.99009458600007,
              35.369967663000125
            ],
            [
              77.99004600000012,
              35.36767399900009
            ],
            [
              77.99000300500019,
              35.36565722900019
            ],
            [
              77.98996000000012,
              35.36364000100008
            ],
            [
              77.99123265900016,
              35.35348899000013
            ],
            [
              77.99185200000016,
              35.348549000000105
            ],
            [
              77.99301993300008,
              35.34685429800004
            ],
            [
              77.99304440000003,
              35.34681879600015
            ],
            [
              77.9930690860001,
              35.3467825350001
            ],
            [
              77.9934213430001,
              35.34627138400015
            ],
            [
              77.99434662000016,
              35.34492874000006
            ],
            [
              78.00149274600005,
              35.29808697700014
            ],
            [
              78.00151062000015,
              35.297969819
            ],
            [
              78.00178393100009,
              35.296179241000175
            ],
            [
              78.00178679100014,
              35.29616215300018
            ],
            [
              78.00180131100012,
              35.296069112000055
            ],
            [
              78.00181463600006,
              35.29598167900019
            ],
            [
              78.00202200200016,
              35.29462100000012
            ],
            [
              78.00202892200019,
              35.294613500000025
            ],
            [
              78.0021889360001,
              35.294456156000024
            ],
            [
              78.00223571500015,
              35.294410157000186
            ],
            [
              78.00344626800006,
              35.29321981600003
            ],
            [
              78.0056774300001,
              35.29102607200008
            ],
            [
              78.00636300000015,
              35.290360001000124
            ],
            [
              78.00646585900006,
              35.28998588800016
            ],
            [
              78.00647495700008,
              35.28995281100015
            ],
            [
              78.0137023900001,
              35.2641868610001
            ],
            [
              78.01426191799999,
              35.26218945200009
            ],
            [
              78.01454113700011,
              35.26119269100013
            ],
            [
              78.01774597100007,
              35.24975204500015
            ],
            [
              78.02287686700004,
              35.23900271600007
            ],
            [
              78.03183746000008,
              35.220230100000094
            ],
            [
              78.04318619000009,
              35.201829910000185
            ],
            [
              78.04360962000015,
              35.20132828000004
            ],
            [
              78.05221558000005,
              35.19109725900006
            ],
            [
              78.05869221400019,
              35.18390844400005
            ],
            [
              78.06779713300011,
              35.17697246900019
            ],
            [
              78.07787323200006,
              35.17251777400014
            ],
            [
              78.0783462510002,
              35.17232895000012
            ],
            [
              78.09150065200015,
              35.162916979000045
            ],
            [
              78.11605071999998,
              35.14535141100009
            ],
            [
              78.11843872000003,
              35.142436982000106
            ],
            [
              78.11938199000014,
              35.14128360900014
            ],
            [
              78.12417603000011,
              35.13542175100008
            ],
            [
              78.1260513690001,
              35.12903362900016
            ],
            [
              78.12565127600016,
              35.12738581900004
            ],
            [
              78.12531280800005,
              35.125991821000184
            ],
            [
              78.12431335100018,
              35.12189102100018
            ],
            [
              78.12357563500007,
              35.1208433220001
            ],
            [
              78.12350764900015,
              35.12074676800006
            ],
            [
              78.12283781100014,
              35.11979546800006
            ],
            [
              78.11709594700005,
              35.111640931000125
            ],
            [
              78.11102295000018,
              35.10734176700004
            ],
            [
              78.10690281100011,
              35.10442766800003
            ],
            [
              78.09771728800007,
              35.09793091
            ],
            [
              78.09050349400007,
              35.09620114899997
            ],
            [
              78.08428192000008,
              35.09077072100007
            ],
            [
              78.0828704810001,
              35.08248901100018
            ],
            [
              78.0949478120001,
              35.05690002200009
            ],
            [
              78.10142990700007,
              35.04316101900008
            ],
            [
              78.11483001800009,
              35.014759064000145
            ],
            [
              78.1182785040001,
              35.00664901800002
            ],
            [
              78.121103839,
              35.00001214800017
            ],
            [
              78.12110901000017,
              35.00000000000006
            ],
            [
              78.12117916000011,
              34.999834859000146
            ],
            [
              78.12825224800002,
              34.9831843660001
            ],
            [
              78.13004054900011,
              34.97897459600017
            ],
            [
              78.13031006000011,
              34.978340150000065
            ],
            [
              78.13347626100018,
              34.97087097000002
            ],
            [
              78.16805729000015,
              34.91144808900009
            ],
            [
              78.16880195900006,
              34.91075628700003
            ],
            [
              78.17359924200008,
              34.90629959100005
            ],
            [
              78.17437744100005,
              34.90455246000016
            ],
            [
              78.1846466070001,
              34.88151931800007
            ],
            [
              78.18744565400017,
              34.86731588000009
            ],
            [
              78.1883392310001,
              34.862781521000045
            ],
            [
              78.18994547600005,
              34.854601168000045
            ],
            [
              78.20732116700003,
              34.7661094670001
            ],
            [
              78.2103958140001,
              34.75893402100007
            ],
            [
              78.21868896500018,
              34.739559173000146
            ],
            [
              78.2210464480001,
              34.73403167700019
            ],
            [
              78.2241116100001,
              34.72901161700014
            ],
            [
              78.23203059000014,
              34.71618918800016
            ],
            [
              78.2480316170001,
              34.695098877000135
            ],
            [
              78.25457910800014,
              34.68927794399997
            ],
            [
              78.26570129100014,
              34.679389952000065
            ],
            [
              78.27259827000012,
              34.674945831000116
            ],
            [
              78.27332305900018,
              34.674478531000034
            ],
            [
              78.2843627900001,
              34.66736221100007
            ],
            [
              78.29481814500019,
              34.66380719300008
            ],
            [
              78.30033874600014,
              34.66193008500006
            ],
            [
              78.30680084100004,
              34.66092300299999
            ],
            [
              78.31733703499998,
              34.659278869000055
            ],
            [
              78.31740318500016,
              34.65925010800004
            ],
            [
              78.31746933500011,
              34.65922134600015
            ],
            [
              78.32353973100004,
              34.65658188000009
            ],
            [
              78.32414245000007,
              34.656318813999974
            ],
            [
              78.32420043200005,
              34.6562935070001
            ],
            [
              78.36207737200016,
              34.65338365200017
            ],
            [
              78.38717651300004,
              34.65163040300013
            ],
            [
              78.39552307100018,
              34.64939117500012
            ],
            [
              78.39836120700018,
              34.64863205000012
            ],
            [
              78.39872741599999,
              34.64835357700008
            ],
            [
              78.40279294100003,
              34.64527796800007
            ],
            [
              78.4036898660001,
              34.64459943400004
            ],
            [
              78.40458679100016,
              34.643920899000136
            ],
            [
              78.40701294000007,
              34.636631010000144
            ],
            [
              78.40690062100009,
              34.62100517900018
            ],
            [
              78.41037633000019,
              34.61252513300019
            ],
            [
              78.4114356400001,
              34.611551577000114
            ],
            [
              78.41812896800019,
              34.605400086000145
            ],
            [
              78.42511749300013,
              34.60346222000004
            ],
            [
              78.43510353200008,
              34.6028804390001
            ],
            [
              78.43546295100009,
              34.60285949900015
            ],
            [
              78.43552850200007,
              34.602855598000076
            ],
            [
              78.44315338100012,
              34.602401733000136
            ],
            [
              78.4591522230001,
              34.602787019000175
            ],
            [
              78.46677043000011,
              34.60296960400012
            ],
            [
              78.48223113900008,
              34.603340150000065
            ],
            [
              78.49200600600017,
              34.605264848000104
            ],
            [
              78.51154327300014,
              34.60911178500004
            ],
            [
              78.53711700400004,
              34.61415100100004
            ],
            [
              78.54812828600019,
              34.61446429700004
            ],
            [
              78.55814839200002,
              34.61474939500016
            ],
            [
              78.55816650500003,
              34.61474990900007
            ],
            [
              78.55866180500016,
              34.61462574700005
            ],
            [
              78.56933594000004,
              34.61194992100019
            ],
            [
              78.58207703000016,
              34.60314941200005
            ],
            [
              78.61109161100018,
              34.58306121900017
            ],
            [
              78.62100982900012,
              34.57427979000005
            ],
            [
              78.62664552500013,
              34.56682503900009
            ],
            [
              78.63762664800004,
              34.552299500000004
            ],
            [
              78.64382934600008,
              34.547809600000164
            ],
            [
              78.65248870800013,
              34.53815460300001
            ],
            [
              78.66005706700008,
              34.529720307000105
            ],
            [
              78.6816281300001,
              34.515086815000075
            ],
            [
              78.68263797300006,
              34.51457151799997
            ],
            [
              78.68618774000004,
              34.51276016100013
            ],
            [
              78.6960705520001,
              34.50771849400019
            ],
            [
              78.71663666000018,
              34.50100708000014
            ],
            [
              78.73007965100004,
              34.496650700000146
            ],
            [
              78.73522777500017,
              34.49240072700013
            ],
            [
              78.73611450100003,
              34.49166870200003
            ],
            [
              78.7382659920001,
              34.48989105200019
            ],
            [
              78.74935913100006,
              34.47698974700006
            ],
            [
              78.74993446700006,
              34.47586562700013
            ],
            [
              78.75383912900014,
              34.46921528800011
            ],
            [
              78.75399656800016,
              34.46906527500005
            ],
            [
              78.75405120900012,
              34.469013211000174
            ],
            [
              78.75447083000012,
              34.46861321600005
            ],
            [
              78.76302338100015,
              34.46046066000014
            ],
            [
              78.77416360000008,
              34.45212720100011
            ],
            [
              78.78847503700018,
              34.44142151000011
            ],
            [
              78.79937744099999,
              34.433269500999984
            ],
            [
              78.82495117100018,
              34.414131164000025
            ],
            [
              78.83725738499999,
              34.40701675500014
            ],
            [
              78.83767700300007,
              34.40677261400009
            ],
            [
              78.87436969800018,
              34.39506936200007
            ],
            [
              78.87568665000009,
              34.39465332100019
            ],
            [
              78.89155578900011,
              34.389640810000174
            ],
            [
              78.8925286170001,
              34.389193429000166
            ],
            [
              78.89919544100019,
              34.386127511000154
            ],
            [
              78.91624940399998,
              34.378284816000075
            ],
            [
              78.91745974600013,
              34.377728231000106
            ],
            [
              78.92254638700012,
              34.37538909800009
            ],
            [
              78.92743702100012,
              34.37163529000003
            ],
            [
              78.9275023140001,
              34.37158517700004
            ],
            [
              78.92917633000002,
              34.37030029200008
            ],
            [
              78.93082514600002,
              34.36903580900014
            ],
            [
              78.93166495000008,
              34.36839176100017
            ],
            [
              78.93220581700012,
              34.3679770550001
            ],
            [
              78.9323950000001,
              34.367832000000135
            ],
            [
              78.934011,
              34.366592000000026
            ],
            [
              78.9348600620001,
              34.36594125199997
            ],
            [
              78.93930855600013,
              34.36253041600003
            ],
            [
              78.93989600000003,
              34.36208000000005
            ],
            [
              78.9607390000001,
              34.346100000000035
            ],
            [
              78.96077500000007,
              34.34608000000014
            ],
            [
              78.96251244000013,
              34.34512231300005
            ],
            [
              78.96363644100012,
              34.344502657000135
            ],
            [
              78.9688489990001,
              34.34162899900019
            ],
            [
              78.97512434300012,
              34.33550558900015
            ],
            [
              78.97673800000013,
              34.33393100000018
            ],
            [
              78.97674804600007,
              34.33392870300008
            ],
            [
              78.97721900000016,
              34.33382099900007
            ],
            [
              78.97723215399998,
              34.33381799100016
            ],
            [
              78.98108800000018,
              34.332936000000075
            ],
            [
              78.9814604280001,
              34.332851130000165
            ],
            [
              78.98181692200008,
              34.33222844000017
            ],
            [
              78.98380900000008,
              34.32874399999997
            ],
            [
              78.9892270000002,
              34.31926700000014
            ],
            [
              78.99005099900006,
              34.31782900000013
            ],
            [
              78.99005390600001,
              34.3178183230001
            ],
            [
              78.99056203800018,
              34.31595107300012
            ],
            [
              78.99079500000005,
              34.315094999000166
            ],
            [
              78.99203069100008,
              34.31055680500003
            ],
            [
              78.99231773800011,
              34.3095007820001
            ],
            [
              78.9923430660001,
              34.309406997999986
            ],
            [
              78.99238317700014,
              34.309259589000135
            ],
            [
              78.99239494800008,
              34.30921676100019
            ],
            [
              78.99243555499999,
              34.30906834600006
            ],
            [
              78.99294099999997,
              34.30721000000011
            ],
            [
              78.9935025320001,
              34.305146501000024
            ],
            [
              78.99421693400006,
              34.30251987600019
            ],
            [
              78.99419872300007,
              34.30221364800008
            ],
            [
              78.99416782900016,
              34.30169410400009
            ],
            [
              78.99409700000007,
              34.300503000000106
            ],
            [
              78.99394300000012,
              34.29790600000018
            ],
            [
              78.99390084900011,
              34.29718450800016
            ],
            [
              78.99386600000014,
              34.29658800000004
            ],
            [
              78.99387665500007,
              34.296762017000106
            ],
            [
              78.99383382300005,
              34.29605356600001
            ],
            [
              78.99340057300009,
              34.28874206800009
            ],
            [
              78.98817525100009,
              34.27572143600014
            ],
            [
              78.98576730200011,
              34.26972123000019
            ],
            [
              78.98569094900006,
              34.26953092400004
            ],
            [
              78.98567700000007,
              34.26949700000006
            ],
            [
              78.98499500000014,
              34.26779700000009
            ],
            [
              78.98499088500006,
              34.26778671800014
            ],
            [
              78.98498121400007,
              34.267762572000095
            ],
            [
              78.98362300000014,
              34.26437200000004
            ],
            [
              78.98357999600012,
              34.26426406700011
            ],
            [
              78.98323527600019,
              34.26340353200004
            ],
            [
              78.97500610100013,
              34.242858888000114
            ],
            [
              78.96260473400014,
              34.22635475300018
            ],
            [
              78.95619966800007,
              34.21783068500008
            ],
            [
              78.95575868700007,
              34.21742242700003
            ],
            [
              78.95531770600007,
              34.21701416900004
            ],
            [
              78.94211578200003,
              34.204792022000106
            ],
            [
              78.94065216400008,
              34.20367288100016
            ],
            [
              78.93918854600014,
              34.20255373900011
            ],
            [
              78.9353408820001,
              34.199611662000166
            ],
            [
              78.93349522800014,
              34.198199518000024
            ],
            [
              78.93286575700006,
              34.1977178140001
            ],
            [
              78.92674900000009,
              34.19303800000017
            ],
            [
              78.92008068900003,
              34.187935747000154
            ],
            [
              78.91053552300019,
              34.18063227100015
            ],
            [
              78.91042799899999,
              34.180550001000086
            ],
            [
              78.91038249400003,
              34.18051552500009
            ],
            [
              78.91036224200013,
              34.180500031000065
            ],
            [
              78.90996150000001,
              34.18023767700004
            ],
            [
              78.90847385200004,
              34.179263284000115
            ],
            [
              78.90250984500018,
              34.17535920800003
            ],
            [
              78.89435600000007,
              34.17002100000013
            ],
            [
              78.88887800100002,
              34.1664310000001
            ],
            [
              78.88599201200009,
              34.164933648000044
            ],
            [
              78.88396744300019,
              34.163882882000166
            ],
            [
              78.88374080500006,
              34.163765078000154
            ],
            [
              78.88353175600008,
              34.16365626600003
            ],
            [
              78.88212200000015,
              34.16292500000009
            ],
            [
              78.8805830550001,
              34.16212602899998
            ],
            [
              78.87904400000002,
              34.16132700000003
            ],
            [
              78.87272078100006,
              34.15804648500011
            ],
            [
              78.87114700100005,
              34.15723000100007
            ],
            [
              78.87113630800019,
              34.15722528800012
            ],
            [
              78.86704900000018,
              34.15542400000015
            ],
            [
              78.86123900000018,
              34.15286300000014
            ],
            [
              78.85883300000006,
              34.15180200100019
            ],
            [
              78.84747300000015,
              34.146792000000175
            ],
            [
              78.84221638500014,
              34.14447389400004
            ],
            [
              78.84218752400017,
              34.144461052000054
            ],
            [
              78.815315,
              34.13261000000006
            ],
            [
              78.8091760000001,
              34.12990300000007
            ],
            [
              78.80490600000013,
              34.12802100000016
            ],
            [
              78.77425900000014,
              34.11451000000011
            ],
            [
              78.77230867600008,
              34.11405634100015
            ],
            [
              78.77141331700011,
              34.11384828700017
            ],
            [
              78.77127982600018,
              34.11381726800016
            ],
            [
              78.77094300000005,
              34.113739000000066
            ],
            [
              78.76610000000005,
              34.11261699900007
            ],
            [
              78.76389300000005,
              34.11210599900005
            ],
            [
              78.76238921599997,
              34.11175789800012
            ],
            [
              78.76220529100016,
              34.11171528700004
            ],
            [
              78.76145545200018,
              34.111541565000095
            ],
            [
              78.76066589200002,
              34.11135864100004
            ],
            [
              78.75947271400008,
              34.11108292300014
            ],
            [
              78.7594600000001,
              34.111080000000186
            ],
            [
              78.7593835670001,
              34.111041089000025
            ],
            [
              78.75885533400015,
              34.110772293000025
            ],
            [
              78.75225789000018,
              34.10741526200019
            ],
            [
              78.74153153700001,
              34.101957239
            ],
            [
              78.73376200000013,
              34.09800400000006
            ],
            [
              78.73374247500004,
              34.09799383800009
            ],
            [
              78.73373100100014,
              34.097987999000054
            ],
            [
              78.72923300100013,
              34.095698999000035
            ],
            [
              78.72443400100008,
              34.09140400000018
            ],
            [
              78.71331800000002,
              34.08145900000017
            ],
            [
              78.71026007800015,
              34.077368532000094
            ],
            [
              78.70939060400013,
              34.07620540900007
            ],
            [
              78.70938343099999,
              34.07619581400007
            ],
            [
              78.70934184100014,
              34.07613998300013
            ],
            [
              78.70929500000005,
              34.07607700000017
            ],
            [
              78.70663163500006,
              34.07251451000013
            ],
            [
              78.70638299900008,
              34.07218196400016
            ],
            [
              78.70637065100016,
              34.07147584300003
            ],
            [
              78.70629800000006,
              34.067321000000106
            ],
            [
              78.7062706010002,
              34.06575618300019
            ],
            [
              78.70614624100006,
              34.05863966900006
            ],
            [
              78.7121200000002,
              34.05048000000005
            ],
            [
              78.72191100000015,
              34.04653500100005
            ],
            [
              78.73113255400017,
              34.04281918000015
            ],
            [
              78.73184999900013,
              34.042530000000056
            ],
            [
              78.73193992200004,
              34.04250987900008
            ],
            [
              78.73286003100003,
              34.04230412800018
            ],
            [
              78.73291602400013,
              34.04229180100015
            ],
            [
              78.73307400000004,
              34.04225700000018
            ],
            [
              78.73726199999999,
              34.0413200000001
            ],
            [
              78.7514111960001,
              34.03815637700012
            ],
            [
              78.75155600000016,
              34.03812400000015
            ],
            [
              78.75161742400013,
              34.038110130000064
            ],
            [
              78.75953700100018,
              34.03633900000011
            ],
            [
              78.75966078600004,
              34.03631202600019
            ],
            [
              78.75987243900005,
              34.03626632900006
            ],
            [
              78.75995592200007,
              34.03624808100011
            ],
            [
              78.75997154400017,
              34.036244623000194
            ],
            [
              78.76064300000014,
              34.03609800000004
            ],
            [
              78.76105674100012,
              34.03581836000018
            ],
            [
              78.76169200000004,
              34.03538900000018
            ],
            [
              78.76210751800011,
              34.03510854300015
            ],
            [
              78.76229492300007,
              34.03498205200009
            ],
            [
              78.76595302700008,
              34.032508928000084
            ],
            [
              78.76599742000013,
              34.032380405000026
            ],
            [
              78.7682880000001,
              34.025749001000065
            ],
            [
              78.77036192600008,
              34.01972579700015
            ],
            [
              78.77033882000012,
              34.01966334800005
            ],
            [
              78.76916708100009,
              34.016496338000024
            ],
            [
              78.76841700000011,
              34.014469001000066
            ],
            [
              78.76830973200009,
              34.01417768600004
            ],
            [
              78.76830370400018,
              34.01416131600007
            ],
            [
              78.76829000000009,
              34.01412500000009
            ],
            [
              78.76827600000018,
              34.01408600000008
            ],
            [
              78.76824052000006,
              34.01399016500006
            ],
            [
              78.76821476800006,
              34.01392052100016
            ],
            [
              78.76812000000007,
              34.01366400000012
            ],
            [
              78.76511904100016,
              34.005548406000116
            ],
            [
              78.76429071300004,
              34.00330786300009
            ],
            [
              78.76362610000018,
              34.00151062100008
            ],
            [
              78.7499320600001,
              33.992110775000185
            ],
            [
              78.7443955220001,
              33.98831039200007
            ],
            [
              78.74429951800016,
              33.988244475000045
            ],
            [
              78.74420286200018,
              33.98817796700007
            ],
            [
              78.74416900000006,
              33.98815500000018
            ],
            [
              78.74306567100012,
              33.98739771100014
            ],
            [
              78.74289700000014,
              33.98728200000005
            ],
            [
              78.72841442900005,
              33.9773314040001
            ],
            [
              78.7282410000002,
              33.97716300000019
            ],
            [
              78.7163930000001,
              33.96514300000007
            ],
            [
              78.71638499000017,
              33.96513499000014
            ],
            [
              78.71637004700005,
              33.96511982900017
            ],
            [
              78.71594037000011,
              33.96468370200006
            ],
            [
              78.71579000000014,
              33.964531001000125
            ],
            [
              78.71523615600012,
              33.96270338700009
            ],
            [
              78.71474622300019,
              33.961086114000125
            ],
            [
              78.71493601200018,
              33.955702086000144
            ],
            [
              78.71507900000006,
              33.9549090000001
            ],
            [
              78.7153360280002,
              33.95348530400008
            ],
            [
              78.71584700000005,
              33.95065499999998
            ],
            [
              78.71615600000018,
              33.94894000000005
            ],
            [
              78.71695122200009,
              33.94895386200011
            ],
            [
              78.71724600000016,
              33.94895900000017
            ],
            [
              78.71724375800017,
              33.948904736000145
            ],
            [
              78.71720118100006,
              33.94818949400013
            ],
            [
              78.7171946470001,
              33.94807972900003
            ],
            [
              78.7171909400002,
              33.94801745400008
            ],
            [
              78.71718653200021,
              33.94794229500019
            ],
            [
              78.717163991,
              33.94756532600019
            ],
            [
              78.71716000000015,
              33.947500000000105
            ],
            [
              78.71706100000011,
              33.94584300000014
            ],
            [
              78.71666000000016,
              33.93909100000013
            ],
            [
              78.71650507900006,
              33.938586421000025
            ],
            [
              78.71623200099998,
              33.93769700000007
            ],
            [
              78.71492799900011,
              33.93344900000011
            ],
            [
              78.71312790400015,
              33.927592401000034
            ],
            [
              78.71156311100003,
              33.92250061100009
            ],
            [
              78.71724700900012,
              33.89048004100016
            ],
            [
              78.72621850000019,
              33.87006694400003
            ],
            [
              78.72872270099998,
              33.865258656000094
            ],
            [
              78.72876532000011,
              33.865176815000154
            ],
            [
              78.72911125100018,
              33.864512877000095
            ],
            [
              78.72978792000015,
              33.86321342100007
            ],
            [
              78.73276558800012,
              33.857495198000095
            ],
            [
              78.73278600000003,
              33.85745600000001
            ],
            [
              78.73290034900015,
              33.857236418000184
            ],
            [
              78.74175595900017,
              33.84023093000019
            ],
            [
              78.74178300000017,
              33.84017900000015
            ],
            [
              78.74522000000013,
              33.836162000000115
            ],
            [
              78.74523205300017,
              33.836147924000045
            ],
            [
              78.74542004000017,
              33.83592814900004
            ],
            [
              78.75745674700016,
              33.82185888900017
            ],
            [
              78.76132200000018,
              33.817341
            ],
            [
              78.76167700000002,
              33.81692500000008
            ],
            [
              78.77506299900011,
              33.80125000000004
            ],
            [
              78.77751800600015,
              33.79585298900014
            ],
            [
              78.77786245600004,
              33.79509568600008
            ],
            [
              78.77794100000011,
              33.79492300000004
            ],
            [
              78.77794939900019,
              33.79490453500017
            ],
            [
              78.7804910000001,
              33.78931700000015
            ],
            [
              78.78054740400012,
              33.78919330800005
            ],
            [
              78.78224167700006,
              33.77995824100003
            ],
            [
              78.78398890900007,
              33.77043175100016
            ],
            [
              78.7839780000001,
              33.770402000000104
            ],
            [
              78.78265274000006,
              33.766740356000184
            ],
            [
              78.77995490100005,
              33.7592863270001
            ],
            [
              78.77969624100012,
              33.75857251600007
            ],
            [
              78.7796591990001,
              33.758470179000085
            ],
            [
              78.77950504000007,
              33.75804391800006
            ],
            [
              78.77529144200014,
              33.74640274000018
            ],
            [
              78.77523230100013,
              33.74624502900019
            ],
            [
              78.7752228120001,
              33.74621972400013
            ],
            [
              78.77382090300006,
              33.744518790000086
            ],
            [
              78.7623977670001,
              33.73065948200019
            ],
            [
              78.7589069710001,
              33.72762843600003
            ],
            [
              78.75823385100017,
              33.72704397000018
            ],
            [
              78.75039928200005,
              33.72024013800012
            ],
            [
              78.74529400000006,
              33.71580600000011
            ],
            [
              78.74465547000017,
              33.715251595000154
            ],
            [
              78.74413779200012,
              33.71480211900007
            ],
            [
              78.74155200000007,
              33.712557000000004
            ],
            [
              78.73732000000018,
              33.70888100000013
            ],
            [
              78.73726600000015,
              33.70883600000019
            ],
            [
              78.73724300000003,
              33.70881600000013
            ],
            [
              78.73572400000012,
              33.70749500000005
            ],
            [
              78.73631146000002,
              33.7080034490001
            ],
            [
              78.73175048900004,
              33.70404052900011
            ],
            [
              78.71689505600006,
              33.68787789800018
            ],
            [
              78.71670869299999,
              33.687675361000174
            ],
            [
              78.71659321900006,
              33.68754986500011
            ],
            [
              78.71599588900017,
              33.68689992900016
            ],
            [
              78.70955600000019,
              33.679893000000106
            ],
            [
              78.70929700000005,
              33.67961100000008
            ],
            [
              78.70864313100003,
              33.67697898900013
            ],
            [
              78.70842700000003,
              33.676109000000004
            ],
            [
              78.70807700000017,
              33.674693000000104
            ],
            [
              78.70678700200006,
              33.66947899000019
            ],
            [
              78.70773600000001,
              33.66617200000013
            ],
            [
              78.70934900000009,
              33.660555000000045
            ],
            [
              78.70935443700012,
              33.66053729999999
            ],
            [
              78.70936300000017,
              33.66050800000005
            ],
            [
              78.7100199000002,
              33.658221420000075
            ],
            [
              78.71070667400016,
              33.65583137800019
            ],
            [
              78.71908842000016,
              33.63890733599999
            ],
            [
              78.72728000000012,
              33.622776000000044
            ],
            [
              78.72976137800003,
              33.61789484600013
            ],
            [
              78.74297270300008,
              33.59620090100009
            ],
            [
              78.74320796400008,
              33.59581553400011
            ],
            [
              78.74347686800013,
              33.59537506000004
            ],
            [
              78.75118175700004,
              33.582747160000054
            ],
            [
              78.75811004900004,
              33.571392061000154
            ],
            [
              78.76402223500021,
              33.561838556000055
            ],
            [
              78.76416215500007,
              33.561632807000024
            ],
            [
              78.76417984400018,
              33.56160674100016
            ],
            [
              78.76421193000016,
              33.56155946300015
            ],
            [
              78.77068328800004,
              33.55204391300015
            ],
            [
              78.77921870900008,
              33.539487754000106
            ],
            [
              78.78588872400013,
              33.53057941500015
            ],
            [
              78.78725691600017,
              33.5291782000001
            ],
            [
              78.78729515100008,
              33.52913894500017
            ],
            [
              78.78732700000012,
              33.52910600000019
            ],
            [
              78.79115300000012,
              33.525188000000185
            ],
            [
              78.79538700000018,
              33.519070000000056
            ],
            [
              78.79961400000013,
              33.51296200000007
            ],
            [
              78.79852100000011,
              33.51454400000006
            ],
            [
              78.79543699800001,
              33.51901167200003
            ],
            [
              78.80045280899998,
              33.51174978400013
            ],
            [
              78.80387115200011,
              33.50680923300018
            ],
            [
              78.80942044699998,
              33.50012701700007
            ],
            [
              78.80944788300013,
              33.50009398100019
            ],
            [
              78.81099607100015,
              33.49822980200008
            ],
            [
              78.81859600000007,
              33.48907900100011
            ],
            [
              78.82023757500008,
              33.48710849700012
            ],
            [
              78.82073200000002,
              33.48651500100004
            ],
            [
              78.82325700100017,
              33.48349000000013
            ],
            [
              78.83392382900007,
              33.473582287000056
            ],
            [
              78.83496200100018,
              33.47261800100006
            ],
            [
              78.83620080100019,
              33.47146729400015
            ],
            [
              78.8709640530002,
              33.43939018100019
            ],
            [
              78.87152862800014,
              33.43907928200014
            ],
            [
              78.8736380000002,
              33.437915424000096
            ],
            [
              78.87371679400013,
              33.43787194700019
            ],
            [
              78.87373222000019,
              33.4378634360001
            ],
            [
              78.8737538920002,
              33.43785157500008
            ],
            [
              78.87565500000011,
              33.436811000000034
            ],
            [
              78.88418671100004,
              33.4296742730001
            ],
            [
              78.89539300000007,
              33.42031100000014
            ],
            [
              78.90867200000008,
              33.40921600000013
            ],
            [
              78.92125700000008,
              33.39870100000019
            ],
            [
              78.921266914,
              33.39869669300009
            ],
            [
              78.92808200000007,
              33.39573600000017
            ],
            [
              78.94108208500006,
              33.390087219000065
            ],
            [
              78.94110100000012,
              33.390079000000185
            ],
            [
              78.953763691,
              33.37539452500016
            ],
            [
              78.95481109600007,
              33.37417984000007
            ],
            [
              78.97067867270577,
              33.3680915120338
            ],
            [
              78.98755916704269,
              33.33320299722755
            ],
            [
              79.0087855933522,
              33.33467805456375
            ],
            [
              79.01791420300009,
              33.33138755700014
            ],
            [
              79.01954651000005,
              33.33079910200007
            ],
            [
              79.03379821800013,
              33.31357956000011
            ],
            [
              79.0365676880001,
              33.31208801300005
            ],
            [
              79.03887257600009,
              33.310845149999984
            ],
            [
              79.03924000000006,
              33.31064700000013
            ],
            [
              79.04749943200011,
              33.30619281700007
            ],
            [
              79.04765300100013,
              33.30610999900017
            ],
            [
              79.04768997400004,
              33.30609005500014
            ],
            [
              79.06111500000009,
              33.298848000000135
            ],
            [
              79.06361713100006,
              33.297498346000054
            ],
            [
              79.0665969850001,
              33.295890809000184
            ],
            [
              79.06732754400002,
              33.295025429000134
            ],
            [
              79.0679550000001,
              33.29428200000018
            ],
            [
              79.0707930000001,
              33.29092000000003
            ],
            [
              79.0731120000001,
              33.28360000000009
            ],
            [
              79.06926699900004,
              33.27310899999998
            ],
            [
              79.06789310900001,
              33.269355378000114
            ],
            [
              79.06616776800018,
              33.264641558000164
            ],
            [
              79.0661090000001,
              33.264481000000046
            ],
            [
              79.06684900000005,
              33.254623000000095
            ],
            [
              79.0669858490001,
              33.25279158700016
            ],
            [
              79.067207,
              33.24983200000014
            ],
            [
              79.07147200000014,
              33.2381630000001
            ],
            [
              79.07496600000019,
              33.22861100000006
            ],
            [
              79.092987,
              33.22045900000006
            ],
            [
              79.09618799999998,
              33.21901100000014
            ],
            [
              79.11328100000014,
              33.21128100000004
            ],
            [
              79.12773100000004,
              33.20473900000019
            ],
            [
              79.13891400000006,
              33.200955000000135
            ],
            [
              79.14144100000004,
              33.20010000000008
            ],
            [
              79.14176600000015,
              33.20005400000019
            ],
            [
              79.15696115200006,
              33.19791729100001
            ],
            [
              79.15701300000012,
              33.19790999900016
            ],
            [
              79.16476400000016,
              33.196819000000005
            ],
            [
              79.17251159500017,
              33.195731619000185
            ],
            [
              79.18049621700006,
              33.19461059499997
            ],
            [
              79.18061664700008,
              33.19452877400005
            ],
            [
              79.18547094000013,
              33.19122303000012
            ],
            [
              79.19252802000017,
              33.17594499000006
            ],
            [
              79.19557992000011,
              33.15697101000006
            ],
            [
              79.19494596100014,
              33.152363010000045
            ],
            [
              79.19366508000013,
              33.14297097000008
            ],
            [
              79.1884459800001,
              33.12939096000002
            ],
            [
              79.15538808000014,
              33.09024798000013
            ],
            [
              79.15413707900007,
              33.087249991000135
            ],
            [
              79.14980303900012,
              33.076999981000085
            ],
            [
              79.14886505900017,
              33.07480596
            ],
            [
              79.14871998000012,
              33.05258199000008
            ],
            [
              79.15122198,
              33.03402696100005
            ],
            [
              79.15466303900007,
              33.02377703900015
            ],
            [
              79.1621699390002,
              33.01469397100004
            ],
            [
              79.19716608000004,
              33.00238800100004
            ],
            [
              79.20772595900007,
              33.00252903100017
            ],
            [
              79.21414206000009,
              33.00260904100003
            ],
            [
              79.2300799800002,
              33.00016797000012
            ],
            [
              79.23136104000014,
              32.99969502100015
            ],
            [
              79.24869504100008,
              32.99347296000002
            ],
            [
              79.25749991900011,
              32.98661001099998
            ],
            [
              79.26000191900016,
              32.98466502000008
            ],
            [
              79.27005797900017,
              32.96849796100014
            ],
            [
              79.27783199900017,
              32.95000098100019
            ],
            [
              79.28022006000015,
              32.944331969000075
            ],
            [
              79.28227998100016,
              32.9354170200001
            ],
            [
              79.28355401900001,
              32.906081970000116
            ],
            [
              79.28089092000005,
              32.893138980000174
            ],
            [
              79.28055594000006,
              32.89149900100011
            ],
            [
              79.27877807900012,
              32.882888970000124
            ],
            [
              79.27008102100012,
              32.866527960000155
            ],
            [
              79.25519592000018,
              32.84825103000014
            ],
            [
              79.2497790000001,
              32.832137970000076
            ],
            [
              79.25050404100017,
              32.828166991000046
            ],
            [
              79.25155596100018,
              32.82255603100015
            ],
            [
              79.25869800000004,
              32.81644404000008
            ],
            [
              79.27672607900013,
              32.808612960000175
            ],
            [
              79.28891802000004,
              32.79316698100013
            ],
            [
              79.2901920600001,
              32.78683503000019
            ],
            [
              79.29097001999997,
              32.7828899700001
            ],
            [
              79.2910839590001,
              32.75905599100008
            ],
            [
              79.28713998000018,
              32.75258301000014
            ],
            [
              79.27349904000005,
              32.70822101900018
            ],
            [
              79.26980598000017,
              32.70175200100016
            ],
            [
              79.26458003900007,
              32.67419400100016
            ],
            [
              79.2684709190001,
              32.66760996000011
            ],
            [
              79.27138494000008,
              32.66821998100005
            ],
            [
              79.27630595900018,
              32.66930403000009
            ],
            [
              79.28461494000015,
              32.67441602900004
            ],
            [
              79.28961191900015,
              32.67255402100017
            ],
            [
              79.29058104100005,
              32.6721950110001
            ],
            [
              79.29366299900016,
              32.66741601000001
            ],
            [
              79.29203004100003,
              32.653805040000066
            ],
            [
              79.29196901900013,
              32.653446030000005
            ],
            [
              79.26405299900017,
              32.58989000899999
            ],
            [
              79.2613909800001,
              32.57197200000013
            ],
            [
              79.26127596000015,
              32.569889039000145
            ],
            [
              79.25972004000005,
              32.54172102000018
            ],
            [
              79.26144408100009,
              32.53625100100015
            ],
            [
              79.26067071288948,
              32.53296789187211
            ],
            [
              79.25767871214772,
              32.5331651089494
            ],
            [
              79.25704901900008,
              32.533576020000055
            ],
            [
              79.25597099900006,
              32.534262991000105
            ],
            [
              79.25088294000017,
              32.53412097100011
            ],
            [
              79.25062161436325,
              32.53363027601294
            ],
            [
              79.24936355883374,
              32.53371320046919
            ],
            [
              79.24368447553623,
              32.52120908001707
            ],
            [
              79.23497772200011,
              32.51898956400004
            ],
            [
              79.23309326200012,
              32.51850891100014
            ],
            [
              79.22310638400018,
              32.51596069400006
            ],
            [
              79.22088623000013,
              32.51539611800007
            ],
            [
              79.21382904100005,
              32.513599396000075
            ],
            [
              79.20693206800001,
              32.511840821000135
            ],
            [
              79.2029571540001,
              32.5108299260001
            ],
            [
              79.1833038330002,
              32.501022339000144
            ],
            [
              79.16506957900015,
              32.491920471000185
            ],
            [
              79.14885711700003,
              32.48382949900008
            ],
            [
              79.1412535875954,
              32.47718442254921
            ],
            [
              79.1357120399167,
              32.47660678641502
            ],
            [
              79.13080441748922,
              32.468052408913344
            ],
            [
              79.12894439600012,
              32.466426850000175
            ],
            [
              79.12652587800017,
              32.46430969200014
            ],
            [
              79.12172699000013,
              32.45611190800008
            ],
            [
              79.12024688600007,
              32.45357894900019
            ],
            [
              79.12007904100011,
              32.4532890320001
            ],
            [
              79.11814880300012,
              32.450000763000105
            ],
            [
              79.11978149400011,
              32.43832016100015
            ],
            [
              79.12187957800018,
              32.42324066200007
            ],
            [
              79.12133789000012,
              32.41762161400004
            ],
            [
              79.12119293300009,
              32.41613006600011
            ],
            [
              79.1118011480001,
              32.39929199200009
            ],
            [
              79.10928663046558,
              32.38420130739198
            ],
            [
              79.06751366052956,
              32.38498145331981
            ],
            [
              79.06423950200013,
              32.38522720300017
            ],
            [
              79.05970001200006,
              32.38557052700014
            ],
            [
              79.05776188272411,
              32.385163576107715
            ],
            [
              79.03220797804582,
              32.385640817125186
            ],
            [
              79.01326605822631,
              32.37704958669226
            ],
            [
              79.00323655727988,
              32.365122940658964
            ],
            [
              78.99375915400003,
              32.36429977500018
            ],
            [
              78.9825286860002,
              32.34582138200011
            ],
            [
              78.97720336800012,
              32.34276962400003
            ],
            [
              78.97642508094012,
              32.34295778107967
            ],
            [
              78.96049928158625,
              32.36593152377906
            ],
            [
              78.90232052785491,
              32.392715948069956
            ],
            [
              78.85767171685178,
              32.44022039869908
            ],
            [
              78.82587635144047,
              32.43870429921092
            ],
            [
              78.77513906620965,
              32.557970792279804
            ],
            [
              78.77513906620965,
              32.573131787161444
            ],
            [
              78.79543398030198,
              32.59789474546812
            ],
            [
              78.77018858019493,
              32.63968076561314
            ],
            [
              78.76805877800012,
              32.662979126000096
            ],
            [
              78.76521301200006,
              32.67369079600013
            ],
            [
              78.7645645140002,
              32.67609405600007
            ],
            [
              78.76392357689403,
              32.678461754155265
            ],
            [
              78.76634460343631,
              32.69745194519087
            ],
            [
              78.75520802298018,
              32.68837622905863
            ],
            [
              78.74592590300017,
              32.696079255000086
            ],
            [
              78.74214172300009,
              32.69601821900005
            ],
            [
              78.73645019400016,
              32.69593048000013
            ],
            [
              78.71703338700007,
              32.68072891300011
            ],
            [
              78.66426849400011,
              32.656490327000085
            ],
            [
              78.66089199710663,
              32.65399983299644
            ],
            [
              78.6608110501562,
              32.65399042653018
            ],
            [
              78.66076899009721,
              32.65390910339441
            ],
            [
              78.65442657500017,
              32.64923095700004
            ],
            [
              78.65162658700012,
              32.64442062400002
            ],
            [
              78.63233947800006,
              32.61106109600013
            ],
            [
              78.62567138600008,
              32.60705185000006
            ],
            [
              78.603286744,
              32.60438156200007
            ],
            [
              78.59976959200014,
              32.6052589410001
            ],
            [
              78.59968562962268,
              32.60527989994437
            ],
            [
              78.57218992528635,
              32.61760403881425
            ],
            [
              78.55018654138443,
              32.612320627303255
            ],
            [
              78.5498504630001,
              32.61231994700012
            ],
            [
              78.54950714200005,
              32.61231994700012
            ],
            [
              78.54519653200009,
              32.61230850200013
            ],
            [
              78.54492950500008,
              32.61230850200013
            ],
            [
              78.53894042900015,
              32.61042785600017
            ],
            [
              78.53704834000018,
              32.60983276300004
            ],
            [
              78.53675079400011,
              32.609741211000085
            ],
            [
              78.53108215300011,
              32.60795974800004
            ],
            [
              78.52641296400003,
              32.60649108900009
            ],
            [
              78.50885772700013,
              32.59471893300008
            ],
            [
              78.50328064000013,
              32.589561463000166
            ],
            [
              78.49591064500004,
              32.58274841400004
            ],
            [
              78.49407646436468,
              32.58105145727129
            ],
            [
              78.46372835738491,
              32.5798986908083
            ],
            [
              78.46161651600016,
              32.58034896900017
            ],
            [
              78.45272064200009,
              32.57950210700011
            ],
            [
              78.44332885700004,
              32.57207489100017
            ],
            [
              78.43788909900007,
              32.56777191200007
            ],
            [
              78.41223907400013,
              32.556060791000164
            ],
            [
              78.411453247,
              32.55430984600014
            ],
            [
              78.4043273930002,
              32.53873062100013
            ],
            [
              78.40510476713274,
              32.52707329718697
            ],
            [
              78.3993005597401,
              32.52583445678206
            ],
            [
              78.3990631100001,
              32.52637100200002
            ],
            [
              78.39791870100015,
              32.52706909200009
            ],
            [
              78.3943862910001,
              32.528530121000074
            ],
            [
              78.38243103000008,
              32.52965164100016
            ],
            [
              78.37668609600009,
              32.526050567000084
            ],
            [
              78.3563613890002,
              32.512660980000085
            ],
            [
              78.31727518460751,
              32.48141732682866
            ],
            [
              78.29482609935786,
              32.503896577201964
            ],
            [
              78.3151210134502,
              32.52562733653231
            ],
            [
              78.31309152204096,
              32.5736371536575
            ],
            [
              78.34826937313433,
              32.581217651098314
            ],
            [
              78.40509513259285,
              32.619625504798464
            ],
            [
              78.38750620704616,
              32.63428113318405
            ],
            [
              78.37938824140923,
              32.668140688419705
            ],
            [
              78.39427117841028,
              32.71564513904884
            ],
            [
              78.38750620704616,
              32.75708519172532
            ],
            [
              78.37237205471193,
              32.757330968450496
            ],
            [
              78.37277221699998,
              32.76015090900006
            ],
            [
              78.37135314900019,
              32.761829376000094
            ],
            [
              78.36428070000005,
              32.76298141500013
            ],
            [
              78.34474182200006,
              32.76343154799997
            ],
            [
              78.31394958600009,
              32.74898147600004
            ],
            [
              78.28765869200015,
              32.73783111600011
            ],
            [
              78.29461670000012,
              32.73160934500004
            ],
            [
              78.29811096200007,
              32.72483062700013
            ],
            [
              78.29856109500008,
              32.71974182100007
            ],
            [
              78.29572296200018,
              32.71281051600005
            ],
            [
              78.28486633300008,
              32.706779481000126
            ],
            [
              78.27274322500013,
              32.70293045100016
            ],
            [
              78.25911712700015,
              32.702919007000105
            ],
            [
              78.23658752400007,
              32.694671631000176
            ],
            [
              78.2332611080002,
              32.68370056200007
            ],
            [
              78.2249679570001,
              32.6755599980001
            ],
            [
              78.21293640100009,
              32.66918945400005
            ],
            [
              78.207603160616,
              32.66730607435348
            ],
            [
              78.17356168030454,
              32.674890505042896
            ],
            [
              78.17047882100007,
              32.67721176300006
            ],
            [
              78.15841674800009,
              32.67913055500003
            ],
            [
              78.15483374718372,
              32.67906308242235
            ],
            [
              78.14261424366539,
              32.68178558381318
            ],
            [
              78.14362055579451,
              32.6759863728078
            ],
            [
              78.13600158700007,
              32.67031860500009
            ],
            [
              78.13066101000004,
              32.66006088200004
            ],
            [
              78.13002945231013,
              32.658329521913686
            ],
            [
              78.11081887825408,
              32.662581656963106
            ],
            [
              78.1023959970822,
              32.6558233892497
            ],
            [
              78.09926605100009,
              32.65996933000008
            ],
            [
              78.0933761600001,
              32.66215133700007
            ],
            [
              78.08851623500004,
              32.65983200100004
            ],
            [
              78.07900237900014,
              32.65279007100003
            ],
            [
              78.07293701200001,
              32.644401550000055
            ],
            [
              78.06747623886726,
              32.62568053213591
            ],
            [
              78.06075809015967,
              32.62619526924718
            ],
            [
              78.04655165029503,
              32.644893829601195
            ],
            [
              78.03471318962129,
              32.63506745740083
            ],
            [
              78.03389740000017,
              32.635608673000036
            ],
            [
              78.03273773100005,
              32.633750916000054
            ],
            [
              78.03271892358086,
              32.633412140808595
            ],
            [
              78.01610927915654,
              32.619625504798464
            ],
            [
              77.9701074738806,
              32.646915295585416
            ],
            [
              77.970783971017,
              32.655001159522286
            ],
            [
              77.94643007410622,
              32.661570923971
            ],
            [
              77.91869369151337,
              32.690882180742165
            ],
            [
              77.93425312565081,
              32.72575246896993
            ],
            [
              77.92613516001389,
              32.77224618660696
            ],
            [
              77.90910431351912,
              32.771860652523316
            ],
            [
              77.90892791700009,
              32.772121430000084
            ],
            [
              77.9034957880001,
              32.77289962700007
            ],
            [
              77.89949798499998,
              32.77532196000004
            ],
            [
              77.89946960874121,
              32.775319285602194
            ],
            [
              77.8841923375564,
              32.78791254798465
            ],
            [
              77.88825132037486,
              32.798525244401795
            ],
            [
              77.86930940055537,
              32.82682576818085
            ],
            [
              77.83886702941686,
              32.841986763062486
            ],
            [
              77.82829146948664,
              32.837412902310255
            ],
            [
              77.82508850100004,
              32.83987045300012
            ],
            [
              77.82178169269217,
              32.83916443771369
            ],
            [
              77.78068827568552,
              32.86573898837705
            ],
            [
              77.78948273845887,
              32.89050194668373
            ],
            [
              77.81113064682401,
              32.906673674557474
            ],
            [
              77.74077494463728,
              32.96883375357219
            ],
            [
              77.71980353340854,
              32.96883375357219
            ],
            [
              77.71303856204443,
              32.98247864896567
            ],
            [
              77.68259619090594,
              32.98854304691832
            ],
            [
              77.67930544202271,
              32.978142538650175
            ],
            [
              77.67800140400004,
              32.980720520000034
            ],
            [
              77.67086029100011,
              32.986270905000026
            ],
            [
              77.66520690900006,
              32.986030579000044
            ],
            [
              77.66307830900013,
              32.97592926100003
            ],
            [
              77.65998840400005,
              32.968959809000125
            ],
            [
              77.65637207000015,
              32.965961456000116
            ],
            [
              77.65331268400013,
              32.95940017600009
            ],
            [
              77.64987945600006,
              32.95829010100016
            ],
            [
              77.64334869499999,
              32.95785141100009
            ],
            [
              77.63849640000007,
              32.95613861100014
            ],
            [
              77.63061107012771,
              32.9500943853861
            ],
            [
              77.60209303167304,
              32.94306006227341
            ],
            [
              77.60172252595575,
              32.94210670741922
            ],
            [
              77.59343719600008,
              32.94153976400008
            ],
            [
              77.58637237500005,
              32.93989944500015
            ],
            [
              77.58392334000018,
              32.943801880000024
            ],
            [
              77.58152771000005,
              32.93923187300015
            ],
            [
              77.58096313400006,
              32.93450164900014
            ],
            [
              77.579666138,
              32.931678772000055
            ],
            [
              77.56964874400018,
              32.92166137800007
            ],
            [
              77.5538482660001,
              32.91310882700003
            ],
            [
              77.54949188200004,
              32.91336059600019
            ],
            [
              77.54471588100006,
              32.911731720000034
            ],
            [
              77.53531646700003,
              32.90229034499998
            ],
            [
              77.52700042800018,
              32.892280578
            ],
            [
              77.52320099000008,
              32.889781951000145
            ],
            [
              77.51956176700014,
              32.887378694000176
            ],
            [
              77.51129150399998,
              32.88542938200016
            ],
            [
              77.50623321500007,
              32.88307189900007
            ],
            [
              77.50492002204723,
              32.88289953202432
            ],
            [
              77.5012949583478,
              32.885448281723185
            ],
            [
              77.4969342296556,
              32.881851333524175
            ],
            [
              77.49434661800007,
              32.88151168900009
            ],
            [
              77.4845504760001,
              32.88653945900006
            ],
            [
              77.47318267800007,
              32.87879180900012
            ],
            [
              77.45631373044704,
              32.86277562386894
            ],
            [
              77.4519106673898,
              32.86422288888889
            ],
            [
              77.44446919888928,
              32.87988925026658
            ],
            [
              77.42744822160498,
              32.8812046211758
            ],
            [
              77.4257202140002,
              32.883670807000044
            ],
            [
              77.42205604312004,
              32.881621325492944
            ],
            [
              77.40523236497744,
              32.88292144924291
            ],
            [
              77.4034492483148,
              32.88129982421896
            ],
            [
              77.40312194800003,
              32.88145065300006
            ],
            [
              77.39917755100004,
              32.88393020700005
            ],
            [
              77.39733123700006,
              32.88698959300001
            ],
            [
              77.39541625900006,
              32.887329101000034
            ],
            [
              77.38746643200017,
              32.88552093400011
            ],
            [
              77.37938690100003,
              32.8808288570001
            ],
            [
              77.37124633700006,
              32.86742019600007
            ],
            [
              77.36306762600003,
              32.86352920600019
            ],
            [
              77.35968017500016,
              32.859580994
            ],
            [
              77.35871887200011,
              32.85639953700013
            ],
            [
              77.35980987600016,
              32.85161972100008
            ],
            [
              77.36267089800009,
              32.84659958000009
            ],
            [
              77.36184692400013,
              32.84260940600018
            ],
            [
              77.35955047600004,
              32.838161470000045
            ],
            [
              77.35647583000019,
              32.82527160600006
            ],
            [
              77.34839630100004,
              32.821201325000175
            ],
            [
              77.34046173200016,
              32.82054138200016
            ],
            [
              77.33764789372178,
              32.81952077064379
            ],
            [
              77.32337621147171,
              32.85057799349541
            ],
            [
              77.30906687854238,
              32.849930141310246
            ],
            [
              77.3051605230001,
              32.854049682000095
            ],
            [
              77.29795837500012,
              32.8540115350001
            ],
            [
              77.2963629870658,
              32.85377051018958
            ],
            [
              77.27592015279743,
              32.872096305763726
            ],
            [
              77.2673173510105,
              32.8687509590347
            ],
            [
              77.25831604000007,
              32.87636184700017
            ],
            [
              77.25023750162046,
              32.867757944943975
            ],
            [
              77.23678457801111,
              32.88089998325869
            ],
            [
              77.24354954937522,
              32.89252341266795
            ],
            [
              77.19890073837209,
              32.90920050703775
            ],
            [
              77.18807678418952,
              32.92890980038388
            ],
            [
              77.17948494118373,
              32.92002278423348
            ],
            [
              77.17385864200003,
              32.931129456000065
            ],
            [
              77.1665802010001,
              32.92805099499998
            ],
            [
              77.1637268070001,
              32.92510986400009
            ],
            [
              77.16156768900015,
              32.92111969000018
            ],
            [
              77.16043090800014,
              32.91608047600016
            ],
            [
              77.15743255500013,
              32.91323852500011
            ],
            [
              77.157363779015,
              32.91324330759738
            ],
            [
              77.16372288727872,
              32.936995664320754
            ],
            [
              77.16101689873308,
              32.9531673921945
            ],
            [
              77.14883995027768,
              32.95619959117083
            ],
            [
              77.14951644741409,
              32.977930350501175
            ],
            [
              77.13476755308857,
              32.98107833005847
            ],
            [
              77.12750244200004,
              32.98384094400012
            ],
            [
              77.12418553815176,
              32.98333693778599
            ],
            [
              77.11636808772995,
              32.98500548144594
            ],
            [
              77.11554595442041,
              32.98354684741338
            ],
            [
              77.11238098200016,
              32.984130860000164
            ],
            [
              77.10315704400006,
              32.98720169100012
            ],
            [
              77.09712219200009,
              32.97758102500006
            ],
            [
              77.08418274000007,
              32.973670960000106
            ],
            [
              77.08412318704578,
              32.973668904760224
            ],
            [
              77.04871837408885,
              32.999155743335464
            ],
            [
              77.04050953914005,
              32.99700406598942
            ],
            [
              77.03531646800019,
              32.999679566000054
            ],
            [
              77.02442169200009,
              32.996959686000025
            ],
            [
              77.01992034900007,
              32.99174881000005
            ],
            [
              77.01123809700005,
              32.99324035700005
            ],
            [
              77.00629819514383,
              32.99182094620411
            ],
            [
              76.99256911176674,
              33.00168257581574
            ],
            [
              76.98118808055803,
              33.00113405842693
            ],
            [
              76.98082733200016,
              33.0014610290001
            ],
            [
              76.96652221700003,
              33.00720977900005
            ],
            [
              76.96370697000009,
              33.01004028400018
            ],
            [
              76.96212768600014,
              33.01393127400007
            ],
            [
              76.95677948000014,
              33.01673889300014
            ],
            [
              76.94832611100014,
              33.01848983800011
            ],
            [
              76.93604085439314,
              33.026302016565104
            ],
            [
              76.93303736376258,
              33.02846700010663
            ],
            [
              76.90530098116973,
              33.07900364971209
            ],
            [
              76.9093599639882,
              33.09416464459373
            ],
            [
              76.8850060670774,
              33.12145443538068
            ],
            [
              76.87150060205386,
              33.11824428494113
            ],
            [
              76.86869049000018,
              33.12022018400006
            ],
            [
              76.86044311600006,
              33.116378784000005
            ],
            [
              76.8584127062789,
              33.1151333876635
            ],
            [
              76.85524019307532,
              33.114379304435914
            ],
            [
              76.84441623889275,
              33.137626163254424
            ],
            [
              76.8166798562999,
              33.15986228908083
            ],
            [
              76.81735635343631,
              33.19422721081254
            ],
            [
              76.83426878184657,
              33.20483990722969
            ],
            [
              76.82547431907324,
              33.21545260364683
            ],
            [
              76.84306324461993,
              33.24678532640222
            ],
            [
              76.83088629616452,
              33.24931215888249
            ],
            [
              76.82836621623544,
              33.24625295681146
            ],
            [
              76.82834625200019,
              33.24639892700003
            ],
            [
              76.82717132700009,
              33.24674987800006
            ],
            [
              76.82354736400015,
              33.24785995500014
            ],
            [
              76.82192230300006,
              33.24835205099998
            ],
            [
              76.81727600100004,
              33.248500823000086
            ],
            [
              76.81394195500009,
              33.24744033800016
            ],
            [
              76.8104885480008,
              33.24517024640448
            ],
            [
              76.79909093075321,
              33.2558819233312
            ],
            [
              76.78554694343921,
              33.25347291816288
            ],
            [
              76.78543853900015,
              33.253589631000125
            ],
            [
              76.77826690800015,
              33.25571060100009
            ],
            [
              76.76355743400006,
              33.254329681000065
            ],
            [
              76.75997161800018,
              33.25297927800017
            ],
            [
              76.75688171300006,
              33.250541686000076
            ],
            [
              76.75534057599998,
              33.24948883200017
            ],
            [
              76.75531318042881,
              33.24907409318701
            ],
            [
              76.73752969133982,
              33.260935588291744
            ],
            [
              76.7179112743839,
              33.32865469876306
            ],
            [
              76.69626336601874,
              33.32814933226701
            ],
            [
              76.67055647483512,
              33.341794227660486
            ],
            [
              76.6319961380597,
              33.4095133381318
            ],
            [
              76.62861365237765,
              33.434781662934526
            ],
            [
              76.61576020678584,
              33.439835327895075
            ],
            [
              76.58125885282888,
              33.4261904325016
            ],
            [
              76.56908190437348,
              33.46611438568991
            ],
            [
              76.54946348741757,
              33.46459828620175
            ],
            [
              76.5088736592329,
              33.498963207933464
            ],
            [
              76.5021086878688,
              33.51614566879932
            ],
            [
              76.45881287113849,
              33.53383349616123
            ],
            [
              76.46490134536619,
              33.545456925570484
            ],
            [
              76.45001840836515,
              33.563144752932395
            ],
            [
              76.43581196850052,
              33.542424726594156
            ],
            [
              76.41484055727177,
              33.53939252761783
            ],
            [
              76.37966270617841,
              33.553037423011304
            ],
            [
              76.38101570045123,
              33.57729501482193
            ],
            [
              76.35869129494967,
              33.603574072616766
            ],
            [
              76.30795400971884,
              33.60963847056942
            ],
            [
              76.29983604408191,
              33.59852040765622
            ],
            [
              76.30998350112807,
              33.57173598336532
            ],
            [
              76.25992271303367,
              33.565166218916616
            ],
            [
              76.24571627316904,
              33.545456925570484
            ],
            [
              76.2247448619403,
              33.547478391554705
            ],
            [
              76.20512644498439,
              33.56920915088505
            ],
            [
              76.2254213590767,
              33.57729501482193
            ],
            [
              76.23150983330441,
              33.58689697824696
            ],
            [
              76.22406836480388,
              33.60054187364044
            ],
            [
              76.24030429607775,
              33.60509017210493
            ],
            [
              76.22948034189517,
              33.629853130411604
            ],
            [
              76.27074666721624,
              33.64349802580507
            ],
            [
              76.28427660994447,
              33.661185853166984
            ],
            [
              76.26601118726137,
              33.67988441352101
            ],
            [
              76.26533469012496,
              33.74659279100021
            ],
            [
              76.23895130180493,
              33.77186111580294
            ],
            [
              76.20106746216591,
              33.77539868127533
            ],
            [
              76.16994859389101,
              33.79510797462145
            ],
            [
              76.13950622275252,
              33.84867682320324
            ],
            [
              76.09756340029503,
              33.876471980486244
            ],
            [
              76.04750261220062,
              33.92903009607592
            ],
            [
              76.02247221815342,
              33.99725457304329
            ],
            [
              75.97917640142312,
              34.001802871507785
            ],
            [
              75.98052939569594,
              33.979061379185325
            ],
            [
              75.94332205319334,
              33.9871472431222
            ],
            [
              75.86417188823326,
              33.978556012689275
            ],
            [
              75.85673041973273,
              33.96945941576029
            ],
            [
              75.86214239682401,
              34.017469232885475
            ],
            [
              75.81952307723013,
              34.04526439016848
            ],
            [
              75.79990466027421,
              34.042737557688206
            ],
            [
              75.77284477481777,
              34.055371720089575
            ],
            [
              75.74781438077056,
              34.096811772766046
            ],
            [
              75.7126365296772,
              34.115004966624014
            ],
            [
              75.68692963849358,
              34.15897185178076
            ],
            [
              75.69910658694897,
              34.21506753284282
            ],
            [
              75.69166511844846,
              34.23123926071657
            ],
            [
              75.67542918717459,
              34.22820706174024
            ],
            [
              75.65513427308227,
              34.242862690125826
            ],
            [
              75.59492602794168,
              34.19839043847302
            ],
            [
              75.58004309094065,
              34.21456216634677
            ],
            [
              75.55501269689344,
              34.21152996737044
            ],
            [
              75.4968339431621,
              34.23326072670079
            ],
            [
              75.47450953766054,
              34.28076517732992
            ],
            [
              75.41362479538354,
              34.28278664331414
            ],
            [
              75.39332988129122,
              34.29491543921945
            ],
            [
              75.39738886410969,
              34.32068913051823
            ],
            [
              75.37709395001735,
              34.348484287801234
            ],
            [
              75.46706806916,
              34.38335457602901
            ],
            [
              75.38453541851787,
              34.35707551823417
            ],
            [
              75.37777044715376,
              34.38739750799744
            ],
            [
              75.36559349869837,
              34.39245117295799
            ],
            [
              75.37235847006248,
              34.406601434847516
            ],
            [
              75.31959169342242,
              34.434901958626575
            ],
            [
              75.35747553306143,
              34.529910859884836
            ],
            [
              75.30132627073932,
              34.589038739923225
            ],
            [
              75.25600096259978,
              34.60622120078908
            ],
            [
              75.23908853418952,
              34.627951960119425
            ],
            [
              75.13152548950018,
              34.64665052047345
            ],
            [
              75.07808221572371,
              34.63856465653657
            ],
            [
              75.06116978731343,
              34.62643586063126
            ],
            [
              75.02057995912878,
              34.62593049413521
            ],
            [
              74.92519386289483,
              34.66332761484325
            ],
            [
              74.86430912061785,
              34.6628222483472
            ],
            [
              74.84874968648039,
              34.67444567775645
            ],
            [
              74.83319025234293,
              34.66332761484325
            ],
            [
              74.73306867615412,
              34.671413478780124
            ],
            [
              74.6512125226484,
              34.697187170078905
            ],
            [
              74.60656371164526,
              34.72649842685007
            ],
            [
              74.59371026605345,
              34.75682041661335
            ],
            [
              74.57138586055189,
              34.76793847952655
            ],
            [
              74.3190524286706,
              34.78613167338452
            ],
            [
              74.33810348516049,
              34.79050108281444
            ],
            [
              74.34126281700014,
              34.78969192500017
            ]
          ],
          [
            [
              77.42231309267532,
              33.19686805890473
            ],
            [
              77.46308393349857,
              33.1989831430988
            ],
            [
              77.45461665593544,
              33.203829174237576
            ],
            [
              77.42231309267532,
              33.19686805890473
            ]
          ],
          [
            [
              77.4032028735682,
              33.16996961900192
            ],
            [
              77.41985248809726,
              33.19633782166376
            ],
            [
              77.41943880484207,
              33.196248676796756
            ],
            [
              77.4032028735682,
              33.16996961900192
            ]
          ]
        ]
      }
    },
    {
      "type": "Feature",
      "properties": {
        "GID_1": "IND.13_1",
        "GID_0": "IND",
        "COUNTRY": "India",
        "NAME_1": "Himachal Pradesh",
        "VARNAME_1": "NA",
        "NL_NAME_1": "NA",
        "TYPE_1": "Union Territor",
        "ENGTYPE_1": "Union Territory",
        "CC_1": "NA",
        "HASC_1": "IN.HP",
        "ISO_1": "IN-HP"
      },
      "geometry": {
        "type": "MultiPolygon",
        "coordinates": [
          [
            [
              [
                76.75534057599998,
                33.24948883200017
              ],
              [
                76.75688171300006,
                33.250541686000076
              ],
              [
                76.75997161800018,
                33.25297927800017
              ],
              [
                76.76355743400006,
                33.254329681000065
              ],
              [
                76.77826690800015,
                33.25571060100009
              ],
              [
                76.78543853900015,
                33.253589631000125
              ],
              [
                76.78554694343921,
                33.25347291816288
              ],
              [
                76.75647161115931,
                33.24830142589038
              ],
              [
                76.75531318042881,
                33.24907409318701
              ],
              [
                76.75534057599998,
                33.24948883200017
              ]
            ]
          ],
          [
            [
              [
                76.81394195500009,
                33.24744033800016
              ],
              [
                76.81727600100004,
                33.248500823000086
              ],
              [
                76.82192230300006,
                33.24835205099998
              ],
              [
                76.82354736400015,
                33.24785995500014
              ],
              [
                76.82717132700009,
                33.24674987800006
              ],
              [
                76.82834625200019,
                33.24639892700003
              ],
              [
                76.82836621623544,
                33.24625295681146
              ],
              [
                76.82006234198195,
                33.23617262998507
              ],
              [
                76.8104885480008,
                33.24517024640448
              ],
              [
                76.81394195500009,
                33.24744033800016
              ]
            ]
          ],
          [
            [
              [
                76.86044311600006,
                33.116378784000005
              ],
              [
                76.86869049000018,
                33.12022018400006
              ],
              [
                76.87150060205386,
                33.11824428494113
              ],
              [
                76.8584127062789,
                33.1151333876635
              ],
              [
                76.86044311600006,
                33.116378784000005
              ]
            ]
          ],
          [
            [
              [
                76.94832611100014,
                33.01848983800011
              ],
              [
                76.95677948000014,
                33.01673889300014
              ],
              [
                76.96212768600014,
                33.01393127400007
              ],
              [
                76.96370697000009,
                33.01004028400018
              ],
              [
                76.96652221700003,
                33.00720977900005
              ],
              [
                76.98082733200016,
                33.0014610290001
              ],
              [
                76.98118808055803,
                33.00113405842693
              ],
              [
                76.97159770053801,
                33.00067184282363
              ],
              [
                76.93604085439314,
                33.026302016565104
              ],
              [
                76.94832611100014,
                33.01848983800011
              ]
            ]
          ],
          [
            [
              [
                77.01123809700005,
                32.99324035700005
              ],
              [
                77.01992034900007,
                32.99174881000005
              ],
              [
                77.02442169200009,
                32.996959686000025
              ],
              [
                77.03531646800019,
                32.999679566000054
              ],
              [
                77.04050953914005,
                32.99700406598942
              ],
              [
                77.01015803731343,
                32.98904841341437
              ],
              [
                77.00629819514383,
                32.99182094620411
              ],
              [
                77.01123809700005,
                32.99324035700005
              ]
            ]
          ],
          [
            [
              [
                77.08418274000007,
                32.973670960000106
              ],
              [
                77.09712219200009,
                32.97758102500006
              ],
              [
                77.10315704400006,
                32.98720169100012
              ],
              [
                77.11238098200016,
                32.984130860000164
              ],
              [
                77.11554595442041,
                32.98354684741338
              ],
              [
                77.11095611063867,
                32.975403518020904
              ],
              [
                77.08592571659146,
                32.972371319044576
              ],
              [
                77.08412318704578,
                32.973668904760224
              ],
              [
                77.08418274000007,
                32.973670960000106
              ]
            ]
          ],
          [
            [
              [
                77.12750244200004,
                32.98384094400012
              ],
              [
                77.13476755308857,
                32.98107833005847
              ],
              [
                77.12418553815176,
                32.98333693778599
              ],
              [
                77.12750244200004,
                32.98384094400012
              ]
            ]
          ],
          [
            [
              [
                77.15743255500013,
                32.91323852500011
              ],
              [
                77.16043090800014,
                32.91608047600016
              ],
              [
                77.16156768900015,
                32.92111969000018
              ],
              [
                77.1637268070001,
                32.92510986400009
              ],
              [
                77.1665802010001,
                32.92805099499998
              ],
              [
                77.17385864200003,
                32.931129456000065
              ],
              [
                77.17948494118373,
                32.92002278423348
              ],
              [
                77.17048785864283,
                32.91071660652592
              ],
              [
                77.15695791591462,
                32.91172733951802
              ],
              [
                77.157363779015,
                32.91324330759738
              ],
              [
                77.15743255500013,
                32.91323852500011
              ]
            ]
          ],
          [
            [
              [
                77.25831604000007,
                32.87636184700017
              ],
              [
                77.2673173510105,
                32.8687509590347
              ],
              [
                77.25437350355779,
                32.86371752239283
              ],
              [
                77.25023750162046,
                32.867757944943975
              ],
              [
                77.25831604000007,
                32.87636184700017
              ]
            ]
          ],
          [
            [
              [
                77.29795837500012,
                32.8540115350001
              ],
              [
                77.3051605230001,
                32.854049682000095
              ],
              [
                77.30906687854238,
                32.849930141310246
              ],
              [
                77.30105180597015,
                32.849567260503306
              ],
              [
                77.2963629870658,
                32.85377051018958
              ],
              [
                77.29795837500012,
                32.8540115350001
              ]
            ]
          ],
          [
            [
              [
                77.34046173200016,
                32.82054138200016
              ],
              [
                77.34839630100004,
                32.821201325000175
              ],
              [
                77.35647583000019,
                32.82527160600006
              ],
              [
                77.35955047600004,
                32.838161470000045
              ],
              [
                77.36184692400013,
                32.84260940600018
              ],
              [
                77.36267089800009,
                32.84659958000009
              ],
              [
                77.35980987600016,
                32.85161972100008
              ],
              [
                77.35871887200011,
                32.85639953700013
              ],
              [
                77.35968017500016,
                32.859580994
              ],
              [
                77.36306762600003,
                32.86352920600019
              ],
              [
                77.37124633700006,
                32.86742019600007
              ],
              [
                77.37938690100003,
                32.8808288570001
              ],
              [
                77.38746643200017,
                32.88552093400011
              ],
              [
                77.39541625900006,
                32.887329101000034
              ],
              [
                77.39733123700006,
                32.88698959300001
              ],
              [
                77.39917755100004,
                32.88393020700005
              ],
              [
                77.40312194800003,
                32.88145065300006
              ],
              [
                77.4034492483148,
                32.88129982421896
              ],
              [
                77.37411349670253,
                32.854620925463855
              ],
              [
                77.37276050242971,
                32.82328820270847
              ],
              [
                77.33893564560917,
                32.816718438259755
              ],
              [
                77.33764789372178,
                32.81952077064379
              ],
              [
                77.34046173200016,
                32.82054138200016
              ]
            ]
          ],
          [
            [
              [
                77.4257202140002,
                32.883670807000044
              ],
              [
                77.42744822160498,
                32.8812046211758
              ],
              [
                77.42205604312004,
                32.881621325492944
              ],
              [
                77.4257202140002,
                32.883670807000044
              ]
            ]
          ],
          [
            [
              [
                77.47318267800007,
                32.87879180900012
              ],
              [
                77.4845504760001,
                32.88653945900006
              ],
              [
                77.49434661800007,
                32.88151168900009
              ],
              [
                77.4969342296556,
                32.881851333524175
              ],
              [
                77.46882309580006,
                32.85866385743229
              ],
              [
                77.45631373044704,
                32.86277562386894
              ],
              [
                77.47318267800007,
                32.87879180900012
              ]
            ]
          ],
          [
            [
              [
                77.50623321500007,
                32.88307189900007
              ],
              [
                77.51129150399998,
                32.88542938200016
              ],
              [
                77.51956176700014,
                32.887378694000176
              ],
              [
                77.52320099000008,
                32.889781951000145
              ],
              [
                77.52700042800018,
                32.892280578
              ],
              [
                77.53531646700003,
                32.90229034499998
              ],
              [
                77.54471588100006,
                32.911731720000034
              ],
              [
                77.54949188200004,
                32.91336059600019
              ],
              [
                77.5538482660001,
                32.91310882700003
              ],
              [
                77.56964874400018,
                32.92166137800007
              ],
              [
                77.579666138,
                32.931678772000055
              ],
              [
                77.58096313400006,
                32.93450164900014
              ],
              [
                77.58152771000005,
                32.93923187300015
              ],
              [
                77.58392334000018,
                32.943801880000024
              ],
              [
                77.58637237500005,
                32.93989944500015
              ],
              [
                77.59343719600008,
                32.94153976400008
              ],
              [
                77.60172252595575,
                32.94210670741922
              ],
              [
                77.59600455744533,
                32.92739370089571
              ],
              [
                77.5391787979868,
                32.88696438121135
              ],
              [
                77.51279540966678,
                32.87736241778631
              ],
              [
                77.50492002204723,
                32.88289953202432
              ],
              [
                77.50623321500007,
                32.88307189900007
              ]
            ]
          ],
          [
            [
              [
                77.63849640000007,
                32.95613861100014
              ],
              [
                77.64334869499999,
                32.95785141100009
              ],
              [
                77.64987945600006,
                32.95829010100016
              ],
              [
                77.65331268400013,
                32.95940017600009
              ],
              [
                77.65637207000015,
                32.965961456000116
              ],
              [
                77.65998840400005,
                32.968959809000125
              ],
              [
                77.66307830900013,
                32.97592926100003
              ],
              [
                77.66520690900006,
                32.986030579000044
              ],
              [
                77.67086029100011,
                32.986270905000026
              ],
              [
                77.67800140400004,
                32.980720520000034
              ],
              [
                77.67930544202271,
                32.978142538650175
              ],
              [
                77.67380172813259,
                32.96074788963532
              ],
              [
                77.63061107012771,
                32.9500943853861
              ],
              [
                77.63849640000007,
                32.95613861100014
              ]
            ]
          ],
          [
            [
              [
                77.82508850100004,
                32.83987045300012
              ],
              [
                77.82829146948664,
                32.837412902310255
              ],
              [
                77.82601358382506,
                32.83642773160589
              ],
              [
                77.82178169269217,
                32.83916443771369
              ],
              [
                77.82508850100004,
                32.83987045300012
              ]
            ]
          ],
          [
            [
              [
                77.89949798499998,
                32.77532196000004
              ],
              [
                77.9034957880001,
                32.77289962700007
              ],
              [
                77.90892791700009,
                32.772121430000084
              ],
              [
                77.90910431351912,
                32.771860652523316
              ],
              [
                77.90381075451232,
                32.7717408201109
              ],
              [
                77.89946960874121,
                32.775319285602194
              ],
              [
                77.89949798499998,
                32.77532196000004
              ]
            ]
          ],
          [
            [
              [
                78.03273773100005,
                32.633750916000054
              ],
              [
                78.03389740000017,
                32.635608673000036
              ],
              [
                78.03471318962129,
                32.63506745740083
              ],
              [
                78.03271892358086,
                32.633412140808595
              ],
              [
                78.03273773100005,
                32.633750916000054
              ]
            ]
          ],
          [
            [
              [
                78.07293701200001,
                32.644401550000055
              ],
              [
                78.07900237900014,
                32.65279007100003
              ],
              [
                78.08851623500004,
                32.65983200100004
              ],
              [
                78.0933761600001,
                32.66215133700007
              ],
              [
                78.09926605100009,
                32.65996933000008
              ],
              [
                78.1023959970822,
                32.6558233892497
              ],
              [
                78.09255345557098,
                32.64792602857752
              ],
              [
                78.09864192979867,
                32.63023820121561
              ],
              [
                78.0871414784797,
                32.624173803262956
              ],
              [
                78.06747623886726,
                32.62568053213591
              ],
              [
                78.07293701200001,
                32.644401550000055
              ]
            ]
          ],
          [
            [
              [
                78.13066101000004,
                32.66006088200004
              ],
              [
                78.13600158700007,
                32.67031860500009
              ],
              [
                78.14362055579451,
                32.6759863728078
              ],
              [
                78.14734972362027,
                32.654495793026236
              ],
              [
                78.13002945231013,
                32.658329521913686
              ],
              [
                78.13066101000004,
                32.66006088200004
              ]
            ]
          ],
          [
            [
              [
                78.15841674800009,
                32.67913055500003
              ],
              [
                78.17047882100007,
                32.67721176300006
              ],
              [
                78.17356168030454,
                32.674890505042896
              ],
              [
                78.15483374718372,
                32.67906308242235
              ],
              [
                78.15841674800009,
                32.67913055500003
              ]
            ]
          ],
          [
            [
              [
                78.21293640100009,
                32.66918945400005
              ],
              [
                78.2249679570001,
                32.6755599980001
              ],
              [
                78.2332611080002,
                32.68370056200007
              ],
              [
                78.23658752400007,
                32.694671631000176
              ],
              [
                78.25911712700015,
                32.702919007000105
              ],
              [
                78.27274322500013,
                32.70293045100016
              ],
              [
                78.28486633300008,
                32.706779481000126
              ],
              [
                78.29572296200018,
                32.71281051600005
              ],
              [
                78.29856109500008,
                32.71974182100007
              ],
              [
                78.29811096200007,
                32.72483062700013
              ],
              [
                78.29461670000012,
                32.73160934500004
              ],
              [
                78.28765869200015,
                32.73783111600011
              ],
              [
                78.31394958600009,
                32.74898147600004
              ],
              [
                78.34474182200006,
                32.76343154799997
              ],
              [
                78.36428070000005,
                32.76298141500013
              ],
              [
                78.37135314900019,
                32.761829376000094
              ],
              [
                78.37277221699998,
                32.76015090900006
              ],
              [
                78.37237205471193,
                32.757330968450496
              ],
              [
                78.35638733877126,
                32.757590558221374
              ],
              [
                78.30429705926761,
                32.73434369940286
              ],
              [
                78.31241502490454,
                32.70907537460013
              ],
              [
                78.25288327690038,
                32.690882180742165
              ],
              [
                78.24611830553627,
                32.67167825389209
              ],
              [
                78.21973491721624,
                32.66460312294733
              ],
              [
                78.207603160616,
                32.66730607435348
              ],
              [
                78.21293640100009,
                32.66918945400005
              ]
            ]
          ],
          [
            [
              [
                78.3563613890002,
                32.512660980000085
              ],
              [
                78.37668609600009,
                32.526050567000084
              ],
              [
                78.38243103000008,
                32.52965164100016
              ],
              [
                78.3943862910001,
                32.528530121000074
              ],
              [
                78.39791870100015,
                32.52706909200009
              ],
              [
                78.3990631100001,
                32.52637100200002
              ],
              [
                78.3993005597401,
                32.52583445678206
              ],
              [
                78.39833016122874,
                32.52562733653231
              ],
              [
                78.32662146476918,
                32.47205848795053
              ],
              [
                78.31727518460751,
                32.48141732682866
              ],
              [
                78.3563613890002,
                32.512660980000085
              ]
            ]
          ]
        ]
      }
    },
    {
      "type": "Feature",
      "properties": {
        "GID_1": "Z01.14_1",
        "GID_0": "Z01",
        "COUNTRY": "India",
        "NAME_1": "Jammu and Kashmir",
        "VARNAME_1": "NA",
        "NL_NAME_1": "NA",
        "TYPE_1": "State",
        "ENGTYPE_1": "State",
        "CC_1": "NA",
        "HASC_1": "IN.JK",
        "ISO_1": "NA"
      },
      "geometry": {
        "type": "Polygon",
        "coordinates": [
          [
            [
              74.34126281700014,
              34.78969192500017
            ],
            [
              74.3462142940001,
              34.790409088000104
            ],
            [
              74.35194613847217,
              34.79367593140866
            ],
            [
              74.38765936949629,
              34.80186685396944
            ],
            [
              74.47396850500007,
              34.79063415600007
            ],
            [
              74.4771347040001,
              34.789649963000045
            ],
            [
              74.48536682200017,
              34.787090303000184
            ],
            [
              74.50657653800005,
              34.775531769000054
            ],
            [
              74.51470184400017,
              34.77480316200007
            ],
            [
              74.53810119500008,
              34.7761840820001
            ],
            [
              74.54406738199998,
              34.776538849000076
            ],
            [
              74.56149291899999,
              34.77444076500001
            ],
            [
              74.56529235900013,
              34.77186965999999
            ],
            [
              74.57715606800002,
              34.769489288000045
            ],
            [
              74.58017730699999,
              34.77009963900019
            ],
            [
              74.61242675800014,
              34.746372222000105
            ],
            [
              74.61815643400014,
              34.742149354000105
            ],
            [
              74.63154602100013,
              34.73799896200012
            ],
            [
              74.63883209300013,
              34.73353958100017
            ],
            [
              74.64798736699998,
              34.72261810400005
            ],
            [
              74.65805816600005,
              34.71060180600006
            ],
            [
              74.67130279500003,
              34.70069885200013
            ],
            [
              74.7030029300002,
              34.69308090300012
            ],
            [
              74.72807312000009,
              34.688583374000075
            ],
            [
              74.73931884699999,
              34.68722152800018
            ],
            [
              74.76312255900007,
              34.684337616000164
            ],
            [
              74.76640319800003,
              34.68519210800014
            ],
            [
              74.77214050200007,
              34.68270874100011
            ],
            [
              74.78659057700008,
              34.68273162800011
            ],
            [
              74.83560180600017,
              34.67755127000015
            ],
            [
              74.85389709500004,
              34.67819976800013
            ],
            [
              74.88981628400006,
              34.683872223000094
            ],
            [
              74.89375305100009,
              34.68449020500009
            ],
            [
              74.91050720300007,
              34.683208465000064
            ],
            [
              74.927810669,
              34.67831039500015
            ],
            [
              74.94671630800008,
              34.66635131800018
            ],
            [
              74.99780273400017,
              34.65108108500016
            ],
            [
              75.00000000000006,
              34.649456024000074
            ],
            [
              75.00364685,
              34.64675903400001
            ],
            [
              75.01874542300004,
              34.641498566000166
            ],
            [
              75.02990722600016,
              34.641471864000096
            ],
            [
              75.04180145300006,
              34.64141845700004
            ],
            [
              75.05079651000011,
              34.643920899000136
            ],
            [
              75.05449676600006,
              34.64662170500014
            ],
            [
              75.0847244270001,
              34.655380249000075
            ],
            [
              75.10555267299998,
              34.65565872200011
            ],
            [
              75.11119842500011,
              34.657989503000124
            ],
            [
              75.14229583700006,
              34.66241073600008
            ],
            [
              75.16467285100009,
              34.66044998100011
            ],
            [
              75.1772766110002,
              34.65745925900012
            ],
            [
              75.1784973140002,
              34.657176972000116
            ],
            [
              75.20671844400005,
              34.646289825
            ],
            [
              75.23575592000009,
              34.64829254100016
            ],
            [
              75.24971008300008,
              34.64731216500007
            ],
            [
              75.2596359260001,
              34.644081116000166
            ],
            [
              75.266059875,
              34.63954925600018
            ],
            [
              75.26693725600006,
              34.63454055700009
            ],
            [
              75.25807952800011,
              34.61759948800017
            ],
            [
              75.26185608000009,
              34.61088180600019
            ],
            [
              75.2791519160001,
              34.60174942000003
            ],
            [
              75.33519744900008,
              34.572132110000155
            ],
            [
              75.35054779100011,
              34.56224060100004
            ],
            [
              75.37782287600004,
              34.5524215690001
            ],
            [
              75.39497375500008,
              34.54880905200008
            ],
            [
              75.41396331800019,
              34.54734039300013
            ],
            [
              75.46463775699999,
              34.54338836800008
            ],
            [
              75.47850799500014,
              34.53934860200013
            ],
            [
              75.50609588700013,
              34.537330627000074
            ],
            [
              75.51687622000009,
              34.53779220600018
            ],
            [
              75.52120208800011,
              34.539588928000114
            ],
            [
              75.55179595900006,
              34.538139344000115
            ],
            [
              75.56463623000008,
              34.53874969600014
            ],
            [
              75.57888793800015,
              34.53944015600007
            ],
            [
              75.59188842700013,
              34.540069580000136
            ],
            [
              75.61556243900014,
              34.538539886000024
            ],
            [
              75.64414978100007,
              34.53353881900006
            ],
            [
              75.69230651800012,
              34.52153015100015
            ],
            [
              75.7138366690001,
              34.51840210000006
            ],
            [
              75.7292327880001,
              34.51615905700015
            ],
            [
              75.74920654400017,
              34.51583099400011
            ],
            [
              75.76877593900015,
              34.52214050300017
            ],
            [
              75.79302978500016,
              34.53392028900015
            ],
            [
              75.8104782100001,
              34.548171997
            ],
            [
              75.82064819400011,
              34.55891037000009
            ],
            [
              75.84107971200007,
              34.57310104300012
            ],
            [
              75.84327697700007,
              34.574630737000064
            ],
            [
              75.88146209700005,
              34.59074020400004
            ],
            [
              75.91192626900005,
              34.60113143899997
            ],
            [
              75.9186477660001,
              34.60483932500018
            ],
            [
              75.93221283000014,
              34.62443161100015
            ],
            [
              75.94625091500001,
              34.631179810000106
            ],
            [
              75.96720886200012,
              34.633602143000076
            ],
            [
              75.96821594200014,
              34.63333892800006
            ],
            [
              75.98327636700003,
              34.629409791000114
            ],
            [
              75.9918518070001,
              34.62997055000006
            ],
            [
              76.00038909900019,
              34.635810852000134
            ],
            [
              76.01436615000019,
              34.65357208400013
            ],
            [
              76.02542877300004,
              34.664100647000055
            ],
            [
              76.03646087700014,
              34.67026901300005
            ],
            [
              76.05502319400006,
              34.67602920600012
            ],
            [
              76.07444000200007,
              34.67631149400006
            ],
            [
              76.08582306000011,
              34.67145919900014
            ],
            [
              76.09295654200002,
              34.66656112700002
            ],
            [
              76.12193298300008,
              34.64665222200006
            ],
            [
              76.1307525630001,
              34.6435203550002
            ],
            [
              76.13909149100016,
              34.64247894400012
            ],
            [
              76.1579132080002,
              34.64340973000003
            ],
            [
              76.19278717000003,
              34.65526962300015
            ],
            [
              76.1978530880001,
              34.65913009700017
            ],
            [
              76.22737884600008,
              34.672142029000156
            ],
            [
              76.23429870500019,
              34.67309951900012
            ],
            [
              76.26004791200006,
              34.684371949000024
            ],
            [
              76.27511596800014,
              34.693641664000104
            ],
            [
              76.28330230700004,
              34.70151901300005
            ],
            [
              76.28994750999999,
              34.71232223400011
            ],
            [
              76.30150604200014,
              34.724441529000046
            ],
            [
              76.31613922000014,
              34.73163223400019
            ],
            [
              76.32872009200014,
              34.733055116000116
            ],
            [
              76.33988952600009,
              34.73431778000014
            ],
            [
              76.3507385260001,
              34.734703063000154
            ],
            [
              76.38593292300004,
              34.73595047100014
            ],
            [
              76.40953826900005,
              34.752166749000025
            ],
            [
              76.42761993400018,
              34.76243972800012
            ],
            [
              76.43695831200013,
              34.76438140900012
            ],
            [
              76.469200135,
              34.79166793800016
            ],
            [
              76.47177124000001,
              34.79302215600012
            ],
            [
              76.47434234600013,
              34.79437255900018
            ],
            [
              76.47732543900014,
              34.79398727400019
            ],
            [
              76.48973846500007,
              34.79238128600019
            ],
            [
              76.51409149100016,
              34.783802033000086
            ],
            [
              76.5453186040001,
              34.76559066800007
            ],
            [
              76.5618133550002,
              34.758338928000114
            ],
            [
              76.57097625699998,
              34.75842285200014
            ],
            [
              76.58001709000013,
              34.755516053000065
            ],
            [
              76.61804199200004,
              34.75606918400007
            ],
            [
              76.65249633700017,
              34.756561280000085
            ],
            [
              76.67163848900003,
              34.757419587000186
            ],
            [
              76.68181610100015,
              34.75959014900019
            ],
            [
              76.687194825,
              34.763210296000125
            ],
            [
              76.69670105000012,
              34.77912902900016
            ],
            [
              76.70619201800002,
              34.80125045900013
            ],
            [
              76.7272872920002,
              34.82089996400015
            ],
            [
              76.73784637400007,
              34.83074188300009
            ],
            [
              76.74324035600017,
              34.840099334000115
            ],
            [
              76.74468994200004,
              34.844730376000086
            ],
            [
              76.74343872100013,
              34.86489105300012
            ],
            [
              76.73886108400018,
              34.901927949000026
            ],
            [
              76.74337005500013,
              34.91814041100008
            ],
            [
              76.74936676099998,
              34.92660140999999
            ],
            [
              76.76242828300013,
              34.93299102700013
            ],
            [
              76.76419067300014,
              34.93312072800012
            ],
            [
              76.7993392950001,
              34.93577194200009
            ],
            [
              76.80442047100007,
              34.93432998700007
            ],
            [
              76.81105041400019,
              34.9354553230001
            ],
            [
              76.82552337700014,
              34.94165420600007
            ],
            [
              76.84815216000011,
              34.957969665000064
            ],
            [
              76.85315704400011,
              34.96387100200013
            ],
            [
              76.86315155000017,
              34.97084045300011
            ],
            [
              76.87004089300007,
              34.97243118300008
            ],
            [
              76.88350677400001,
              34.97032928400017
            ],
            [
              76.8984680180002,
              34.964260102000026
            ],
            [
              76.9014053350001,
              34.963073732000055
            ],
            [
              76.9084320070001,
              34.96168518100001
            ],
            [
              76.95034027100013,
              34.9409408570001
            ],
            [
              76.97035980200019,
              34.935581208000144
            ],
            [
              76.98874664300018,
              34.935218811000084
            ],
            [
              76.99748993000003,
              34.93915176300004
            ],
            [
              77.01013946600017,
              34.95628738400006
            ],
            [
              77.01145172200006,
              34.966709137000066
            ],
            [
              77.01130676300005,
              34.972721101000104
            ],
            [
              77.01065826500019,
              35.00000000000006
            ],
            [
              77.0102996830002,
              35.01618194500003
            ],
            [
              77.01094818100006,
              35.02759170500008
            ],
            [
              77.01378631600011,
              35.03512191800007
            ],
            [
              77.01809692400008,
              35.03846359200003
            ],
            [
              77.0269165040001,
              35.04079437300004
            ],
            [
              77.03677368100006,
              35.032363891000045
            ],
            [
              77.0683670040001,
              35.024120330000194
            ],
            [
              77.08137512100001,
              35.02633667099997
            ],
            [
              77.10980224600013,
              35.03932953000009
            ],
            [
              77.15682220400015,
              35.054698945000155
            ],
            [
              77.17558288600009,
              35.06679153400012
            ],
            [
              77.19481658900014,
              35.07918930000011
            ],
            [
              77.28079223600008,
              35.138286590000064
            ],
            [
              77.29518890300017,
              35.14562988400013
            ],
            [
              77.30075073300009,
              35.14847946200018
            ],
            [
              77.37944030800008,
              35.19789123500016
            ],
            [
              77.38440704300007,
              35.19916916000011
            ],
            [
              77.418830872,
              35.22006988500004
            ],
            [
              77.44252014200003,
              35.23443985000006
            ],
            [
              77.48542022700019,
              35.26654052700013
            ],
            [
              77.53961181600005,
              35.29777908300002
            ],
            [
              77.5850219720001,
              35.32392120300017
            ],
            [
              77.65056610100015,
              35.3670806880001
            ],
            [
              77.66091919000013,
              35.37522888200016
            ],
            [
              77.73551178100007,
              35.43384170600018
            ],
            [
              77.76036834800017,
              35.45117568900008
            ],
            [
              77.77467346100008,
              35.46015930200008
            ],
            [
              77.81465148900014,
              35.48524856600012
            ],
            [
              77.81929016200013,
              35.49328994700011
            ],
            [
              77.82392883400007,
              35.50133132900004
            ],
            [
              77.83330749220528,
              35.50120848266652
            ],
            [
              77.85131628840396,
              35.48874450093265
            ],
            [
              77.85131836,
              35.48873901400009
            ],
            [
              77.86267089900008,
              35.45859146100008
            ],
            [
              77.86529738200005,
              35.45508727500004
            ],
            [
              77.86872100000016,
              35.45052000099997
            ],
            [
              77.87468020300003,
              35.44256900800019
            ],
            [
              77.87941741900016,
              35.436248779000096
            ],
            [
              77.88477325500008,
              35.431957246000024
            ],
            [
              77.88862609800009,
              35.42887115600013
            ],
            [
              77.89161389000003,
              35.4286044640001
            ],
            [
              77.89566193100006,
              35.428243132000034
            ],
            [
              77.899566651,
              35.427894593000076
            ],
            [
              77.90124874600019,
              35.427743732000124
            ],
            [
              77.90192572100017,
              35.42768301600006
            ],
            [
              77.9029693600001,
              35.4275894160001
            ],
            [
              77.91018676800002,
              35.42935943600003
            ],
            [
              77.91563042400014,
              35.43215627600018
            ],
            [
              77.91987600000004,
              35.434338000000025
            ],
            [
              77.92047679200004,
              35.43464666800014
            ],
            [
              77.92066151500013,
              35.434741707000114
            ],
            [
              77.92092895500008,
              35.434879303000116
            ],
            [
              77.928016662,
              35.4405403130001
            ],
            [
              77.9437789930001,
              35.46295547600016
            ],
            [
              77.94458770800014,
              35.464111328
            ],
            [
              77.95120563600005,
              35.47352567100012
            ],
            [
              77.95128302300014,
              35.47363575700019
            ],
            [
              77.9518876396429,
              35.474008219178764
            ],
            [
              77.98093142806317,
              35.4552369141608
            ],
            [
              77.9829609194724,
              35.464333511089784
            ],
            [
              77.9640189996529,
              35.47848377297931
            ],
            [
              77.96393572232815,
              35.48059894730391
            ],
            [
              77.96404338400015,
              35.48062514600019
            ],
            [
              77.96495968100004,
              35.480848121000065
            ],
            [
              77.96513599600013,
              35.4808910270001
            ],
            [
              77.96600840000002,
              35.48110332000016
            ],
            [
              77.97637792300014,
              35.48363120300013
            ],
            [
              77.98555521000014,
              35.485869173000026
            ],
            [
              77.98660167000003,
              35.48612458800011
            ],
            [
              77.98836376399998,
              35.48655374300017
            ],
            [
              77.99007716900013,
              35.48697135700008
            ],
            [
              77.99063900100003,
              35.48711000000009
            ],
            [
              77.9908474290001,
              35.48713174300002
            ],
            [
              78.00236311100002,
              35.48836913400004
            ],
            [
              78.00999450800009,
              35.48918914800004
            ],
            [
              78.019981384,
              35.49026107800006
            ],
            [
              78.02866282800017,
              35.490544281000155
            ],
            [
              78.04535700000014,
              35.49108900000016
            ],
            [
              78.04888800000009,
              35.49120500100008
            ],
            [
              78.05945345500004,
              35.491551043000136
            ],
            [
              78.06016387400012,
              35.49157431100008
            ],
            [
              78.06055389600004,
              35.49158691100007
            ],
            [
              78.06151884700006,
              35.49161844299999
            ],
            [
              78.06217863800003,
              35.4916400620001
            ],
            [
              78.06375122000009,
              35.49169159000013
            ],
            [
              78.06481933900011,
              35.491725922000114
            ],
            [
              78.07935333100005,
              35.492198942000186
            ],
            [
              78.08065033000014,
              35.49194908100003
            ],
            [
              78.08194732900012,
              35.491699220000044
            ],
            [
              78.08769988900019,
              35.4905891410001
            ],
            [
              78.09099735600006,
              35.48994489400019
            ],
            [
              78.09101143599997,
              35.48994217900008
            ],
            [
              78.09110970900002,
              35.48992298200017
            ],
            [
              78.09167961400004,
              35.48981165900011
            ],
            [
              78.09269221100004,
              35.48961386200017
            ],
            [
              78.09428678800009,
              35.489302384000155
            ],
            [
              78.09429896500012,
              35.48930000600012
            ],
            [
              78.09451081800017,
              35.489194209000175
            ],
            [
              78.09878775600004,
              35.487058138000066
            ],
            [
              78.09882608800018,
              35.48703892000009
            ],
            [
              78.099105608,
              35.486898519000135
            ],
            [
              78.10398864900003,
              35.48445892200016
            ],
            [
              78.10487169100008,
              35.48329621100015
            ],
            [
              78.10571645800007,
              35.48218389700009
            ],
            [
              78.10576299000019,
              35.482122922000144
            ],
            [
              78.10582272300007,
              35.482044454000004
            ],
            [
              78.10585058600014,
              35.48200776400017
            ],
            [
              78.10703442700014,
              35.48044887300006
            ],
            [
              78.10704800000013,
              35.480431000000124
            ],
            [
              78.10812530600009,
              35.47901406200009
            ],
            [
              78.10888024600018,
              35.47802111900012
            ],
            [
              78.10983281100005,
              35.47676829500001
            ],
            [
              78.11080169700011,
              35.47266006500007
            ],
            [
              78.11073520700012,
              35.472486814000035
            ],
            [
              78.1088561750001,
              35.46759071300005
            ],
            [
              78.10769653400013,
              35.46456909200009
            ],
            [
              78.10613100000006,
              35.46322189700004
            ],
            [
              78.10572986100004,
              35.46287700200003
            ],
            [
              78.1052360000001,
              35.46245200000004
            ],
            [
              78.10510885000008,
              35.462342696000064
            ],
            [
              78.10495139000017,
              35.46220722000004
            ],
            [
              78.10449981700005,
              35.46181869500015
            ],
            [
              78.09732818600003,
              35.455638886000145
            ],
            [
              78.0972260800001,
              35.45559565200012
            ],
            [
              78.09693261200016,
              35.45547139000013
            ],
            [
              78.09649573400009,
              35.45528619400011
            ],
            [
              78.09576239300009,
              35.45497456300018
            ],
            [
              78.09504264500005,
              35.45467050900004
            ],
            [
              78.0949886680001,
              35.454647715000135
            ],
            [
              78.09497300000004,
              35.45464099999998
            ],
            [
              78.09468183500019,
              35.45451814300003
            ],
            [
              78.07964324900007,
              35.44815063100009
            ],
            [
              78.07371373900008,
              35.4471559860001
            ],
            [
              78.0754500000001,
              35.447452000000055
            ],
            [
              78.0726843860001,
              35.44699195600003
            ],
            [
              78.07183088600016,
              35.44684984500009
            ],
            [
              78.07141214900008,
              35.44628617100017
            ],
            [
              78.07019042900004,
              35.4446411130001
            ],
            [
              78.069786239,
              35.44409827800007
            ],
            [
              78.06965605200014,
              35.443923214000165
            ],
            [
              78.06934817500019,
              35.44350921000017
            ],
            [
              78.06930198200018,
              35.44344709400019
            ],
            [
              78.06914378000005,
              35.44323507300015
            ],
            [
              78.06913287300011,
              35.443220793000194
            ],
            [
              78.068878171,
              35.44287872100011
            ],
            [
              78.05094170500007,
              35.43331984400015
            ],
            [
              78.04993446600014,
              35.432783056000176
            ],
            [
              78.04968994900008,
              35.43265274600003
            ],
            [
              78.04917175900005,
              35.43237658800007
            ],
            [
              78.04854648400004,
              35.43204336000008
            ],
            [
              78.04699907100019,
              35.43121869800001
            ],
            [
              78.04217799999998,
              35.42864899900013
            ],
            [
              78.03169300000002,
              35.423061000000075
            ],
            [
              78.03076587100014,
              35.421553180000046
            ],
            [
              78.03009800000007,
              35.42046700000003
            ],
            [
              78.03001099900007,
              35.42032400000011
            ],
            [
              78.02989460000009,
              35.4201331380001
            ],
            [
              78.02988894100008,
              35.42012394800008
            ],
            [
              78.02984454700015,
              35.420051057000194
            ],
            [
              78.02983093100005,
              35.420028689000105
            ],
            [
              78.02974898500003,
              35.41998403200006
            ],
            [
              78.02972789400019,
              35.41997220500002
            ],
            [
              78.02959947,
              35.41990181500006
            ],
            [
              78.02949600700009,
              35.41984554400011
            ],
            [
              78.02845800000006,
              35.41928100100006
            ],
            [
              78.02459300000004,
              35.41716600000012
            ],
            [
              78.0238949990001,
              35.41711100100008
            ],
            [
              78.02352500000012,
              35.417079
            ],
            [
              78.02343586400019,
              35.41707215100007
            ],
            [
              78.02334645899998,
              35.41706467800009
            ],
            [
              78.02293835700016,
              35.41702982800001
            ],
            [
              78.02120209000014,
              35.41688156000004
            ],
            [
              78.02076721100013,
              35.41646957100011
            ],
            [
              78.0194931010002,
              35.41526031200016
            ],
            [
              78.01134938000007,
              35.40757102300017
            ],
            [
              78.01109471300003,
              35.407330565000166
            ],
            [
              78.0109761670002,
              35.40721863300013
            ],
            [
              78.01061696800008,
              35.406879478000064
            ],
            [
              77.99707031200006,
              35.39408874600008
            ],
            [
              77.99342834900011,
              35.386003921000054
            ],
            [
              77.99210142900012,
              35.38305793500018
            ],
            [
              77.99205523299997,
              35.38295572600015
            ],
            [
              77.9920480350001,
              35.382939747000194
            ],
            [
              77.99202587700007,
              35.3828905580001
            ],
            [
              77.99028778000002,
              35.37903214000005
            ],
            [
              77.9901423120001,
              35.37220689300011
            ],
            [
              77.99014141900011,
              35.372164981000026
            ],
            [
              77.99013726900013,
              35.37197029900011
            ],
            [
              77.99013316300011,
              35.371777620000046
            ],
            [
              77.99013041400019,
              35.37164863900012
            ],
            [
              77.99012175000018,
              35.37124212700007
            ],
            [
              77.99009458600007,
              35.369967663000125
            ],
            [
              77.99004600000012,
              35.36767399900009
            ],
            [
              77.99000300500019,
              35.36565722900019
            ],
            [
              77.98996000000012,
              35.36364000100008
            ],
            [
              77.99123265900016,
              35.35348899000013
            ],
            [
              77.99185200000016,
              35.348549000000105
            ],
            [
              77.99301993300008,
              35.34685429800004
            ],
            [
              77.99304440000003,
              35.34681879600015
            ],
            [
              77.9930690860001,
              35.3467825350001
            ],
            [
              77.9934213430001,
              35.34627138400015
            ],
            [
              77.99434662000016,
              35.34492874000006
            ],
            [
              78.00149274600005,
              35.29808697700014
            ],
            [
              78.00151062000015,
              35.297969819
            ],
            [
              78.00178393100009,
              35.296179241000175
            ],
            [
              78.00178679100014,
              35.29616215300018
            ],
            [
              78.00180131100012,
              35.296069112000055
            ],
            [
              78.00181463600006,
              35.29598167900019
            ],
            [
              78.00202200200016,
              35.29462100000012
            ],
            [
              78.00202892200019,
              35.294613500000025
            ],
            [
              78.0021889360001,
              35.294456156000024
            ],
            [
              78.00223571500015,
              35.294410157000186
            ],
            [
              78.00344626800006,
              35.29321981600003
            ],
            [
              78.0056774300001,
              35.29102607200008
            ],
            [
              78.00636300000015,
              35.290360001000124
            ],
            [
              78.00646585900006,
              35.28998588800016
            ],
            [
              78.00647495700008,
              35.28995281100015
            ],
            [
              78.0137023900001,
              35.2641868610001
            ],
            [
              78.01426191799999,
              35.26218945200009
            ],
            [
              78.01454113700011,
              35.26119269100013
            ],
            [
              78.01774597100007,
              35.24975204500015
            ],
            [
              78.02287686700004,
              35.23900271600007
            ],
            [
              78.03183746000008,
              35.220230100000094
            ],
            [
              78.04318619000009,
              35.201829910000185
            ],
            [
              78.04360962000015,
              35.20132828000004
            ],
            [
              78.05221558000005,
              35.19109725900006
            ],
            [
              78.05869221400019,
              35.18390844400005
            ],
            [
              78.06779713300011,
              35.17697246900019
            ],
            [
              78.07787323200006,
              35.17251777400014
            ],
            [
              78.0783462510002,
              35.17232895000012
            ],
            [
              78.09150065200015,
              35.162916979000045
            ],
            [
              78.11605071999998,
              35.14535141100009
            ],
            [
              78.11843872000003,
              35.142436982000106
            ],
            [
              78.11938199000014,
              35.14128360900014
            ],
            [
              78.12417603000011,
              35.13542175100008
            ],
            [
              78.1260513690001,
              35.12903362900016
            ],
            [
              78.12565127600016,
              35.12738581900004
            ],
            [
              78.12531280800005,
              35.125991821000184
            ],
            [
              78.12431335100018,
              35.12189102100018
            ],
            [
              78.12357563500007,
              35.1208433220001
            ],
            [
              78.12350764900015,
              35.12074676800006
            ],
            [
              78.12283781100014,
              35.11979546800006
            ],
            [
              78.11709594700005,
              35.111640931000125
            ],
            [
              78.11102295000018,
              35.10734176700004
            ],
            [
              78.10690281100011,
              35.10442766800003
            ],
            [
              78.09771728800007,
              35.09793091
            ],
            [
              78.09050349400007,
              35.09620114899997
            ],
            [
              78.08428192000008,
              35.09077072100007
            ],
            [
              78.0828704810001,
              35.08248901100018
            ],
            [
              78.0949478120001,
              35.05690002200009
            ],
            [
              78.10142990700007,
              35.04316101900008
            ],
            [
              78.11483001800009,
              35.014759064000145
            ],
            [
              78.1182785040001,
              35.00664901800002
            ],
            [
              78.121103839,
              35.00001214800017
            ],
            [
              78.12110901000017,
              35.00000000000006
            ],
            [
              78.12117916000011,
              34.999834859000146
            ],
            [
              78.12825224800002,
              34.9831843660001
            ],
            [
              78.13004054900011,
              34.97897459600017
            ],
            [
              78.13031006000011,
              34.978340150000065
            ],
            [
              78.13347626100018,
              34.97087097000002
            ],
            [
              78.16805729000015,
              34.91144808900009
            ],
            [
              78.16880195900006,
              34.91075628700003
            ],
            [
              78.17359924200008,
              34.90629959100005
            ],
            [
              78.17437744100005,
              34.90455246000016
            ],
            [
              78.1846466070001,
              34.88151931800007
            ],
            [
              78.18744565400017,
              34.86731588000009
            ],
            [
              78.1883392310001,
              34.862781521000045
            ],
            [
              78.18994547600005,
              34.854601168000045
            ],
            [
              78.20732116700003,
              34.7661094670001
            ],
            [
              78.2103958140001,
              34.75893402100007
            ],
            [
              78.21868896500018,
              34.739559173000146
            ],
            [
              78.2210464480001,
              34.73403167700019
            ],
            [
              78.2241116100001,
              34.72901161700014
            ],
            [
              78.23203059000014,
              34.71618918800016
            ],
            [
              78.2480316170001,
              34.695098877000135
            ],
            [
              78.25457910800014,
              34.68927794399997
            ],
            [
              78.26570129100014,
              34.679389952000065
            ],
            [
              78.27259827000012,
              34.674945831000116
            ],
            [
              78.27332305900018,
              34.674478531000034
            ],
            [
              78.2843627900001,
              34.66736221100007
            ],
            [
              78.29481814500019,
              34.66380719300008
            ],
            [
              78.30033874600014,
              34.66193008500006
            ],
            [
              78.30680084100004,
              34.66092300299999
            ],
            [
              78.31733703499998,
              34.659278869000055
            ],
            [
              78.31740318500016,
              34.65925010800004
            ],
            [
              78.31746933500011,
              34.65922134600015
            ],
            [
              78.32353973100004,
              34.65658188000009
            ],
            [
              78.32414245000007,
              34.656318813999974
            ],
            [
              78.32420043200005,
              34.6562935070001
            ],
            [
              78.36207737200016,
              34.65338365200017
            ],
            [
              78.38717651300004,
              34.65163040300013
            ],
            [
              78.39552307100018,
              34.64939117500012
            ],
            [
              78.39836120700018,
              34.64863205000012
            ],
            [
              78.39872741599999,
              34.64835357700008
            ],
            [
              78.40279294100003,
              34.64527796800007
            ],
            [
              78.4036898660001,
              34.64459943400004
            ],
            [
              78.40458679100016,
              34.643920899000136
            ],
            [
              78.40701294000007,
              34.636631010000144
            ],
            [
              78.40690062100009,
              34.62100517900018
            ],
            [
              78.41037633000019,
              34.61252513300019
            ],
            [
              78.4114356400001,
              34.611551577000114
            ],
            [
              78.41812896800019,
              34.605400086000145
            ],
            [
              78.42511749300013,
              34.60346222000004
            ],
            [
              78.43510353200008,
              34.6028804390001
            ],
            [
              78.43546295100009,
              34.60285949900015
            ],
            [
              78.43552850200007,
              34.602855598000076
            ],
            [
              78.44315338100012,
              34.602401733000136
            ],
            [
              78.4591522230001,
              34.602787019000175
            ],
            [
              78.46677043000011,
              34.60296960400012
            ],
            [
              78.48223113900008,
              34.603340150000065
            ],
            [
              78.49200600600017,
              34.605264848000104
            ],
            [
              78.51154327300014,
              34.60911178500004
            ],
            [
              78.53711700400004,
              34.61415100100004
            ],
            [
              78.54812828600019,
              34.61446429700004
            ],
            [
              78.55814839200002,
              34.61474939500016
            ],
            [
              78.55816650500003,
              34.61474990900007
            ],
            [
              78.55866180500016,
              34.61462574700005
            ],
            [
              78.56933594000004,
              34.61194992100019
            ],
            [
              78.58207703000016,
              34.60314941200005
            ],
            [
              78.61109161100018,
              34.58306121900017
            ],
            [
              78.62100982900012,
              34.57427979000005
            ],
            [
              78.62664552500013,
              34.56682503900009
            ],
            [
              78.63762664800004,
              34.552299500000004
            ],
            [
              78.64382934600008,
              34.547809600000164
            ],
            [
              78.65248870800013,
              34.53815460300001
            ],
            [
              78.66005706700008,
              34.529720307000105
            ],
            [
              78.6816281300001,
              34.515086815000075
            ],
            [
              78.68263797300006,
              34.51457151799997
            ],
            [
              78.68618774000004,
              34.51276016100013
            ],
            [
              78.6960705520001,
              34.50771849400019
            ],
            [
              78.71663666000018,
              34.50100708000014
            ],
            [
              78.73007965100004,
              34.496650700000146
            ],
            [
              78.73522777500017,
              34.49240072700013
            ],
            [
              78.73611450100003,
              34.49166870200003
            ],
            [
              78.7382659920001,
              34.48989105200019
            ],
            [
              78.74935913100006,
              34.47698974700006
            ],
            [
              78.74993446700006,
              34.47586562700013
            ],
            [
              78.75383912900014,
              34.46921528800011
            ],
            [
              78.75399656800016,
              34.46906527500005
            ],
            [
              78.75405120900012,
              34.469013211000174
            ],
            [
              78.75447083000012,
              34.46861321600005
            ],
            [
              78.76302338100015,
              34.46046066000014
            ],
            [
              78.77416360000008,
              34.45212720100011
            ],
            [
              78.78847503700018,
              34.44142151000011
            ],
            [
              78.79937744099999,
              34.433269500999984
            ],
            [
              78.82495117100018,
              34.414131164000025
            ],
            [
              78.83725738499999,
              34.40701675500014
            ],
            [
              78.83767700300007,
              34.40677261400009
            ],
            [
              78.87436969800018,
              34.39506936200007
            ],
            [
              78.87568665000009,
              34.39465332100019
            ],
            [
              78.89155578900011,
              34.389640810000174
            ],
            [
              78.8925286170001,
              34.389193429000166
            ],
            [
              78.89919544100019,
              34.386127511000154
            ],
            [
              78.91624940399998,
              34.378284816000075
            ],
            [
              78.91745974600013,
              34.377728231000106
            ],
            [
              78.92254638700012,
              34.37538909800009
            ],
            [
              78.92743702100012,
              34.37163529000003
            ],
            [
              78.9275023140001,
              34.37158517700004
            ],
            [
              78.92917633000002,
              34.37030029200008
            ],
            [
              78.93082514600002,
              34.36903580900014
            ],
            [
              78.93166495000008,
              34.36839176100017
            ],
            [
              78.93220581700012,
              34.3679770550001
            ],
            [
              78.9323950000001,
              34.367832000000135
            ],
            [
              78.934011,
              34.366592000000026
            ],
            [
              78.9348600620001,
              34.36594125199997
            ],
            [
              78.93930855600013,
              34.36253041600003
            ],
            [
              78.93989600000003,
              34.36208000000005
            ],
            [
              78.9607390000001,
              34.346100000000035
            ],
            [
              78.96077500000007,
              34.34608000000014
            ],
            [
              78.96251244000013,
              34.34512231300005
            ],
            [
              78.96363644100012,
              34.344502657000135
            ],
            [
              78.9688489990001,
              34.34162899900019
            ],
            [
              78.97512434300012,
              34.33550558900015
            ],
            [
              78.97673800000013,
              34.33393100000018
            ],
            [
              78.97674804600007,
              34.33392870300008
            ],
            [
              78.97721900000016,
              34.33382099900007
            ],
            [
              78.97723215399998,
              34.33381799100016
            ],
            [
              78.98108800000018,
              34.332936000000075
            ],
            [
              78.9814604280001,
              34.332851130000165
            ],
            [
              78.98181692200008,
              34.33222844000017
            ],
            [
              78.98380900000008,
              34.32874399999997
            ],
            [
              78.9892270000002,
              34.31926700000014
            ],
            [
              78.99005099900006,
              34.31782900000013
            ],
            [
              78.99005390600001,
              34.3178183230001
            ],
            [
              78.99056203800018,
              34.31595107300012
            ],
            [
              78.99079500000005,
              34.315094999000166
            ],
            [
              78.99203069100008,
              34.31055680500003
            ],
            [
              78.99231773800011,
              34.3095007820001
            ],
            [
              78.9923430660001,
              34.309406997999986
            ],
            [
              78.99238317700014,
              34.309259589000135
            ],
            [
              78.99239494800008,
              34.30921676100019
            ],
            [
              78.99243555499999,
              34.30906834600006
            ],
            [
              78.99294099999997,
              34.30721000000011
            ],
            [
              78.9935025320001,
              34.305146501000024
            ],
            [
              78.99421693400006,
              34.30251987600019
            ],
            [
              78.99419872300007,
              34.30221364800008
            ],
            [
              78.99416782900016,
              34.30169410400009
            ],
            [
              78.99409700000007,
              34.300503000000106
            ],
            [
              78.99394300000012,
              34.29790600000018
            ],
            [
              78.99390084900011,
              34.29718450800016
            ],
            [
              78.99386600000014,
              34.29658800000004
            ],
            [
              78.99387665500007,
              34.296762017000106
            ],
            [
              78.99383382300005,
              34.29605356600001
            ],
            [
              78.99340057300009,
              34.28874206800009
            ],
            [
              78.98817525100009,
              34.27572143600014
            ],
            [
              78.98576730200011,
              34.26972123000019
            ],
            [
              78.98569094900006,
              34.26953092400004
            ],
            [
              78.98567700000007,
              34.26949700000006
            ],
            [
              78.98499500000014,
              34.26779700000009
            ],
            [
              78.98499088500006,
              34.26778671800014
            ],
            [
              78.98498121400007,
              34.267762572000095
            ],
            [
              78.98362300000014,
              34.26437200000004
            ],
            [
              78.98357999600012,
              34.26426406700011
            ],
            [
              78.98323527600019,
              34.26340353200004
            ],
            [
              78.97500610100013,
              34.242858888000114
            ],
            [
              78.96260473400014,
              34.22635475300018
            ],
            [
              78.95619966800007,
              34.21783068500008
            ],
            [
              78.95575868700007,
              34.21742242700003
            ],
            [
              78.95531770600007,
              34.21701416900004
            ],
            [
              78.94211578200003,
              34.204792022000106
            ],
            [
              78.94065216400008,
              34.20367288100016
            ],
            [
              78.93918854600014,
              34.20255373900011
            ],
            [
              78.9353408820001,
              34.199611662000166
            ],
            [
              78.93349522800014,
              34.198199518000024
            ],
            [
              78.93286575700006,
              34.1977178140001
            ],
            [
              78.92674900000009,
              34.19303800000017
            ],
            [
              78.92008068900003,
              34.187935747000154
            ],
            [
              78.91053552300019,
              34.18063227100015
            ],
            [
              78.91042799899999,
              34.180550001000086
            ],
            [
              78.91038249400003,
              34.18051552500009
            ],
            [
              78.91036224200013,
              34.180500031000065
            ],
            [
              78.90996150000001,
              34.18023767700004
            ],
            [
              78.90847385200004,
              34.179263284000115
            ],
            [
              78.90250984500018,
              34.17535920800003
            ],
            [
              78.89435600000007,
              34.17002100000013
            ],
            [
              78.88887800100002,
              34.1664310000001
            ],
            [
              78.88599201200009,
              34.164933648000044
            ],
            [
              78.88396744300019,
              34.163882882000166
            ],
            [
              78.88374080500006,
              34.163765078000154
            ],
            [
              78.88353175600008,
              34.16365626600003
            ],
            [
              78.88212200000015,
              34.16292500000009
            ],
            [
              78.8805830550001,
              34.16212602899998
            ],
            [
              78.87904400000002,
              34.16132700000003
            ],
            [
              78.87272078100006,
              34.15804648500011
            ],
            [
              78.87114700100005,
              34.15723000100007
            ],
            [
              78.87113630800019,
              34.15722528800012
            ],
            [
              78.86704900000018,
              34.15542400000015
            ],
            [
              78.86123900000018,
              34.15286300000014
            ],
            [
              78.85883300000006,
              34.15180200100019
            ],
            [
              78.84747300000015,
              34.146792000000175
            ],
            [
              78.84221638500014,
              34.14447389400004
            ],
            [
              78.84218752400017,
              34.144461052000054
            ],
            [
              78.815315,
              34.13261000000006
            ],
            [
              78.8091760000001,
              34.12990300000007
            ],
            [
              78.80490600000013,
              34.12802100000016
            ],
            [
              78.77425900000014,
              34.11451000000011
            ],
            [
              78.77230867600008,
              34.11405634100015
            ],
            [
              78.77141331700011,
              34.11384828700017
            ],
            [
              78.77127982600018,
              34.11381726800016
            ],
            [
              78.77094300000005,
              34.113739000000066
            ],
            [
              78.76610000000005,
              34.11261699900007
            ],
            [
              78.76389300000005,
              34.11210599900005
            ],
            [
              78.76238921599997,
              34.11175789800012
            ],
            [
              78.76220529100016,
              34.11171528700004
            ],
            [
              78.76145545200018,
              34.111541565000095
            ],
            [
              78.76066589200002,
              34.11135864100004
            ],
            [
              78.75947271400008,
              34.11108292300014
            ],
            [
              78.7594600000001,
              34.111080000000186
            ],
            [
              78.7593835670001,
              34.111041089000025
            ],
            [
              78.75885533400015,
              34.110772293000025
            ],
            [
              78.75225789000018,
              34.10741526200019
            ],
            [
              78.74153153700001,
              34.101957239
            ],
            [
              78.73376200000013,
              34.09800400000006
            ],
            [
              78.73374247500004,
              34.09799383800009
            ],
            [
              78.73373100100014,
              34.097987999000054
            ],
            [
              78.72923300100013,
              34.095698999000035
            ],
            [
              78.72443400100008,
              34.09140400000018
            ],
            [
              78.71331800000002,
              34.08145900000017
            ],
            [
              78.71026007800015,
              34.077368532000094
            ],
            [
              78.70939060400013,
              34.07620540900007
            ],
            [
              78.70938343099999,
              34.07619581400007
            ],
            [
              78.70934184100014,
              34.07613998300013
            ],
            [
              78.70929500000005,
              34.07607700000017
            ],
            [
              78.70663163500006,
              34.07251451000013
            ],
            [
              78.70638299900008,
              34.07218196400016
            ],
            [
              78.70637065100016,
              34.07147584300003
            ],
            [
              78.70629800000006,
              34.067321000000106
            ],
            [
              78.7062706010002,
              34.06575618300019
            ],
            [
              78.70614624100006,
              34.05863966900006
            ],
            [
              78.7121200000002,
              34.05048000000005
            ],
            [
              78.72191100000015,
              34.04653500100005
            ],
            [
              78.73113255400017,
              34.04281918000015
            ],
            [
              78.73184999900013,
              34.042530000000056
            ],
            [
              78.73193992200004,
              34.04250987900008
            ],
            [
              78.73286003100003,
              34.04230412800018
            ],
            [
              78.73291602400013,
              34.04229180100015
            ],
            [
              78.73307400000004,
              34.04225700000018
            ],
            [
              78.73726199999999,
              34.0413200000001
            ],
            [
              78.7514111960001,
              34.03815637700012
            ],
            [
              78.75155600000016,
              34.03812400000015
            ],
            [
              78.75161742400013,
              34.038110130000064
            ],
            [
              78.75953700100018,
              34.03633900000011
            ],
            [
              78.75966078600004,
              34.03631202600019
            ],
            [
              78.75987243900005,
              34.03626632900006
            ],
            [
              78.75995592200007,
              34.03624808100011
            ],
            [
              78.75997154400017,
              34.036244623000194
            ],
            [
              78.76064300000014,
              34.03609800000004
            ],
            [
              78.76105674100012,
              34.03581836000018
            ],
            [
              78.76169200000004,
              34.03538900000018
            ],
            [
              78.76210751800011,
              34.03510854300015
            ],
            [
              78.76229492300007,
              34.03498205200009
            ],
            [
              78.76595302700008,
              34.032508928000084
            ],
            [
              78.76599742000013,
              34.032380405000026
            ],
            [
              78.7682880000001,
              34.025749001000065
            ],
            [
              78.77036192600008,
              34.01972579700015
            ],
            [
              78.77033882000012,
              34.01966334800005
            ],
            [
              78.76916708100009,
              34.016496338000024
            ],
            [
              78.76841700000011,
              34.014469001000066
            ],
            [
              78.76830973200009,
              34.01417768600004
            ],
            [
              78.76830370400018,
              34.01416131600007
            ],
            [
              78.76829000000009,
              34.01412500000009
            ],
            [
              78.76827600000018,
              34.01408600000008
            ],
            [
              78.76824052000006,
              34.01399016500006
            ],
            [
              78.76821476800006,
              34.01392052100016
            ],
            [
              78.76812000000007,
              34.01366400000012
            ],
            [
              78.76511904100016,
              34.005548406000116
            ],
            [
              78.76429071300004,
              34.00330786300009
            ],
            [
              78.76362610000018,
              34.00151062100008
            ],
            [
              78.7499320600001,
              33.992110775000185
            ],
            [
              78.7443955220001,
              33.98831039200007
            ],
            [
              78.74429951800016,
              33.988244475000045
            ],
            [
              78.74420286200018,
              33.98817796700007
            ],
            [
              78.74416900000006,
              33.98815500000018
            ],
            [
              78.74306567100012,
              33.98739771100014
            ],
            [
              78.74289700000014,
              33.98728200000005
            ],
            [
              78.72841442900005,
              33.9773314040001
            ],
            [
              78.7282410000002,
              33.97716300000019
            ],
            [
              78.7163930000001,
              33.96514300000007
            ],
            [
              78.71638499000017,
              33.96513499000014
            ],
            [
              78.71637004700005,
              33.96511982900017
            ],
            [
              78.71594037000011,
              33.96468370200006
            ],
            [
              78.71579000000014,
              33.964531001000125
            ],
            [
              78.71523615600012,
              33.96270338700009
            ],
            [
              78.71474622300019,
              33.961086114000125
            ],
            [
              78.71493601200018,
              33.955702086000144
            ],
            [
              78.71507900000006,
              33.9549090000001
            ],
            [
              78.7153360280002,
              33.95348530400008
            ],
            [
              78.71584700000005,
              33.95065499999998
            ],
            [
              78.71615600000018,
              33.94894000000005
            ],
            [
              78.71695122200009,
              33.94895386200011
            ],
            [
              78.71724600000016,
              33.94895900000017
            ],
            [
              78.71724375800017,
              33.948904736000145
            ],
            [
              78.71720118100006,
              33.94818949400013
            ],
            [
              78.7171946470001,
              33.94807972900003
            ],
            [
              78.7171909400002,
              33.94801745400008
            ],
            [
              78.71718653200021,
              33.94794229500019
            ],
            [
              78.717163991,
              33.94756532600019
            ],
            [
              78.71716000000015,
              33.947500000000105
            ],
            [
              78.71706100000011,
              33.94584300000014
            ],
            [
              78.71666000000016,
              33.93909100000013
            ],
            [
              78.71650507900006,
              33.938586421000025
            ],
            [
              78.71623200099998,
              33.93769700000007
            ],
            [
              78.71492799900011,
              33.93344900000011
            ],
            [
              78.71312790400015,
              33.927592401000034
            ],
            [
              78.71156311100003,
              33.92250061100009
            ],
            [
              78.71724700900012,
              33.89048004100016
            ],
            [
              78.72621850000019,
              33.87006694400003
            ],
            [
              78.72872270099998,
              33.865258656000094
            ],
            [
              78.72876532000011,
              33.865176815000154
            ],
            [
              78.72911125100018,
              33.864512877000095
            ],
            [
              78.72978792000015,
              33.86321342100007
            ],
            [
              78.73276558800012,
              33.857495198000095
            ],
            [
              78.73278600000003,
              33.85745600000001
            ],
            [
              78.73290034900015,
              33.857236418000184
            ],
            [
              78.74175595900017,
              33.84023093000019
            ],
            [
              78.74178300000017,
              33.84017900000015
            ],
            [
              78.74522000000013,
              33.836162000000115
            ],
            [
              78.74523205300017,
              33.836147924000045
            ],
            [
              78.74542004000017,
              33.83592814900004
            ],
            [
              78.75745674700016,
              33.82185888900017
            ],
            [
              78.76132200000018,
              33.817341
            ],
            [
              78.76167700000002,
              33.81692500000008
            ],
            [
              78.77506299900011,
              33.80125000000004
            ],
            [
              78.77751800600015,
              33.79585298900014
            ],
            [
              78.77786245600004,
              33.79509568600008
            ],
            [
              78.77794100000011,
              33.79492300000004
            ],
            [
              78.77794939900019,
              33.79490453500017
            ],
            [
              78.7804910000001,
              33.78931700000015
            ],
            [
              78.78054740400012,
              33.78919330800005
            ],
            [
              78.78224167700006,
              33.77995824100003
            ],
            [
              78.78398890900007,
              33.77043175100016
            ],
            [
              78.7839780000001,
              33.770402000000104
            ],
            [
              78.78265274000006,
              33.766740356000184
            ],
            [
              78.77995490100005,
              33.7592863270001
            ],
            [
              78.77969624100012,
              33.75857251600007
            ],
            [
              78.7796591990001,
              33.758470179000085
            ],
            [
              78.77950504000007,
              33.75804391800006
            ],
            [
              78.77529144200014,
              33.74640274000018
            ],
            [
              78.77523230100013,
              33.74624502900019
            ],
            [
              78.7752228120001,
              33.74621972400013
            ],
            [
              78.77382090300006,
              33.744518790000086
            ],
            [
              78.7623977670001,
              33.73065948200019
            ],
            [
              78.7589069710001,
              33.72762843600003
            ],
            [
              78.75823385100017,
              33.72704397000018
            ],
            [
              78.75039928200005,
              33.72024013800012
            ],
            [
              78.74529400000006,
              33.71580600000011
            ],
            [
              78.74465547000017,
              33.715251595000154
            ],
            [
              78.74413779200012,
              33.71480211900007
            ],
            [
              78.74155200000007,
              33.712557000000004
            ],
            [
              78.73732000000018,
              33.70888100000013
            ],
            [
              78.73726600000015,
              33.70883600000019
            ],
            [
              78.73724300000003,
              33.70881600000013
            ],
            [
              78.73572400000012,
              33.70749500000005
            ],
            [
              78.73631146000002,
              33.7080034490001
            ],
            [
              78.73175048900004,
              33.70404052900011
            ],
            [
              78.71689505600006,
              33.68787789800018
            ],
            [
              78.71670869299999,
              33.687675361000174
            ],
            [
              78.71659321900006,
              33.68754986500011
            ],
            [
              78.71599588900017,
              33.68689992900016
            ],
            [
              78.70955600000019,
              33.679893000000106
            ],
            [
              78.70929700000005,
              33.67961100000008
            ],
            [
              78.70864313100003,
              33.67697898900013
            ],
            [
              78.70842700000003,
              33.676109000000004
            ],
            [
              78.70807700000017,
              33.674693000000104
            ],
            [
              78.70678700200006,
              33.66947899000019
            ],
            [
              78.70773600000001,
              33.66617200000013
            ],
            [
              78.70934900000009,
              33.660555000000045
            ],
            [
              78.70935443700012,
              33.66053729999999
            ],
            [
              78.70936300000017,
              33.66050800000005
            ],
            [
              78.7100199000002,
              33.658221420000075
            ],
            [
              78.71070667400016,
              33.65583137800019
            ],
            [
              78.71908842000016,
              33.63890733599999
            ],
            [
              78.72728000000012,
              33.622776000000044
            ],
            [
              78.72976137800003,
              33.61789484600013
            ],
            [
              78.74297270300008,
              33.59620090100009
            ],
            [
              78.74320796400008,
              33.59581553400011
            ],
            [
              78.74347686800013,
              33.59537506000004
            ],
            [
              78.75118175700004,
              33.582747160000054
            ],
            [
              78.75811004900004,
              33.571392061000154
            ],
            [
              78.76402223500021,
              33.561838556000055
            ],
            [
              78.76416215500007,
              33.561632807000024
            ],
            [
              78.76417984400018,
              33.56160674100016
            ],
            [
              78.76421193000016,
              33.56155946300015
            ],
            [
              78.77068328800004,
              33.55204391300015
            ],
            [
              78.77921870900008,
              33.539487754000106
            ],
            [
              78.78588872400013,
              33.53057941500015
            ],
            [
              78.78725691600017,
              33.5291782000001
            ],
            [
              78.78729515100008,
              33.52913894500017
            ],
            [
              78.78732700000012,
              33.52910600000019
            ],
            [
              78.79115300000012,
              33.525188000000185
            ],
            [
              78.79538700000018,
              33.519070000000056
            ],
            [
              78.79961400000013,
              33.51296200000007
            ],
            [
              78.79852100000011,
              33.51454400000006
            ],
            [
              78.79543699800001,
              33.51901167200003
            ],
            [
              78.80045280899998,
              33.51174978400013
            ],
            [
              78.80387115200011,
              33.50680923300018
            ],
            [
              78.80942044699998,
              33.50012701700007
            ],
            [
              78.80944788300013,
              33.50009398100019
            ],
            [
              78.81099607100015,
              33.49822980200008
            ],
            [
              78.81859600000007,
              33.48907900100011
            ],
            [
              78.82023757500008,
              33.48710849700012
            ],
            [
              78.82073200000002,
              33.48651500100004
            ],
            [
              78.82325700100017,
              33.48349000000013
            ],
            [
              78.83392382900007,
              33.473582287000056
            ],
            [
              78.83496200100018,
              33.47261800100006
            ],
            [
              78.83620080100019,
              33.47146729400015
            ],
            [
              78.8709640530002,
              33.43939018100019
            ],
            [
              78.87152862800014,
              33.43907928200014
            ],
            [
              78.8736380000002,
              33.437915424000096
            ],
            [
              78.87371679400013,
              33.43787194700019
            ],
            [
              78.87373222000019,
              33.4378634360001
            ],
            [
              78.8737538920002,
              33.43785157500008
            ],
            [
              78.87565500000011,
              33.436811000000034
            ],
            [
              78.88418671100004,
              33.4296742730001
            ],
            [
              78.89539300000007,
              33.42031100000014
            ],
            [
              78.90867200000008,
              33.40921600000013
            ],
            [
              78.92125700000008,
              33.39870100000019
            ],
            [
              78.921266914,
              33.39869669300009
            ],
            [
              78.92808200000007,
              33.39573600000017
            ],
            [
              78.94108208500006,
              33.390087219000065
            ],
            [
              78.94110100000012,
              33.390079000000185
            ],
            [
              78.953763691,
              33.37539452500016
            ],
            [
              78.95481109600007,
              33.37417984000007
            ],
            [
              78.97067867270577,
              33.3680915120338
            ],
            [
              78.98755916704269,
              33.33320299722755
            ],
            [
              79.0087855933522,
              33.33467805456375
            ],
            [
              79.01791420300009,
              33.33138755700014
            ],
            [
              79.01954651000005,
              33.33079910200007
            ],
            [
              79.03379821800013,
              33.31357956000011
            ],
            [
              79.0365676880001,
              33.31208801300005
            ],
            [
              79.03887257600009,
              33.310845149999984
            ],
            [
              79.03924000000006,
              33.31064700000013
            ],
            [
              79.04749943200011,
              33.30619281700007
            ],
            [
              79.04765300100013,
              33.30610999900017
            ],
            [
              79.04768997400004,
              33.30609005500014
            ],
            [
              79.06111500000009,
              33.298848000000135
            ],
            [
              79.06361713100006,
              33.297498346000054
            ],
            [
              79.0665969850001,
              33.295890809000184
            ],
            [
              79.06732754400002,
              33.295025429000134
            ],
            [
              79.0679550000001,
              33.29428200000018
            ],
            [
              79.0707930000001,
              33.29092000000003
            ],
            [
              79.0731120000001,
              33.28360000000009
            ],
            [
              79.06926699900004,
              33.27310899999998
            ],
            [
              79.06789310900001,
              33.269355378000114
            ],
            [
              79.06616776800018,
              33.264641558000164
            ],
            [
              79.0661090000001,
              33.264481000000046
            ],
            [
              79.06684900000005,
              33.254623000000095
            ],
            [
              79.0669858490001,
              33.25279158700016
            ],
            [
              79.067207,
              33.24983200000014
            ],
            [
              79.07147200000014,
              33.2381630000001
            ],
            [
              79.07496600000019,
              33.22861100000006
            ],
            [
              79.092987,
              33.22045900000006
            ],
            [
              79.09618799999998,
              33.21901100000014
            ],
            [
              79.11328100000014,
              33.21128100000004
            ],
            [
              79.12773100000004,
              33.20473900000019
            ],
            [
              79.13891400000006,
              33.200955000000135
            ],
            [
              79.14144100000004,
              33.20010000000008
            ],
            [
              79.14176600000015,
              33.20005400000019
            ],
            [
              79.15696115200006,
              33.19791729100001
            ],
            [
              79.15701300000012,
              33.19790999900016
            ],
            [
              79.16476400000016,
              33.196819000000005
            ],
            [
              79.17251159500017,
              33.195731619000185
            ],
            [
              79.18049621700006,
              33.19461059499997
            ],
            [
              79.18061664700008,
              33.19452877400005
            ],
            [
              79.18547094000013,
              33.19122303000012
            ],
            [
              79.19252802000017,
              33.17594499000006
            ],
            [
              79.19557992000011,
              33.15697101000006
            ],
            [
              79.19494596100014,
              33.152363010000045
            ],
            [
              79.19366508000013,
              33.14297097000008
            ],
            [
              79.1884459800001,
              33.12939096000002
            ],
            [
              79.15538808000014,
              33.09024798000013
            ],
            [
              79.15413707900007,
              33.087249991000135
            ],
            [
              79.14980303900012,
              33.076999981000085
            ],
            [
              79.14886505900017,
              33.07480596
            ],
            [
              79.14871998000012,
              33.05258199000008
            ],
            [
              79.15122198,
              33.03402696100005
            ],
            [
              79.15466303900007,
              33.02377703900015
            ],
            [
              79.1621699390002,
              33.01469397100004
            ],
            [
              79.19716608000004,
              33.00238800100004
            ],
            [
              79.20772595900007,
              33.00252903100017
            ],
            [
              79.21414206000009,
              33.00260904100003
            ],
            [
              79.2300799800002,
              33.00016797000012
            ],
            [
              79.23136104000014,
              32.99969502100015
            ],
            [
              79.24869504100008,
              32.99347296000002
            ],
            [
              79.25749991900011,
              32.98661001099998
            ],
            [
              79.26000191900016,
              32.98466502000008
            ],
            [
              79.27005797900017,
              32.96849796100014
            ],
            [
              79.27783199900017,
              32.95000098100019
            ],
            [
              79.28022006000015,
              32.944331969000075
            ],
            [
              79.28227998100016,
              32.9354170200001
            ],
            [
              79.28355401900001,
              32.906081970000116
            ],
            [
              79.28089092000005,
              32.893138980000174
            ],
            [
              79.28055594000006,
              32.89149900100011
            ],
            [
              79.27877807900012,
              32.882888970000124
            ],
            [
              79.27008102100012,
              32.866527960000155
            ],
            [
              79.25519592000018,
              32.84825103000014
            ],
            [
              79.2497790000001,
              32.832137970000076
            ],
            [
              79.25050404100017,
              32.828166991000046
            ],
            [
              79.25155596100018,
              32.82255603100015
            ],
            [
              79.25869800000004,
              32.81644404000008
            ],
            [
              79.27672607900013,
              32.808612960000175
            ],
            [
              79.28891802000004,
              32.79316698100013
            ],
            [
              79.2901920600001,
              32.78683503000019
            ],
            [
              79.29097001999997,
              32.7828899700001
            ],
            [
              79.2910839590001,
              32.75905599100008
            ],
            [
              79.28713998000018,
              32.75258301000014
            ],
            [
              79.27349904000005,
              32.70822101900018
            ],
            [
              79.26980598000017,
              32.70175200100016
            ],
            [
              79.26458003900007,
              32.67419400100016
            ],
            [
              79.2684709190001,
              32.66760996000011
            ],
            [
              79.27138494000008,
              32.66821998100005
            ],
            [
              79.27630595900018,
              32.66930403000009
            ],
            [
              79.28461494000015,
              32.67441602900004
            ],
            [
              79.28961191900015,
              32.67255402100017
            ],
            [
              79.29058104100005,
              32.6721950110001
            ],
            [
              79.29366299900016,
              32.66741601000001
            ],
            [
              79.29203004100003,
              32.653805040000066
            ],
            [
              79.29196901900013,
              32.653446030000005
            ],
            [
              79.26405299900017,
              32.58989000899999
            ],
            [
              79.2613909800001,
              32.57197200000013
            ],
            [
              79.26127596000015,
              32.569889039000145
            ],
            [
              79.25972004000005,
              32.54172102000018
            ],
            [
              79.26144408100009,
              32.53625100100015
            ],
            [
              79.26067071288948,
              32.53296789187211
            ],
            [
              79.25767871214772,
              32.5331651089494
            ],
            [
              79.25704901900008,
              32.533576020000055
            ],
            [
              79.25597099900006,
              32.534262991000105
            ],
            [
              79.25088294000017,
              32.53412097100011
            ],
            [
              79.25062161436325,
              32.53363027601294
            ],
            [
              79.24936355883374,
              32.53371320046919
            ],
            [
              79.24368447553623,
              32.52120908001707
            ],
            [
              79.23497772200011,
              32.51898956400004
            ],
            [
              79.23309326200012,
              32.51850891100014
            ],
            [
              79.22310638400018,
              32.51596069400006
            ],
            [
              79.22088623000013,
              32.51539611800007
            ],
            [
              79.21382904100005,
              32.513599396000075
            ],
            [
              79.20693206800001,
              32.511840821000135
            ],
            [
              79.2029571540001,
              32.5108299260001
            ],
            [
              79.1833038330002,
              32.501022339000144
            ],
            [
              79.16506957900015,
              32.491920471000185
            ],
            [
              79.14885711700003,
              32.48382949900008
            ],
            [
              79.1412535875954,
              32.47718442254921
            ],
            [
              79.1357120399167,
              32.47660678641502
            ],
            [
              79.13080441748922,
              32.468052408913344
            ],
            [
              79.12894439600012,
              32.466426850000175
            ],
            [
              79.12652587800017,
              32.46430969200014
            ],
            [
              79.12172699000013,
              32.45611190800008
            ],
            [
              79.12024688600007,
              32.45357894900019
            ],
            [
              79.12007904100011,
              32.4532890320001
            ],
            [
              79.11814880300012,
              32.450000763000105
            ],
            [
              79.11978149400011,
              32.43832016100015
            ],
            [
              79.12187957800018,
              32.42324066200007
            ],
            [
              79.12133789000012,
              32.41762161400004
            ],
            [
              79.12119293300009,
              32.41613006600011
            ],
            [
              79.1118011480001,
              32.39929199200009
            ],
            [
              79.10928663046558,
              32.38420130739198
            ],
            [
              79.06751366052956,
              32.38498145331981
            ],
            [
              79.06423950200013,
              32.38522720300017
            ],
            [
              79.05970001200006,
              32.38557052700014
            ],
            [
              79.05776188272411,
              32.385163576107715
            ],
            [
              79.03220797804582,
              32.385640817125186
            ],
            [
              79.01326605822631,
              32.37704958669226
            ],
            [
              79.00323655727988,
              32.365122940658964
            ],
            [
              78.99375915400003,
              32.36429977500018
            ],
            [
              78.9825286860002,
              32.34582138200011
            ],
            [
              78.97720336800012,
              32.34276962400003
            ],
            [
              78.97642508094012,
              32.34295778107967
            ],
            [
              78.96049928158625,
              32.36593152377906
            ],
            [
              78.90232052785491,
              32.392715948069956
            ],
            [
              78.85767171685178,
              32.44022039869908
            ],
            [
              78.82587635144047,
              32.43870429921092
            ],
            [
              78.77513906620965,
              32.557970792279804
            ],
            [
              78.77513906620965,
              32.573131787161444
            ],
            [
              78.79543398030198,
              32.59789474546812
            ],
            [
              78.77018858019493,
              32.63968076561314
            ],
            [
              78.76805877800012,
              32.662979126000096
            ],
            [
              78.76521301200006,
              32.67369079600013
            ],
            [
              78.7645645140002,
              32.67609405600007
            ],
            [
              78.76392357689403,
              32.678461754155265
            ],
            [
              78.76634460343631,
              32.69745194519087
            ],
            [
              78.75520802298018,
              32.68837622905863
            ],
            [
              78.74592590300017,
              32.696079255000086
            ],
            [
              78.74214172300009,
              32.69601821900005
            ],
            [
              78.73645019400016,
              32.69593048000013
            ],
            [
              78.71703338700007,
              32.68072891300011
            ],
            [
              78.66426849400011,
              32.656490327000085
            ],
            [
              78.66089199710663,
              32.65399983299644
            ],
            [
              78.6608110501562,
              32.65399042653018
            ],
            [
              78.66076899009721,
              32.65390910339441
            ],
            [
              78.65442657500017,
              32.64923095700004
            ],
            [
              78.65162658700012,
              32.64442062400002
            ],
            [
              78.63233947800006,
              32.61106109600013
            ],
            [
              78.62567138600008,
              32.60705185000006
            ],
            [
              78.603286744,
              32.60438156200007
            ],
            [
              78.59976959200014,
              32.6052589410001
            ],
            [
              78.59968562962268,
              32.60527989994437
            ],
            [
              78.57218992528635,
              32.61760403881425
            ],
            [
              78.55018654138443,
              32.612320627303255
            ],
            [
              78.5498504630001,
              32.61231994700012
            ],
            [
              78.54950714200005,
              32.61231994700012
            ],
            [
              78.54519653200009,
              32.61230850200013
            ],
            [
              78.54492950500008,
              32.61230850200013
            ],
            [
              78.53894042900015,
              32.61042785600017
            ],
            [
              78.53704834000018,
              32.60983276300004
            ],
            [
              78.53675079400011,
              32.609741211000085
            ],
            [
              78.53108215300011,
              32.60795974800004
            ],
            [
              78.52641296400003,
              32.60649108900009
            ],
            [
              78.50885772700013,
              32.59471893300008
            ],
            [
              78.50328064000013,
              32.589561463000166
            ],
            [
              78.49591064500004,
              32.58274841400004
            ],
            [
              78.49407646436468,
              32.58105145727129
            ],
            [
              78.46372835738491,
              32.5798986908083
            ],
            [
              78.46161651600016,
              32.58034896900017
            ],
            [
              78.45272064200009,
              32.57950210700011
            ],
            [
              78.44332885700004,
              32.57207489100017
            ],
            [
              78.43788909900007,
              32.56777191200007
            ],
            [
              78.41223907400013,
              32.556060791000164
            ],
            [
              78.411453247,
              32.55430984600014
            ],
            [
              78.4043273930002,
              32.53873062100013
            ],
            [
              78.40510476713274,
              32.52707329718697
            ],
            [
              78.3993005597401,
              32.52583445678206
            ],
            [
              78.3990631100001,
              32.52637100200002
            ],
            [
              78.39791870100015,
              32.52706909200009
            ],
            [
              78.3943862910001,
              32.528530121000074
            ],
            [
              78.38243103000008,
              32.52965164100016
            ],
            [
              78.37668609600009,
              32.526050567000084
            ],
            [
              78.3563613890002,
              32.512660980000085
            ],
            [
              78.31727518460751,
              32.48141732682866
            ],
            [
              78.29482609935786,
              32.503896577201964
            ],
            [
              78.3151210134502,
              32.52562733653231
            ],
            [
              78.31309152204096,
              32.5736371536575
            ],
            [
              78.34826937313433,
              32.581217651098314
            ],
            [
              78.40509513259285,
              32.619625504798464
            ],
            [
              78.38750620704616,
              32.63428113318405
            ],
            [
              78.37938824140923,
              32.668140688419705
            ],
            [
              78.39427117841028,
              32.71564513904884
            ],
            [
              78.38750620704616,
              32.75708519172532
            ],
            [
              78.37237205471193,
              32.757330968450496
            ],
            [
              78.37277221699998,
              32.76015090900006
            ],
            [
              78.37135314900019,
              32.761829376000094
            ],
            [
              78.36428070000005,
              32.76298141500013
            ],
            [
              78.34474182200006,
              32.76343154799997
            ],
            [
              78.31394958600009,
              32.74898147600004
            ],
            [
              78.28765869200015,
              32.73783111600011
            ],
            [
              78.29461670000012,
              32.73160934500004
            ],
            [
              78.29811096200007,
              32.72483062700013
            ],
            [
              78.29856109500008,
              32.71974182100007
            ],
            [
              78.29572296200018,
              32.71281051600005
            ],
            [
              78.28486633300008,
              32.706779481000126
            ],
            [
              78.27274322500013,
              32.70293045100016
            ],
            [
              78.25911712700015,
              32.702919007000105
            ],
            [
              78.23658752400007,
              32.694671631000176
            ],
            [
              78.2332611080002,
              32.68370056200007
            ],
            [
              78.2249679570001,
              32.6755599980001
            ],
            [
              78.21293640100009,
              32.66918945400005
            ],
            [
              78.207603160616,
              32.66730607435348
            ],
            [
              78.17356168030454,
              32.674890505042896
            ],
            [
              78.17047882100007,
              32.67721176300006
            ],
            [
              78.15841674800009,
              32.67913055500003
            ],
            [
              78.15483374718372,
              32.67906308242235
            ],
            [
              78.14261424366539,
              32.68178558381318
            ],
            [
              78.14362055579451,
              32.6759863728078
            ],
            [
              78.13600158700007,
              32.67031860500009
            ],
            [
              78.13066101000004,
              32.66006088200004
            ],
            [
              78.13002945231013,
              32.658329521913686
            ],
            [
              78.11081887825408,
              32.662581656963106
            ],
            [
              78.1023959970822,
              32.6558233892497
            ],
            [
              78.09926605100009,
              32.65996933000008
            ],
            [
              78.0933761600001,
              32.66215133700007
            ],
            [
              78.08851623500004,
              32.65983200100004
            ],
            [
              78.07900237900014,
              32.65279007100003
            ],
            [
              78.07293701200001,
              32.644401550000055
            ],
            [
              78.06747623886726,
              32.62568053213591
            ],
            [
              78.06075809015967,
              32.62619526924718
            ],
            [
              78.04655165029503,
              32.644893829601195
            ],
            [
              78.03471318962129,
              32.63506745740083
            ],
            [
              78.03389740000017,
              32.635608673000036
            ],
            [
              78.03273773100005,
              32.633750916000054
            ],
            [
              78.03271892358086,
              32.633412140808595
            ],
            [
              78.01610927915654,
              32.619625504798464
            ],
            [
              77.9701074738806,
              32.646915295585416
            ],
            [
              77.970783971017,
              32.655001159522286
            ],
            [
              77.94643007410622,
              32.661570923971
            ],
            [
              77.91869369151337,
              32.690882180742165
            ],
            [
              77.93425312565081,
              32.72575246896993
            ],
            [
              77.92613516001389,
              32.77224618660696
            ],
            [
              77.90910431351912,
              32.771860652523316
            ],
            [
              77.90892791700009,
              32.772121430000084
            ],
            [
              77.9034957880001,
              32.77289962700007
            ],
            [
              77.89949798499998,
              32.77532196000004
            ],
            [
              77.89946960874121,
              32.775319285602194
            ],
            [
              77.8841923375564,
              32.78791254798465
            ],
            [
              77.88825132037486,
              32.798525244401795
            ],
            [
              77.86930940055537,
              32.82682576818085
            ],
            [
              77.83886702941686,
              32.841986763062486
            ],
            [
              77.82829146948664,
              32.837412902310255
            ],
            [
              77.82508850100004,
              32.83987045300012
            ],
            [
              77.82178169269217,
              32.83916443771369
            ],
            [
              77.78068827568552,
              32.86573898837705
            ],
            [
              77.78948273845887,
              32.89050194668373
            ],
            [
              77.81113064682401,
              32.906673674557474
            ],
            [
              77.74077494463728,
              32.96883375357219
            ],
            [
              77.71980353340854,
              32.96883375357219
            ],
            [
              77.71303856204443,
              32.98247864896567
            ],
            [
              77.68259619090594,
              32.98854304691832
            ],
            [
              77.67930544202271,
              32.978142538650175
            ],
            [
              77.67800140400004,
              32.980720520000034
            ],
            [
              77.67086029100011,
              32.986270905000026
            ],
            [
              77.66520690900006,
              32.986030579000044
            ],
            [
              77.66307830900013,
              32.97592926100003
            ],
            [
              77.65998840400005,
              32.968959809000125
            ],
            [
              77.65637207000015,
              32.965961456000116
            ],
            [
              77.65331268400013,
              32.95940017600009
            ],
            [
              77.64987945600006,
              32.95829010100016
            ],
            [
              77.64334869499999,
              32.95785141100009
            ],
            [
              77.63849640000007,
              32.95613861100014
            ],
            [
              77.63061107012771,
              32.9500943853861
            ],
            [
              77.60209303167304,
              32.94306006227341
            ],
            [
              77.60172252595575,
              32.94210670741922
            ],
            [
              77.59343719600008,
              32.94153976400008
            ],
            [
              77.58637237500005,
              32.93989944500015
            ],
            [
              77.58392334000018,
              32.943801880000024
            ],
            [
              77.58152771000005,
              32.93923187300015
            ],
            [
              77.58096313400006,
              32.93450164900014
            ],
            [
              77.579666138,
              32.931678772000055
            ],
            [
              77.56964874400018,
              32.92166137800007
            ],
            [
              77.5538482660001,
              32.91310882700003
            ],
            [
              77.54949188200004,
              32.91336059600019
            ],
            [
              77.54471588100006,
              32.911731720000034
            ],
            [
              77.53531646700003,
              32.90229034499998
            ],
            [
              77.52700042800018,
              32.892280578
            ],
            [
              77.52320099000008,
              32.889781951000145
            ],
            [
              77.51956176700014,
              32.887378694000176
            ],
            [
              77.51129150399998,
              32.88542938200016
            ],
            [
              77.50623321500007,
              32.88307189900007
            ],
            [
              77.50492002204723,
              32.88289953202432
            ],
            [
              77.5012949583478,
              32.885448281723185
            ],
            [
              77.4969342296556,
              32.881851333524175
            ],
            [
              77.49434661800007,
              32.88151168900009
            ],
            [
              77.4845504760001,
              32.88653945900006
            ],
            [
              77.47318267800007,
              32.87879180900012
            ],
            [
              77.45631373044704,
              32.86277562386894
            ],
            [
              77.4519106673898,
              32.86422288888889
            ],
            [
              77.44446919888928,
              32.87988925026658
            ],
            [
              77.42744822160498,
              32.8812046211758
            ],
            [
              77.4257202140002,
              32.883670807000044
            ],
            [
              77.42205604312004,
              32.881621325492944
            ],
            [
              77.40523236497744,
              32.88292144924291
            ],
            [
              77.4034492483148,
              32.88129982421896
            ],
            [
              77.40312194800003,
              32.88145065300006
            ],
            [
              77.39917755100004,
              32.88393020700005
            ],
            [
              77.39733123700006,
              32.88698959300001
            ],
            [
              77.39541625900006,
              32.887329101000034
            ],
            [
              77.38746643200017,
              32.88552093400011
            ],
            [
              77.37938690100003,
              32.8808288570001
            ],
            [
              77.37124633700006,
              32.86742019600007
            ],
            [
              77.36306762600003,
              32.86352920600019
            ],
            [
              77.35968017500016,
              32.859580994
            ],
            [
              77.35871887200011,
              32.85639953700013
            ],
            [
              77.35980987600016,
              32.85161972100008
            ],
            [
              77.36267089800009,
              32.84659958000009
            ],
            [
              77.36184692400013,
              32.84260940600018
            ],
            [
              77.35955047600004,
              32.838161470000045
            ],
            [
              77.35647583000019,
              32.82527160600006
            ],
            [
              77.34839630100004,
              32.821201325000175
            ],
            [
              77.34046173200016,
              32.82054138200016
            ],
            [
              77.33764789372178,
              32.81952077064379
            ],
            [
              77.32337621147171,
              32.85057799349541
            ],
            [
              77.30906687854238,
              32.849930141310246
            ],
            [
              77.3051605230001,
              32.854049682000095
            ],
            [
              77.29795837500012,
              32.8540115350001
            ],
            [
              77.2963629870658,
              32.85377051018958
            ],
            [
              77.27592015279743,
              32.872096305763726
            ],
            [
              77.2673173510105,
              32.8687509590347
            ],
            [
              77.25831604000007,
              32.87636184700017
            ],
            [
              77.25023750162046,
              32.867757944943975
            ],
            [
              77.23678457801111,
              32.88089998325869
            ],
            [
              77.24354954937522,
              32.89252341266795
            ],
            [
              77.19890073837209,
              32.90920050703775
            ],
            [
              77.18807678418952,
              32.92890980038388
            ],
            [
              77.17948494118373,
              32.92002278423348
            ],
            [
              77.17385864200003,
              32.931129456000065
            ],
            [
              77.1665802010001,
              32.92805099499998
            ],
            [
              77.1637268070001,
              32.92510986400009
            ],
            [
              77.16156768900015,
              32.92111969000018
            ],
            [
              77.16043090800014,
              32.91608047600016
            ],
            [
              77.15743255500013,
              32.91323852500011
            ],
            [
              77.157363779015,
              32.91324330759738
            ],
            [
              77.16372288727872,
              32.936995664320754
            ],
            [
              77.16101689873308,
              32.9531673921945
            ],
            [
              77.14883995027768,
              32.95619959117083
            ],
            [
              77.14951644741409,
              32.977930350501175
            ],
            [
              77.13476755308857,
              32.98107833005847
            ],
            [
              77.12750244200004,
              32.98384094400012
            ],
            [
              77.12418553815176,
              32.98333693778599
            ],
            [
              77.11636808772995,
              32.98500548144594
            ],
            [
              77.11554595442041,
              32.98354684741338
            ],
            [
              77.11238098200016,
              32.984130860000164
            ],
            [
              77.10315704400006,
              32.98720169100012
            ],
            [
              77.09712219200009,
              32.97758102500006
            ],
            [
              77.08418274000007,
              32.973670960000106
            ],
            [
              77.08412318704578,
              32.973668904760224
            ],
            [
              77.04871837408885,
              32.999155743335464
            ],
            [
              77.04050953914005,
              32.99700406598942
            ],
            [
              77.03531646800019,
              32.999679566000054
            ],
            [
              77.02442169200009,
              32.996959686000025
            ],
            [
              77.01992034900007,
              32.99174881000005
            ],
            [
              77.01123809700005,
              32.99324035700005
            ],
            [
              77.00629819514383,
              32.99182094620411
            ],
            [
              76.99256911176674,
              33.00168257581574
            ],
            [
              76.98118808055803,
              33.00113405842693
            ],
            [
              76.98082733200016,
              33.0014610290001
            ],
            [
              76.96652221700003,
              33.00720977900005
            ],
            [
              76.96370697000009,
              33.01004028400018
            ],
            [
              76.96212768600014,
              33.01393127400007
            ],
            [
              76.95677948000014,
              33.01673889300014
            ],
            [
              76.94832611100014,
              33.01848983800011
            ],
            [
              76.93604085439314,
              33.026302016565104
            ],
            [
              76.93303736376258,
              33.02846700010663
            ],
            [
              76.90530098116973,
              33.07900364971209
            ],
            [
              76.9093599639882,
              33.09416464459373
            ],
            [
              76.8850060670774,
              33.12145443538068
            ],
            [
              76.87150060205386,
              33.11824428494113
            ],
            [
              76.86869049000018,
              33.12022018400006
            ],
            [
              76.86044311600006,
              33.116378784000005
            ],
            [
              76.8584127062789,
              33.1151333876635
            ],
            [
              76.85524019307532,
              33.114379304435914
            ],
            [
              76.84441623889275,
              33.137626163254424
            ],
            [
              76.8166798562999,
              33.15986228908083
            ],
            [
              76.81735635343631,
              33.19422721081254
            ],
            [
              76.83426878184657,
              33.20483990722969
            ],
            [
              76.82547431907324,
              33.21545260364683
            ],
            [
              76.84306324461993,
              33.24678532640222
            ],
            [
              76.83088629616452,
              33.24931215888249
            ],
            [
              76.82836621623544,
              33.24625295681146
            ],
            [
              76.82834625200019,
              33.24639892700003
            ],
            [
              76.82717132700009,
              33.24674987800006
            ],
            [
              76.82354736400015,
              33.24785995500014
            ],
            [
              76.82192230300006,
              33.24835205099998
            ],
            [
              76.81727600100004,
              33.248500823000086
            ],
            [
              76.81394195500009,
              33.24744033800016
            ],
            [
              76.8104885480008,
              33.24517024640448
            ],
            [
              76.79909093075321,
              33.2558819233312
            ],
            [
              76.78554694343921,
              33.25347291816288
            ],
            [
              76.78543853900015,
              33.253589631000125
            ],
            [
              76.77826690800015,
              33.25571060100009
            ],
            [
              76.76355743400006,
              33.254329681000065
            ],
            [
              76.75997161800018,
              33.25297927800017
            ],
            [
              76.75688171300006,
              33.250541686000076
            ],
            [
              76.75534057599998,
              33.24948883200017
            ],
            [
              76.75531318042881,
              33.24907409318701
            ],
            [
              76.73752969133982,
              33.260935588291744
            ],
            [
              76.7179112743839,
              33.32865469876306
            ],
            [
              76.69626336601874,
              33.32814933226701
            ],
            [
              76.67055647483512,
              33.341794227660486
            ],
            [
              76.6319961380597,
              33.4095133381318
            ],
            [
              76.62861365237765,
              33.434781662934526
            ],
            [
              76.61576020678584,
              33.439835327895075
            ],
            [
              76.58125885282888,
              33.4261904325016
            ],
            [
              76.56908190437348,
              33.46611438568991
            ],
            [
              76.54946348741757,
              33.46459828620175
            ],
            [
              76.5088736592329,
              33.498963207933464
            ],
            [
              76.5021086878688,
              33.51614566879932
            ],
            [
              76.45881287113849,
              33.53383349616123
            ],
            [
              76.46490134536619,
              33.545456925570484
            ],
            [
              76.45001840836515,
              33.563144752932395
            ],
            [
              76.43581196850052,
              33.542424726594156
            ],
            [
              76.41484055727177,
              33.53939252761783
            ],
            [
              76.37966270617841,
              33.553037423011304
            ],
            [
              76.38101570045123,
              33.57729501482193
            ],
            [
              76.35869129494967,
              33.603574072616766
            ],
            [
              76.30795400971884,
              33.60963847056942
            ],
            [
              76.29983604408191,
              33.59852040765622
            ],
            [
              76.30998350112807,
              33.57173598336532
            ],
            [
              76.25992271303367,
              33.565166218916616
            ],
            [
              76.24571627316904,
              33.545456925570484
            ],
            [
              76.2247448619403,
              33.547478391554705
            ],
            [
              76.20512644498439,
              33.56920915088505
            ],
            [
              76.2254213590767,
              33.57729501482193
            ],
            [
              76.23150983330441,
              33.58689697824696
            ],
            [
              76.22406836480388,
              33.60054187364044
            ],
            [
              76.24030429607775,
              33.60509017210493
            ],
            [
              76.22948034189517,
              33.629853130411604
            ],
            [
              76.27074666721624,
              33.64349802580507
            ],
            [
              76.28427660994447,
              33.661185853166984
            ],
            [
              76.26601118726137,
              33.67988441352101
            ],
            [
              76.26533469012496,
              33.74659279100021
            ],
            [
              76.23895130180493,
              33.77186111580294
            ],
            [
              76.20106746216591,
              33.77539868127533
            ],
            [
              76.16994859389101,
              33.79510797462145
            ],
            [
              76.13950622275252,
              33.84867682320324
            ],
            [
              76.09756340029503,
              33.876471980486244
            ],
            [
              76.04750261220062,
              33.92903009607592
            ],
            [
              76.02247221815342,
              33.99725457304329
            ],
            [
              75.97917640142312,
              34.001802871507785
            ],
            [
              75.98052939569594,
              33.979061379185325
            ],
            [
              75.94332205319334,
              33.9871472431222
            ],
            [
              75.86417188823326,
              33.978556012689275
            ],
            [
              75.85673041973273,
              33.96945941576029
            ],
            [
              75.86214239682401,
              34.017469232885475
            ],
            [
              75.81952307723013,
              34.04526439016848
            ],
            [
              75.79990466027421,
              34.042737557688206
            ],
            [
              75.77284477481777,
              34.055371720089575
            ],
            [
              75.74781438077056,
              34.096811772766046
            ],
            [
              75.7126365296772,
              34.115004966624014
            ],
            [
              75.68692963849358,
              34.15897185178076
            ],
            [
              75.69910658694897,
              34.21506753284282
            ],
            [
              75.69166511844846,
              34.23123926071657
            ],
            [
              75.67542918717459,
              34.22820706174024
            ],
            [
              75.65513427308227,
              34.242862690125826
            ],
            [
              75.59492602794168,
              34.19839043847302
            ],
            [
              75.58004309094065,
              34.21456216634677
            ],
            [
              75.55501269689344,
              34.21152996737044
            ],
            [
              75.4968339431621,
              34.23326072670079
            ],
            [
              75.47450953766054,
              34.28076517732992
            ],
            [
              75.41362479538354,
              34.28278664331414
            ],
            [
              75.39332988129122,
              34.29491543921945
            ],
            [
              75.39738886410969,
              34.32068913051823
            ],
            [
              75.37709395001735,
              34.348484287801234
            ],
            [
              75.46706806916,
              34.38335457602901
            ],
            [
              75.38453541851787,
              34.35707551823417
            ],
            [
              75.37777044715376,
              34.38739750799744
            ],
            [
              75.36559349869837,
              34.39245117295799
            ],
            [
              75.37235847006248,
              34.406601434847516
            ],
            [
              75.31959169342242,
              34.434901958626575
            ],
            [
              75.35747553306143,
              34.529910859884836
            ],
            [
              75.30132627073932,
              34.589038739923225
            ],
            [
              75.25600096259978,
              34.60622120078908
            ],
            [
              75.23908853418952,
              34.627951960119425
            ],
            [
              75.13152548950018,
              34.64665052047345
            ],
            [
              75.07808221572371,
              34.63856465653657
            ],
            [
              75.06116978731343,
              34.62643586063126
            ],
            [
              75.02057995912878,
              34.62593049413521
            ],
            [
              74.92519386289483,
              34.66332761484325
            ],
            [
              74.86430912061785,
              34.6628222483472
            ],
            [
              74.84874968648039,
              34.67444567775645
            ],
            [
              74.83319025234293,
              34.66332761484325
            ],
            [
              74.73306867615412,
              34.671413478780124
            ],
            [
              74.6512125226484,
              34.697187170078905
            ],
            [
              74.60656371164526,
              34.72649842685007
            ],
            [
              74.59371026605345,
              34.75682041661335
            ],
            [
              74.57138586055189,
              34.76793847952655
            ],
            [
              74.3190524286706,
              34.78613167338452
            ],
            [
              74.33810348516049,
              34.79050108281444
            ],
            [
              74.34126281700014,
              34.78969192500017
            ]
          ],
          [
            [
              77.42231309267532,
              33.19686805890473
            ],
            [
              77.46308393349857,
              33.1989831430988
            ],
            [
              77.45461665593544,
              33.203829174237576
            ],
            [
              77.42231309267532,
              33.19686805890473
            ]
          ],
          [
            [
              77.4032028735682,
              33.16996961900192
            ],
            [
              77.41985248809726,
              33.19633782166376
            ],
            [
              77.41943880484207,
              33.196248676796756
            ],
            [
              77.4032028735682,
              33.16996961900192
            ]
          ]
        ]
      }
    },
    {
      "type": "Feature",
      "properties": {
        "GID_2": "IND.13.7_1",
        "GID_0": "IND",
        "COUNTRY": "India",
        "GID_1": "IND.13_1",
        "NAME_1": "Himachal Pradesh",
        "NL_NAME_1": "NA",
        "NAME_2": "Lahul & Spiti",
        "VARNAME_2": "NA",
        "NL_NAME_2": "NA",
        "TYPE_2": "District",
        "ENGTYPE_2": "District",
        "CC_2": "NA",
        "HASC_2": "IN.HP.LS"
      },
      "geometry": {
        "type": "MultiPolygon",
        "coordinates": [
          [
            [
              [
                76.75534057599998,
                33.24948883200017
              ],
              [
                76.75688171300006,
                33.250541686000076
              ],
              [
                76.75997161800018,
                33.25297927800017
              ],
              [
                76.76355743400006,
                33.254329681000065
              ],
              [
                76.77826690800015,
                33.25571060100009
              ],
              [
                76.78543853900015,
                33.253589631000125
              ],
              [
                76.78554694343921,
                33.25347291816288
              ],
              [
                76.75647161115931,
                33.24830142589038
              ],
              [
                76.75531318042881,
                33.24907409318701
              ],
              [
                76.75534057599998,
                33.24948883200017
              ]
            ]
          ],
          [
            [
              [
                76.81394195500009,
                33.24744033800016
              ],
              [
                76.81727600100004,
                33.248500823000086
              ],
              [
                76.82192230300006,
                33.24835205099998
              ],
              [
                76.82354736400015,
                33.24785995500014
              ],
              [
                76.82717132700009,
                33.24674987800006
              ],
              [
                76.82834625200019,
                33.24639892700003
              ],
              [
                76.82836621623544,
                33.24625295681146
              ],
              [
                76.82006234198195,
                33.23617262998507
              ],
              [
                76.8104885480008,
                33.24517024640448
              ],
              [
                76.81394195500009,
                33.24744033800016
              ]
            ]
          ],
          [
            [
              [
                76.86044311600006,
                33.116378784000005
              ],
              [
                76.86869049000018,
                33.12022018400006
              ],
              [
                76.87150060205386,
                33.11824428494113
              ],
              [
                76.8584127062789,
                33.1151333876635
              ],
              [
                76.86044311600006,
                33.116378784000005
              ]
            ]
          ],
          [
            [
              [
                76.94832611100014,
                33.01848983800011
              ],
              [
                76.95677948000014,
                33.01673889300014
              ],
              [
                76.96212768600014,
                33.01393127400007
              ],
              [
                76.96370697000009,
                33.01004028400018
              ],
              [
                76.96652221700003,
                33.00720977900005
              ],
              [
                76.98082733200016,
                33.0014610290001
              ],
              [
                76.98118808055803,
                33.00113405842693
              ],
              [
                76.97159770053801,
                33.00067184282363
              ],
              [
                76.93604085439314,
                33.026302016565104
              ],
              [
                76.94832611100014,
                33.01848983800011
              ]
            ]
          ],
          [
            [
              [
                77.01123809700005,
                32.99324035700005
              ],
              [
                77.01992034900007,
                32.99174881000005
              ],
              [
                77.02442169200009,
                32.996959686000025
              ],
              [
                77.03531646800019,
                32.999679566000054
              ],
              [
                77.04050953914005,
                32.99700406598942
              ],
              [
                77.01015803731343,
                32.98904841341437
              ],
              [
                77.00629819514383,
                32.99182094620411
              ],
              [
                77.01123809700005,
                32.99324035700005
              ]
            ]
          ],
          [
            [
              [
                77.08418274000007,
                32.973670960000106
              ],
              [
                77.09712219200009,
                32.97758102500006
              ],
              [
                77.10315704400006,
                32.98720169100012
              ],
              [
                77.11238098200016,
                32.984130860000164
              ],
              [
                77.11554595442041,
                32.98354684741338
              ],
              [
                77.11095611063867,
                32.975403518020904
              ],
              [
                77.08592571659146,
                32.972371319044576
              ],
              [
                77.08412318704578,
                32.973668904760224
              ],
              [
                77.08418274000007,
                32.973670960000106
              ]
            ]
          ],
          [
            [
              [
                77.12750244200004,
                32.98384094400012
              ],
              [
                77.13476755308857,
                32.98107833005847
              ],
              [
                77.12418553815176,
                32.98333693778599
              ],
              [
                77.12750244200004,
                32.98384094400012
              ]
            ]
          ],
          [
            [
              [
                77.15743255500013,
                32.91323852500011
              ],
              [
                77.16043090800014,
                32.91608047600016
              ],
              [
                77.16156768900015,
                32.92111969000018
              ],
              [
                77.1637268070001,
                32.92510986400009
              ],
              [
                77.1665802010001,
                32.92805099499998
              ],
              [
                77.17385864200003,
                32.931129456000065
              ],
              [
                77.17948494118373,
                32.92002278423348
              ],
              [
                77.17048785864283,
                32.91071660652592
              ],
              [
                77.15695791591462,
                32.91172733951802
              ],
              [
                77.157363779015,
                32.91324330759738
              ],
              [
                77.15743255500013,
                32.91323852500011
              ]
            ]
          ],
          [
            [
              [
                77.25831604000007,
                32.87636184700017
              ],
              [
                77.2673173510105,
                32.8687509590347
              ],
              [
                77.25437350355779,
                32.86371752239283
              ],
              [
                77.25023750162046,
                32.867757944943975
              ],
              [
                77.25831604000007,
                32.87636184700017
              ]
            ]
          ],
          [
            [
              [
                77.29795837500012,
                32.8540115350001
              ],
              [
                77.3051605230001,
                32.854049682000095
              ],
              [
                77.30906687854238,
                32.849930141310246
              ],
              [
                77.30105180597015,
                32.849567260503306
              ],
              [
                77.2963629870658,
                32.85377051018958
              ],
              [
                77.29795837500012,
                32.8540115350001
              ]
            ]
          ],
          [
            [
              [
                77.34046173200016,
                32.82054138200016
              ],
              [
                77.34839630100004,
                32.821201325000175
              ],
              [
                77.35647583000019,
                32.82527160600006
              ],
              [
                77.35955047600004,
                32.838161470000045
              ],
              [
                77.36184692400013,
                32.84260940600018
              ],
              [
                77.36267089800009,
                32.84659958000009
              ],
              [
                77.35980987600016,
                32.85161972100008
              ],
              [
                77.35871887200011,
                32.85639953700013
              ],
              [
                77.35968017500016,
                32.859580994
              ],
              [
                77.36306762600003,
                32.86352920600019
              ],
              [
                77.37124633700006,
                32.86742019600007
              ],
              [
                77.37938690100003,
                32.8808288570001
              ],
              [
                77.38746643200017,
                32.88552093400011
              ],
              [
                77.39541625900006,
                32.887329101000034
              ],
              [
                77.39733123700006,
                32.88698959300001
              ],
              [
                77.39917755100004,
                32.88393020700005
              ],
              [
                77.40312194800003,
                32.88145065300006
              ],
              [
                77.4034492483148,
                32.88129982421896
              ],
              [
                77.37411349670253,
                32.854620925463855
              ],
              [
                77.37276050242971,
                32.82328820270847
              ],
              [
                77.33893564560917,
                32.816718438259755
              ],
              [
                77.33764789372178,
                32.81952077064379
              ],
              [
                77.34046173200016,
                32.82054138200016
              ]
            ]
          ],
          [
            [
              [
                77.4257202140002,
                32.883670807000044
              ],
              [
                77.42744822160498,
                32.8812046211758
              ],
              [
                77.42205604312004,
                32.881621325492944
              ],
              [
                77.4257202140002,
                32.883670807000044
              ]
            ]
          ],
          [
            [
              [
                77.47318267800007,
                32.87879180900012
              ],
              [
                77.4845504760001,
                32.88653945900006
              ],
              [
                77.49434661800007,
                32.88151168900009
              ],
              [
                77.4969342296556,
                32.881851333524175
              ],
              [
                77.46882309580006,
                32.85866385743229
              ],
              [
                77.45631373044704,
                32.86277562386894
              ],
              [
                77.47318267800007,
                32.87879180900012
              ]
            ]
          ],
          [
            [
              [
                77.50623321500007,
                32.88307189900007
              ],
              [
                77.51129150399998,
                32.88542938200016
              ],
              [
                77.51956176700014,
                32.887378694000176
              ],
              [
                77.52320099000008,
                32.889781951000145
              ],
              [
                77.52700042800018,
                32.892280578
              ],
              [
                77.53531646700003,
                32.90229034499998
              ],
              [
                77.54471588100006,
                32.911731720000034
              ],
              [
                77.54949188200004,
                32.91336059600019
              ],
              [
                77.5538482660001,
                32.91310882700003
              ],
              [
                77.56964874400018,
                32.92166137800007
              ],
              [
                77.579666138,
                32.931678772000055
              ],
              [
                77.58096313400006,
                32.93450164900014
              ],
              [
                77.58152771000005,
                32.93923187300015
              ],
              [
                77.58392334000018,
                32.943801880000024
              ],
              [
                77.58637237500005,
                32.93989944500015
              ],
              [
                77.59343719600008,
                32.94153976400008
              ],
              [
                77.60172252595575,
                32.94210670741922
              ],
              [
                77.59600455744533,
                32.92739370089571
              ],
              [
                77.5391787979868,
                32.88696438121135
              ],
              [
                77.51279540966678,
                32.87736241778631
              ],
              [
                77.50492002204723,
                32.88289953202432
              ],
              [
                77.50623321500007,
                32.88307189900007
              ]
            ]
          ],
          [
            [
              [
                77.63849640000007,
                32.95613861100014
              ],
              [
                77.64334869499999,
                32.95785141100009
              ],
              [
                77.64987945600006,
                32.95829010100016
              ],
              [
                77.65331268400013,
                32.95940017600009
              ],
              [
                77.65637207000015,
                32.965961456000116
              ],
              [
                77.65998840400005,
                32.968959809000125
              ],
              [
                77.66307830900013,
                32.97592926100003
              ],
              [
                77.66520690900006,
                32.986030579000044
              ],
              [
                77.67086029100011,
                32.986270905000026
              ],
              [
                77.67800140400004,
                32.980720520000034
              ],
              [
                77.67930544202271,
                32.978142538650175
              ],
              [
                77.67380172813259,
                32.96074788963532
              ],
              [
                77.63061107012771,
                32.9500943853861
              ],
              [
                77.63849640000007,
                32.95613861100014
              ]
            ]
          ],
          [
            [
              [
                77.82508850100004,
                32.83987045300012
              ],
              [
                77.82829146948664,
                32.837412902310255
              ],
              [
                77.82601358382506,
                32.83642773160589
              ],
              [
                77.82178169269217,
                32.83916443771369
              ],
              [
                77.82508850100004,
                32.83987045300012
              ]
            ]
          ],
          [
            [
              [
                77.89949798499998,
                32.77532196000004
              ],
              [
                77.9034957880001,
                32.77289962700007
              ],
              [
                77.90892791700009,
                32.772121430000084
              ],
              [
                77.90910431351912,
                32.771860652523316
              ],
              [
                77.90381075451232,
                32.7717408201109
              ],
              [
                77.89946960874121,
                32.775319285602194
              ],
              [
                77.89949798499998,
                32.77532196000004
              ]
            ]
          ],
          [
            [
              [
                78.03273773100005,
                32.633750916000054
              ],
              [
                78.03389740000017,
                32.635608673000036
              ],
              [
                78.03471318962129,
                32.63506745740083
              ],
              [
                78.03271892358086,
                32.633412140808595
              ],
              [
                78.03273773100005,
                32.633750916000054
              ]
            ]
          ],
          [
            [
              [
                78.07293701200001,
                32.644401550000055
              ],
              [
                78.07900237900014,
                32.65279007100003
              ],
              [
                78.08851623500004,
                32.65983200100004
              ],
              [
                78.0933761600001,
                32.66215133700007
              ],
              [
                78.09926605100009,
                32.65996933000008
              ],
              [
                78.1023959970822,
                32.6558233892497
              ],
              [
                78.09255345557098,
                32.64792602857752
              ],
              [
                78.09864192979867,
                32.63023820121561
              ],
              [
                78.0871414784797,
                32.624173803262956
              ],
              [
                78.06747623886726,
                32.62568053213591
              ],
              [
                78.07293701200001,
                32.644401550000055
              ]
            ]
          ],
          [
            [
              [
                78.13066101000004,
                32.66006088200004
              ],
              [
                78.13600158700007,
                32.67031860500009
              ],
              [
                78.14362055579451,
                32.6759863728078
              ],
              [
                78.14734972362027,
                32.654495793026236
              ],
              [
                78.13002945231013,
                32.658329521913686
              ],
              [
                78.13066101000004,
                32.66006088200004
              ]
            ]
          ],
          [
            [
              [
                78.15841674800009,
                32.67913055500003
              ],
              [
                78.17047882100007,
                32.67721176300006
              ],
              [
                78.17356168030454,
                32.674890505042896
              ],
              [
                78.15483374718372,
                32.67906308242235
              ],
              [
                78.15841674800009,
                32.67913055500003
              ]
            ]
          ],
          [
            [
              [
                78.21293640100009,
                32.66918945400005
              ],
              [
                78.2249679570001,
                32.6755599980001
              ],
              [
                78.2332611080002,
                32.68370056200007
              ],
              [
                78.23658752400007,
                32.694671631000176
              ],
              [
                78.25911712700015,
                32.702919007000105
              ],
              [
                78.27274322500013,
                32.70293045100016
              ],
              [
                78.28486633300008,
                32.706779481000126
              ],
              [
                78.29572296200018,
                32.71281051600005
              ],
              [
                78.29856109500008,
                32.71974182100007
              ],
              [
                78.29811096200007,
                32.72483062700013
              ],
              [
                78.29461670000012,
                32.73160934500004
              ],
              [
                78.28765869200015,
                32.73783111600011
              ],
              [
                78.31394958600009,
                32.74898147600004
              ],
              [
                78.34474182200006,
                32.76343154799997
              ],
              [
                78.36428070000005,
                32.76298141500013
              ],
              [
                78.37135314900019,
                32.761829376000094
              ],
              [
                78.37277221699998,
                32.76015090900006
              ],
              [
                78.37237205471193,
                32.757330968450496
              ],
              [
                78.35638733877126,
                32.757590558221374
              ],
              [
                78.30429705926761,
                32.73434369940286
              ],
              [
                78.31241502490454,
                32.70907537460013
              ],
              [
                78.25288327690038,
                32.690882180742165
              ],
              [
                78.24611830553627,
                32.67167825389209
              ],
              [
                78.21973491721624,
                32.66460312294733
              ],
              [
                78.207603160616,
                32.66730607435348
              ],
              [
                78.21293640100009,
                32.66918945400005
              ]
            ]
          ],
          [
            [
              [
                78.3563613890002,
                32.512660980000085
              ],
              [
                78.37668609600009,
                32.526050567000084
              ],
              [
                78.38243103000008,
                32.52965164100016
              ],
              [
                78.3943862910001,
                32.528530121000074
              ],
              [
                78.39791870100015,
                32.52706909200009
              ],
              [
                78.3990631100001,
                32.52637100200002
              ],
              [
                78.3993005597401,
                32.52583445678206
              ],
              [
                78.39833016122874,
                32.52562733653231
              ],
              [
                78.32662146476918,
                32.47205848795053
              ],
              [
                78.31727518460751,
                32.48141732682866
              ],
              [
                78.3563613890002,
                32.512660980000085
              ]
            ]
          ]
        ]
      }
    },
    {
      "type": "Feature",
      "properties": {
        "GID_2": "Z01.14.3_1",
        "GID_0": "Z01",
        "COUNTRY": "India",
        "GID_1": "Z01.14_1",
        "NAME_1": "Jammu and Kashmir",
        "NL_NAME_1": "NA",
        "NAME_2": "Bandipore",
        "VARNAME_2": "NA",
        "NL_NAME_2": "NA",
        "TYPE_2": "District",
        "ENGTYPE_2": "District",
        "CC_2": "NA",
        "HASC_2": "IN.JK.BP"
      },
      "geometry": {
        "type": "MultiPolygon",
        "coordinates": [
          [
            [
              [
                74.58017730699999,
                34.77009963900019
              ],
              [
                74.61242675800014,
                34.746372222000105
              ],
              [
                74.61815643400014,
                34.742149354000105
              ],
              [
                74.63154602100013,
                34.73799896200012
              ],
              [
                74.63883209300013,
                34.73353958100017
              ],
              [
                74.64798736699998,
                34.72261810400005
              ],
              [
                74.65805816600005,
                34.71060180600006
              ],
              [
                74.67130279500003,
                34.70069885200013
              ],
              [
                74.7030029300002,
                34.69308090300012
              ],
              [
                74.72807312000009,
                34.688583374000075
              ],
              [
                74.73931884699999,
                34.68722152800018
              ],
              [
                74.76312255900007,
                34.684337616000164
              ],
              [
                74.76640319800003,
                34.68519210800014
              ],
              [
                74.77214050200007,
                34.68270874100011
              ],
              [
                74.78659057700008,
                34.68273162800011
              ],
              [
                74.83560180600017,
                34.67755127000015
              ],
              [
                74.85389709500004,
                34.67819976800013
              ],
              [
                74.88981628400006,
                34.683872223000094
              ],
              [
                74.89375305100009,
                34.68449020500009
              ],
              [
                74.91050720300007,
                34.683208465000064
              ],
              [
                74.927810669,
                34.67831039500015
              ],
              [
                74.94671630800008,
                34.66635131800018
              ],
              [
                74.99780273400017,
                34.65108108500016
              ],
              [
                75.00000000000006,
                34.649456024000074
              ],
              [
                75.00364685,
                34.64675903400001
              ],
              [
                75.01874542300004,
                34.641498566000166
              ],
              [
                75.02990722600016,
                34.641471864000096
              ],
              [
                75.04180145300006,
                34.64141845700004
              ],
              [
                75.05079651000011,
                34.643920899000136
              ],
              [
                75.05449676600006,
                34.64662170500014
              ],
              [
                75.0847244270001,
                34.655380249000075
              ],
              [
                75.10555267299998,
                34.65565872200011
              ],
              [
                75.11119842500011,
                34.657989503000124
              ],
              [
                75.14229583700006,
                34.66241073600008
              ],
              [
                75.16467285100009,
                34.66044998100011
              ],
              [
                75.1772766110002,
                34.65745925900012
              ],
              [
                75.1784973140002,
                34.657176972000116
              ],
              [
                75.20671844400005,
                34.646289825
              ],
              [
                75.23575592000009,
                34.64829254100016
              ],
              [
                75.24971008300008,
                34.64731216500007
              ],
              [
                75.2596359260001,
                34.644081116000166
              ],
              [
                75.266059875,
                34.63954925600018
              ],
              [
                75.26693725600006,
                34.63454055700009
              ],
              [
                75.25807952800011,
                34.61759948800017
              ],
              [
                75.26185608000009,
                34.61088180600019
              ],
              [
                75.2791519160001,
                34.60174942000003
              ],
              [
                75.33519744900008,
                34.572132110000155
              ],
              [
                75.35054779100011,
                34.56224060100004
              ],
              [
                75.37782287600004,
                34.5524215690001
              ],
              [
                75.36717986999997,
                34.540252686000144
              ],
              [
                75.36432647700008,
                34.51741027800006
              ],
              [
                75.3514785770002,
                34.511699676000035
              ],
              [
                75.35002009878016,
                34.51121337234881
              ],
              [
                75.35747553306143,
                34.529910859884836
              ],
              [
                75.30132627073932,
                34.589038739923225
              ],
              [
                75.25600096259978,
                34.60622120078908
              ],
              [
                75.23908853418952,
                34.627951960119425
              ],
              [
                75.13152548950018,
                34.64665052047345
              ],
              [
                75.07808221572371,
                34.63856465653657
              ],
              [
                75.06116978731343,
                34.62643586063126
              ],
              [
                75.02057995912878,
                34.62593049413521
              ],
              [
                74.92519386289483,
                34.66332761484325
              ],
              [
                74.86430912061785,
                34.6628222483472
              ],
              [
                74.84874968648039,
                34.67444567775645
              ],
              [
                74.83319025234293,
                34.66332761484325
              ],
              [
                74.73306867615412,
                34.671413478780124
              ],
              [
                74.6512125226484,
                34.697187170078905
              ],
              [
                74.60656371164526,
                34.72649842685007
              ],
              [
                74.59371026605345,
                34.75682041661335
              ],
              [
                74.5756359833518,
                34.76582182147377
              ],
              [
                74.57715606800002,
                34.769489288000045
              ],
              [
                74.58017730699999,
                34.77009963900019
              ]
            ]
          ],
          [
            [
              [
                75.3514785770002,
                34.476009368000064
              ],
              [
                75.3500518800002,
                34.45887756300016
              ],
              [
                75.33720398000008,
                34.457447053000124
              ],
              [
                75.32612973206388,
                34.451298709157335
              ],
              [
                75.34113677919778,
                34.48893489051885
              ],
              [
                75.3514785770002,
                34.476009368000064
              ]
            ]
          ],
          [
            [
              [
                75.32160257036169,
                34.43382346048323
              ],
              [
                75.31959169342242,
                34.434901958626575
              ],
              [
                75.32335353797582,
                34.4443362905509
              ],
              [
                75.32160257036169,
                34.43382346048323
              ]
            ]
          ],
          [
            [
              [
                75.36726568695639,
                34.391757183060776
              ],
              [
                75.36559349869837,
                34.39245117295799
              ],
              [
                75.36687021469838,
                34.39512167439639
              ],
              [
                75.36726568695639,
                34.391757183060776
              ]
            ]
          ]
        ]
      }
    },
    {
      "type": "Feature",
      "properties": {
        "GID_2": "Z01.14.6_1",
        "GID_0": "Z01",
        "COUNTRY": "India",
        "GID_1": "Z01.14_1",
        "NAME_1": "Jammu and Kashmir",
        "NL_NAME_1": "NA",
        "NAME_2": "Ganderbal",
        "VARNAME_2": "NA",
        "NL_NAME_2": "NA",
        "TYPE_2": "District",
        "ENGTYPE_2": "District",
        "CC_2": "NA",
        "HASC_2": "IN.JK.GA"
      },
      "geometry": {
        "type": "MultiPolygon",
        "coordinates": [
          [
            [
              [
                75.38002777000008,
                34.34751892200018
              ],
              [
                75.38002777000008,
                34.344466237392695
              ],
              [
                75.37709395001735,
                34.348484287801234
              ],
              [
                75.37908169570562,
                34.349254656722145
              ],
              [
                75.38002777000008,
                34.34751892200018
              ]
            ]
          ],
          [
            [
              [
                75.44712829600019,
                34.283271789000025
              ],
              [
                75.44902584567613,
                34.281611274637264
              ],
              [
                75.4285100240476,
                34.282292431097964
              ],
              [
                75.44712829600019,
                34.283271789000025
              ]
            ]
          ]
        ]
      }
    },
    {
      "type": "Feature",
      "properties": {
        "GID_2": "Z01.14.8_1",
        "GID_0": "Z01",
        "COUNTRY": "India",
        "GID_1": "Z01.14_1",
        "NAME_1": "Jammu and Kashmir",
        "NL_NAME_1": "NA",
        "NAME_2": "Kargil",
        "VARNAME_2": "NA",
        "NL_NAME_2": "NA",
        "TYPE_2": "District",
        "ENGTYPE_2": "District",
        "CC_2": "NA",
        "HASC_2": "IN.JK.KR"
      },
      "geometry": {
        "type": "Polygon",
        "coordinates": [
          [
            [
              75.39497375500008,
              34.54880905200008
            ],
            [
              75.41396331800019,
              34.54734039300013
            ],
            [
              75.46463775699999,
              34.54338836800008
            ],
            [
              75.47850799500014,
              34.53934860200013
            ],
            [
              75.50609588700013,
              34.537330627000074
            ],
            [
              75.51687622000009,
              34.53779220600018
            ],
            [
              75.52120208800011,
              34.539588928000114
            ],
            [
              75.55179595900006,
              34.538139344000115
            ],
            [
              75.56463623000008,
              34.53874969600014
            ],
            [
              75.57888793800015,
              34.53944015600007
            ],
            [
              75.59188842700013,
              34.540069580000136
            ],
            [
              75.61556243900014,
              34.538539886000024
            ],
            [
              75.64414978100007,
              34.53353881900006
            ],
            [
              75.69230651800012,
              34.52153015100015
            ],
            [
              75.7138366690001,
              34.51840210000006
            ],
            [
              75.7292327880001,
              34.51615905700015
            ],
            [
              75.74920654400017,
              34.51583099400011
            ],
            [
              75.76877593900015,
              34.52214050300017
            ],
            [
              75.79302978500016,
              34.53392028900015
            ],
            [
              75.8104782100001,
              34.548171997
            ],
            [
              75.82064819400011,
              34.55891037000009
            ],
            [
              75.84107971200007,
              34.57310104300012
            ],
            [
              75.84327697700007,
              34.574630737000064
            ],
            [
              75.88146209700005,
              34.59074020400004
            ],
            [
              75.91192626900005,
              34.60113143899997
            ],
            [
              75.9186477660001,
              34.60483932500018
            ],
            [
              75.93221283000014,
              34.62443161100015
            ],
            [
              75.94625091500001,
              34.631179810000106
            ],
            [
              75.96720886200012,
              34.633602143000076
            ],
            [
              75.96821594200014,
              34.63333892800006
            ],
            [
              75.98327636700003,
              34.629409791000114
            ],
            [
              75.9918518070001,
              34.62997055000006
            ],
            [
              76.00038909900019,
              34.635810852000134
            ],
            [
              76.01436615000019,
              34.65357208400013
            ],
            [
              76.02542877300004,
              34.664100647000055
            ],
            [
              76.03646087700014,
              34.67026901300005
            ],
            [
              76.05502319400006,
              34.67602920600012
            ],
            [
              76.07444000200007,
              34.67631149400006
            ],
            [
              76.08582306000011,
              34.67145919900014
            ],
            [
              76.09295654200002,
              34.66656112700002
            ],
            [
              76.12193298300008,
              34.64665222200006
            ],
            [
              76.1307525630001,
              34.6435203550002
            ],
            [
              76.13909149100016,
              34.64247894400012
            ],
            [
              76.1579132080002,
              34.64340973000003
            ],
            [
              76.19278717000003,
              34.65526962300015
            ],
            [
              76.1978530880001,
              34.65913009700017
            ],
            [
              76.22737884600008,
              34.672142029000156
            ],
            [
              76.23429870500019,
              34.67309951900012
            ],
            [
              76.26004791200006,
              34.684371949000024
            ],
            [
              76.27511596800014,
              34.693641664000104
            ],
            [
              76.28330230700004,
              34.70151901300005
            ],
            [
              76.28994750999999,
              34.71232223400011
            ],
            [
              76.30150604200014,
              34.724441529000046
            ],
            [
              76.31613922000014,
              34.73163223400019
            ],
            [
              76.32872009200014,
              34.733055116000116
            ],
            [
              76.33856964099999,
              34.631320954000046
            ],
            [
              76.37303924600019,
              34.61624145500019
            ],
            [
              76.37303924600019,
              34.583522796000125
            ],
            [
              76.38196563700006,
              34.54485702500017
            ],
            [
              76.42359924300013,
              34.55377960200008
            ],
            [
              76.47119140600017,
              34.55973052900015
            ],
            [
              76.49796295300008,
              34.55675506699998
            ],
            [
              76.52472686700014,
              34.535934449000024
            ],
            [
              76.55149841399998,
              34.527011871000184
            ],
            [
              76.58718872100013,
              34.51214218100017
            ],
            [
              76.58124542300004,
              34.47942352299998
            ],
            [
              76.58124542300004,
              34.44372940100004
            ],
            [
              76.58124542300004,
              34.408039093000184
            ],
            [
              76.59016418400017,
              34.387218475
            ],
            [
              76.61693573000014,
              34.384243011000024
            ],
            [
              76.6645202630001,
              34.36937332100018
            ],
            [
              76.68534088100012,
              34.35152816800007
            ],
            [
              76.67642212000015,
              34.32475662300004
            ],
            [
              76.67344665600018,
              34.29204177800011
            ],
            [
              76.66749572700007,
              34.265270233000024
            ],
            [
              76.65857696400015,
              34.244449615000065
            ],
            [
              76.65857696400015,
              34.21470642100002
            ],
            [
              76.67642212000015,
              34.20875930800014
            ],
            [
              76.6704711910001,
              34.18199157800012
            ],
            [
              76.65139770500008,
              34.154869080000026
            ],
            [
              76.68508148100011,
              34.13562011800008
            ],
            [
              76.71456909300015,
              34.11034011800007
            ],
            [
              76.71211242800018,
              34.08086395200013
            ],
            [
              76.67939758200015,
              34.08681106600011
            ],
            [
              76.66761779800017,
              34.1065597540001
            ],
            [
              76.66047668500005,
              34.13368606500018
            ],
            [
              76.64334869300002,
              34.136543274000076
            ],
            [
              76.62193298400007,
              34.12369537400019
            ],
            [
              76.63049316300004,
              34.10370636000005
            ],
            [
              76.64762878400006,
              34.08942794800009
            ],
            [
              76.64334869300002,
              34.06515884400005
            ],
            [
              76.62050628700007,
              34.05802154600019
            ],
            [
              76.59194946200012,
              34.06087494000019
            ],
            [
              76.56482696600006,
              34.073726655000144
            ],
            [
              76.53199005200003,
              34.06373214700005
            ],
            [
              76.51628112900016,
              34.04660034200003
            ],
            [
              76.51200103800011,
              34.02375793400006
            ],
            [
              76.52484893799999,
              33.99663162200005
            ],
            [
              76.55340576100019,
              33.98092651400003
            ],
            [
              76.57767486600011,
              33.96664810200008
            ],
            [
              76.60622406099998,
              33.949516297
            ],
            [
              76.60908508300014,
              33.919536590000064
            ],
            [
              76.61764526400009,
              33.896694184000125
            ],
            [
              76.64048767100007,
              33.878131867000036
            ],
            [
              76.66904449500015,
              33.87242126500007
            ],
            [
              76.69474029600002,
              33.865283965000174
            ],
            [
              76.70902252300004,
              33.85100936900017
            ],
            [
              76.723297119,
              33.83673095700004
            ],
            [
              76.75898742700019,
              33.83244705200008
            ],
            [
              76.79325103700012,
              33.83244705200008
            ],
            [
              76.81894683900009,
              33.82673645100016
            ],
            [
              76.85035705600006,
              33.80817794900008
            ],
            [
              76.86463928200016,
              33.788188935000164
            ],
            [
              76.8831939700001,
              33.761062622000054
            ],
            [
              76.91745758000019,
              33.736793519000116
            ],
            [
              76.94886779700016,
              33.72108841000016
            ],
            [
              76.98884582500006,
              33.70538330000011
            ],
            [
              77.0188217170001,
              33.70538330000011
            ],
            [
              77.04023742600003,
              33.72394561700003
            ],
            [
              77.05451965300006,
              33.73393631000005
            ],
            [
              77.06879425100004,
              33.72394561700003
            ],
            [
              77.0816421510001,
              33.71109390200013
            ],
            [
              77.10305786200001,
              33.71680450500003
            ],
            [
              77.12447357100012,
              33.71823501700004
            ],
            [
              77.1458892820001,
              33.70110321100009
            ],
            [
              77.1815795890002,
              33.671119689000136
            ],
            [
              77.22048187200011,
              33.64899063200011
            ],
            [
              77.24546814000018,
              33.63649749699999
            ],
            [
              77.26152801500018,
              33.61151504600019
            ],
            [
              77.26152801500018,
              33.590099335000104
            ],
            [
              77.28651428200016,
              33.591884614000094
            ],
            [
              77.31507110700011,
              33.584747314000026
            ],
            [
              77.32577514600018,
              33.5651168820001
            ],
            [
              77.35789489800015,
              33.5651168820001
            ],
            [
              77.38109588600014,
              33.563331604000155
            ],
            [
              77.40608215400016,
              33.54548645000017
            ],
            [
              77.42392730799997,
              33.5294227600001
            ],
            [
              77.44177246100008,
              33.51157760600012
            ],
            [
              77.46675872800006,
              33.513362884
            ],
            [
              77.49887848000003,
              33.50444030900013
            ],
            [
              77.51494598300013,
              33.4848098760001
            ],
            [
              77.51137542800001,
              33.46160888700007
            ],
            [
              77.52249908400006,
              33.43296051000016
            ],
            [
              77.5449905390002,
              33.41881561400004
            ],
            [
              77.55070495600006,
              33.40025329700012
            ],
            [
              77.54213714700018,
              33.377410888999975
            ],
            [
              77.52928924500014,
              33.360279083000194
            ],
            [
              77.50501251200006,
              33.34600448700007
            ],
            [
              77.4750366200002,
              33.32886886700015
            ],
            [
              77.45076751800013,
              33.30888366800008
            ],
            [
              77.42791748000008,
              33.291751862000126
            ],
            [
              77.41506958000019,
              33.26890945400015
            ],
            [
              77.39794159000019,
              33.244636537000076
            ],
            [
              77.37352752600009,
              33.21834564300008
            ],
            [
              77.36510467600004,
              33.200378418000184
            ],
            [
              77.36081695600018,
              33.18039321900011
            ],
            [
              77.35796356200018,
              33.16040420500019
            ],
            [
              77.3622512830001,
              33.1389884940001
            ],
            [
              77.36795806800006,
              33.11757278500016
            ],
            [
              77.37223815800013,
              33.10329818700018
            ],
            [
              77.35368347100012,
              33.09758758600009
            ],
            [
              77.33797454800003,
              33.087593078
            ],
            [
              77.32941436700008,
              33.07331466700015
            ],
            [
              77.30942535499999,
              33.059040070000094
            ],
            [
              77.30513763400006,
              33.03762435900018
            ],
            [
              77.30513763400006,
              33.0190658570001
            ],
            [
              77.30371093700006,
              32.99765014600018
            ],
            [
              77.28943634100006,
              32.99479293900009
            ],
            [
              77.29086303700018,
              32.973377228000174
            ],
            [
              77.29086303700018,
              32.951965332999976
            ],
            [
              77.29515075600011,
              32.93197631900006
            ],
            [
              77.30371093700006,
              32.913417816000106
            ],
            [
              77.3122787480001,
              32.90342331000005
            ],
            [
              77.31799316400003,
              32.890575409000064
            ],
            [
              77.32798004199998,
              32.88058090300018
            ],
            [
              77.32941436700008,
              32.864875794000056
            ],
            [
              77.33369445700004,
              32.84203338600014
            ],
            [
              77.34839630100004,
              32.821201325000175
            ],
            [
              77.34046173200016,
              32.82054138200016
            ],
            [
              77.33764789372178,
              32.81952077064379
            ],
            [
              77.32337621147171,
              32.85057799349541
            ],
            [
              77.30906687854238,
              32.849930141310246
            ],
            [
              77.3051605230001,
              32.854049682000095
            ],
            [
              77.29795837500012,
              32.8540115350001
            ],
            [
              77.2963629870658,
              32.85377051018958
            ],
            [
              77.27592015279743,
              32.872096305763726
            ],
            [
              77.2673173510105,
              32.8687509590347
            ],
            [
              77.25831604000007,
              32.87636184700017
            ],
            [
              77.25023750162046,
              32.867757944943975
            ],
            [
              77.23678457801111,
              32.88089998325869
            ],
            [
              77.24354954937522,
              32.89252341266795
            ],
            [
              77.19890073837209,
              32.90920050703775
            ],
            [
              77.18807678418952,
              32.92890980038388
            ],
            [
              77.17948494118373,
              32.92002278423348
            ],
            [
              77.17385864200003,
              32.931129456000065
            ],
            [
              77.1665802010001,
              32.92805099499998
            ],
            [
              77.1637268070001,
              32.92510986400009
            ],
            [
              77.16156768900015,
              32.92111969000018
            ],
            [
              77.16043090800014,
              32.91608047600016
            ],
            [
              77.15743255500013,
              32.91323852500011
            ],
            [
              77.157363779015,
              32.91324330759738
            ],
            [
              77.16372288727872,
              32.936995664320754
            ],
            [
              77.16101689873308,
              32.9531673921945
            ],
            [
              77.14883995027768,
              32.95619959117083
            ],
            [
              77.14951644741409,
              32.977930350501175
            ],
            [
              77.13476755308857,
              32.98107833005847
            ],
            [
              77.12750244200004,
              32.98384094400012
            ],
            [
              77.12418553815176,
              32.98333693778599
            ],
            [
              77.11636808772995,
              32.98500548144594
            ],
            [
              77.11554595442041,
              32.98354684741338
            ],
            [
              77.11238098200016,
              32.984130860000164
            ],
            [
              77.10315704400006,
              32.98720169100012
            ],
            [
              77.09712219200009,
              32.97758102500006
            ],
            [
              77.08418274000007,
              32.973670960000106
            ],
            [
              77.08412318704578,
              32.973668904760224
            ],
            [
              77.04871837408885,
              32.999155743335464
            ],
            [
              77.04050953914005,
              32.99700406598942
            ],
            [
              77.03531646800019,
              32.999679566000054
            ],
            [
              77.02442169200009,
              32.996959686000025
            ],
            [
              77.01992034900007,
              32.99174881000005
            ],
            [
              77.01123809700005,
              32.99324035700005
            ],
            [
              77.00629819514383,
              32.99182094620411
            ],
            [
              76.99256911176674,
              33.00168257581574
            ],
            [
              76.98118808055803,
              33.00113405842693
            ],
            [
              76.98082733200016,
              33.0014610290001
            ],
            [
              76.96652221700003,
              33.00720977900005
            ],
            [
              76.96370697000009,
              33.01004028400018
            ],
            [
              76.96212768600014,
              33.01393127400007
            ],
            [
              76.95677948000014,
              33.01673889300014
            ],
            [
              76.94832611100014,
              33.01848983800011
            ],
            [
              76.93604085439314,
              33.026302016565104
            ],
            [
              76.93303736376258,
              33.02846700010663
            ],
            [
              76.90530098116973,
              33.07900364971209
            ],
            [
              76.9093599639882,
              33.09416464459373
            ],
            [
              76.8850060670774,
              33.12145443538068
            ],
            [
              76.87150060205386,
              33.11824428494113
            ],
            [
              76.86869049000018,
              33.12022018400006
            ],
            [
              76.86044311600006,
              33.116378784000005
            ],
            [
              76.8584127062789,
              33.1151333876635
            ],
            [
              76.85524019307532,
              33.114379304435914
            ],
            [
              76.84441623889275,
              33.137626163254424
            ],
            [
              76.8166798562999,
              33.15986228908083
            ],
            [
              76.81735635343631,
              33.19422721081254
            ],
            [
              76.83426878184657,
              33.20483990722969
            ],
            [
              76.82547431907324,
              33.21545260364683
            ],
            [
              76.84306324461993,
              33.24678532640222
            ],
            [
              76.83088629616452,
              33.24931215888249
            ],
            [
              76.82836621623544,
              33.24625295681146
            ],
            [
              76.82834625200019,
              33.24639892700003
            ],
            [
              76.82717132700009,
              33.24674987800006
            ],
            [
              76.82354736400015,
              33.24785995500014
            ],
            [
              76.82192230300006,
              33.24835205099998
            ],
            [
              76.81727600100004,
              33.248500823000086
            ],
            [
              76.81394195500009,
              33.24744033800016
            ],
            [
              76.8104885480008,
              33.24517024640448
            ],
            [
              76.79909093075321,
              33.2558819233312
            ],
            [
              76.79284298377854,
              33.254770630459724
            ],
            [
              76.78415679900013,
              33.268550873000095
            ],
            [
              76.77435302700007,
              33.280269624000084
            ],
            [
              76.73774719200003,
              33.283897399000125
            ],
            [
              76.73087759013227,
              33.283897399000125
            ],
            [
              76.7179112743839,
              33.32865469876306
            ],
            [
              76.69626336601874,
              33.32814933226701
            ],
            [
              76.67055647483512,
              33.341794227660486
            ],
            [
              76.6319961380597,
              33.4095133381318
            ],
            [
              76.62861365237765,
              33.434781662934526
            ],
            [
              76.61576020678584,
              33.439835327895075
            ],
            [
              76.58125885282888,
              33.4261904325016
            ],
            [
              76.56908190437348,
              33.46611438568991
            ],
            [
              76.55000076966408,
              33.464639807051306
            ],
            [
              76.54786682100018,
              33.466640473000155
            ],
            [
              76.52788543700018,
              33.48377227800006
            ],
            [
              76.5210449135333,
              33.48865855230627
            ],
            [
              76.5088736592329,
              33.498963207933464
            ],
            [
              76.50841527213782,
              33.5001274727764
            ],
            [
              76.51074981700009,
              33.509471894000114
            ],
            [
              76.509712219,
              33.52878952000009
            ],
            [
              76.49041748000008,
              33.525772096000026
            ],
            [
              76.47309112500005,
              33.534420014000034
            ],
            [
              76.46206665100004,
              33.54933929500015
            ],
            [
              76.46170712743783,
              33.54925313698151
            ],
            [
              76.45001840836515,
              33.563144752932395
            ],
            [
              76.43632291343506,
              33.5431699374001
            ],
            [
              76.42926052364847,
              33.54147747110633
            ],
            [
              76.41524910903853,
              33.539451599000074
            ],
            [
              76.41468826557377,
              33.539451599000074
            ],
            [
              76.39203203636643,
              33.54823956835967
            ],
            [
              76.38511657700019,
              33.55515670800003
            ],
            [
              76.38001203337045,
              33.559300447625056
            ],
            [
              76.38101570045123,
              33.57729501482193
            ],
            [
              76.35869129494967,
              33.603574072616766
            ],
            [
              76.30795400971884,
              33.60963847056942
            ],
            [
              76.30303398108846,
              33.60290018288826
            ],
            [
              76.29517364500015,
              33.59798813000009
            ],
            [
              76.29517364500015,
              33.575145722000116
            ],
            [
              76.28652434856805,
              33.56865730417643
            ],
            [
              76.25992271303367,
              33.565166218916616
            ],
            [
              76.25515626202925,
              33.55855348680628
            ],
            [
              76.24805450500008,
              33.55944061300016
            ],
            [
              76.23949432400013,
              33.54944610500013
            ],
            [
              76.23092651500008,
              33.54944610500013
            ],
            [
              76.22989920788336,
              33.546981556368884
            ],
            [
              76.2247448619403,
              33.547478391554705
            ],
            [
              76.20512644498439,
              33.56920915088505
            ],
            [
              76.2254213590767,
              33.57729501482193
            ],
            [
              76.23150983330441,
              33.58689697824696
            ],
            [
              76.22406836480388,
              33.60054187364044
            ],
            [
              76.24030429607775,
              33.60509017210493
            ],
            [
              76.22948034189517,
              33.629853130411604
            ],
            [
              76.27074666721624,
              33.64349802580507
            ],
            [
              76.28427660994447,
              33.661185853166984
            ],
            [
              76.26601118726137,
              33.67988441352101
            ],
            [
              76.26533469012496,
              33.74659279100021
            ],
            [
              76.23895130180493,
              33.77186111580294
            ],
            [
              76.20106746216591,
              33.77539868127533
            ],
            [
              76.16994859389101,
              33.79510797462145
            ],
            [
              76.13950622275252,
              33.84867682320324
            ],
            [
              76.09756340029503,
              33.876471980486244
            ],
            [
              76.04750261220062,
              33.92903009607592
            ],
            [
              76.02247221815342,
              33.99725457304329
            ],
            [
              75.97917640142312,
              34.001802871507785
            ],
            [
              75.98052939569594,
              33.979061379185325
            ],
            [
              75.94332205319334,
              33.9871472431222
            ],
            [
              75.86417188823326,
              33.978556012689275
            ],
            [
              75.85673041973273,
              33.96945941576029
            ],
            [
              75.86214239682401,
              34.017469232885475
            ],
            [
              75.81952307723013,
              34.04526439016848
            ],
            [
              75.79990466027421,
              34.042737557688206
            ],
            [
              75.77284477481777,
              34.055371720089575
            ],
            [
              75.74781438077056,
              34.096811772766046
            ],
            [
              75.7126365296772,
              34.115004966624014
            ],
            [
              75.68692963849358,
              34.15897185178076
            ],
            [
              75.68765783673699,
              34.1623264505591
            ],
            [
              75.68983459500015,
              34.16477584900002
            ],
            [
              75.68983459500015,
              34.1723541465559
            ],
            [
              75.69910658694897,
              34.21506753284282
            ],
            [
              75.69166511844846,
              34.23123926071657
            ],
            [
              75.67542918717459,
              34.22820706174024
            ],
            [
              75.65513427308227,
              34.242862690125826
            ],
            [
              75.59492602794168,
              34.19839043847302
            ],
            [
              75.58004309094065,
              34.21456216634677
            ],
            [
              75.55501269689344,
              34.21152996737044
            ],
            [
              75.4968339431621,
              34.23326072670079
            ],
            [
              75.47450953766054,
              34.28076517732992
            ],
            [
              75.44902584567613,
              34.281611274637264
            ],
            [
              75.44712829600019,
              34.283271789000025
            ],
            [
              75.4285100240476,
              34.282292431097964
            ],
            [
              75.41362479538354,
              34.28278664331414
            ],
            [
              75.39332988129122,
              34.29491543921945
            ],
            [
              75.39738886410969,
              34.32068913051823
            ],
            [
              75.38002777000008,
              34.344466237392695
            ],
            [
              75.38002777000008,
              34.34751892200018
            ],
            [
              75.37908169570562,
              34.349254656722145
            ],
            [
              75.46706806916,
              34.38335457602901
            ],
            [
              75.38453541851787,
              34.35707551823417
            ],
            [
              75.37777044715376,
              34.38739750799744
            ],
            [
              75.36726568695639,
              34.391757183060776
            ],
            [
              75.36687021469838,
              34.39512167439639
            ],
            [
              75.37235847006248,
              34.406601434847516
            ],
            [
              75.32160257036169,
              34.43382346048323
            ],
            [
              75.32335353797582,
              34.4443362905509
            ],
            [
              75.32612973206388,
              34.451298709157335
            ],
            [
              75.33720398000008,
              34.457447053000124
            ],
            [
              75.3500518800002,
              34.45887756300016
            ],
            [
              75.3514785770002,
              34.476009368000064
            ],
            [
              75.34113677919778,
              34.48893489051885
            ],
            [
              75.35002009878016,
              34.51121337234881
            ],
            [
              75.3514785770002,
              34.511699676000035
            ],
            [
              75.36432647700008,
              34.51741027800006
            ],
            [
              75.36717986999997,
              34.540252686000144
            ],
            [
              75.37782287600004,
              34.5524215690001
            ],
            [
              75.39497375500008,
              34.54880905200008
            ]
          ]
        ]
      }
    },
    {
      "type": "Feature",
      "properties": {
        "GID_2": "Z01.14.10_1",
        "GID_0": "Z01",
        "COUNTRY": "India",
        "GID_1": "Z01.14_1",
        "NAME_1": "Jammu and Kashmir",
        "NL_NAME_1": "NA",
        "NAME_2": "Kishtwar",
        "VARNAME_2": "NA",
        "NL_NAME_2": "NA",
        "TYPE_2": "District",
        "ENGTYPE_2": "District",
        "CC_2": "NA",
        "HASC_2": "IN.JK.KW"
      },
      "geometry": {
        "type": "MultiPolygon",
        "coordinates": [
          [
            [
              [
                75.68983459500015,
                34.16477584900002
              ],
              [
                75.68765783673699,
                34.1623264505591
              ],
              [
                75.68983459500015,
                34.1723541465559
              ],
              [
                75.68983459500015,
                34.16477584900002
              ]
            ]
          ],
          [
            [
              [
                76.23092651500008,
                33.54944610500013
              ],
              [
                76.23949432400013,
                33.54944610500013
              ],
              [
                76.24805450500008,
                33.55944061300016
              ],
              [
                76.25515626202925,
                33.55855348680628
              ],
              [
                76.24571627316904,
                33.545456925570484
              ],
              [
                76.22989920788336,
                33.546981556368884
              ],
              [
                76.23092651500008,
                33.54944610500013
              ]
            ]
          ],
          [
            [
              [
                76.29517364500015,
                33.575145722000116
              ],
              [
                76.29517364500015,
                33.59798813000009
              ],
              [
                76.30303398108846,
                33.60290018288826
              ],
              [
                76.29983604408191,
                33.59852040765622
              ],
              [
                76.30998350112807,
                33.57173598336532
              ],
              [
                76.28652434856805,
                33.56865730417643
              ],
              [
                76.29517364500015,
                33.575145722000116
              ]
            ]
          ],
          [
            [
              [
                76.38511657700019,
                33.55515670800003
              ],
              [
                76.39203203636643,
                33.54823956835967
              ],
              [
                76.37966270617841,
                33.553037423011304
              ],
              [
                76.38001203337045,
                33.559300447625056
              ],
              [
                76.38511657700019,
                33.55515670800003
              ]
            ]
          ],
          [
            [
              [
                76.41524910903853,
                33.539451599000074
              ],
              [
                76.41484055727177,
                33.53939252761783
              ],
              [
                76.41468826557377,
                33.539451599000074
              ],
              [
                76.41524910903853,
                33.539451599000074
              ]
            ]
          ],
          [
            [
              [
                76.43632291343506,
                33.5431699374001
              ],
              [
                76.43581196850052,
                33.542424726594156
              ],
              [
                76.42926052364847,
                33.54147747110633
              ],
              [
                76.43632291343506,
                33.5431699374001
              ]
            ]
          ],
          [
            [
              [
                76.46206665100004,
                33.54933929500015
              ],
              [
                76.47309112500005,
                33.534420014000034
              ],
              [
                76.49041748000008,
                33.525772096000026
              ],
              [
                76.509712219,
                33.52878952000009
              ],
              [
                76.51074981700009,
                33.509471894000114
              ],
              [
                76.50841527213782,
                33.5001274727764
              ],
              [
                76.5021086878688,
                33.51614566879932
              ],
              [
                76.45881287113849,
                33.53383349616123
              ],
              [
                76.46490134536619,
                33.545456925570484
              ],
              [
                76.46170712743783,
                33.54925313698151
              ],
              [
                76.46206665100004,
                33.54933929500015
              ]
            ]
          ],
          [
            [
              [
                76.52788543700018,
                33.48377227800006
              ],
              [
                76.54786682100018,
                33.466640473000155
              ],
              [
                76.55000076966408,
                33.464639807051306
              ],
              [
                76.54946348741757,
                33.46459828620175
              ],
              [
                76.5210449135333,
                33.48865855230627
              ],
              [
                76.52788543700018,
                33.48377227800006
              ]
            ]
          ],
          [
            [
              [
                76.73774719200003,
                33.283897399000125
              ],
              [
                76.77435302700007,
                33.280269624000084
              ],
              [
                76.78415679900013,
                33.268550873000095
              ],
              [
                76.79284298377854,
                33.254770630459724
              ],
              [
                76.78554694343921,
                33.25347291816288
              ],
              [
                76.78543853900015,
                33.253589631000125
              ],
              [
                76.77826690800015,
                33.25571060100009
              ],
              [
                76.76355743400006,
                33.254329681000065
              ],
              [
                76.75997161800018,
                33.25297927800017
              ],
              [
                76.75688171300006,
                33.250541686000076
              ],
              [
                76.75534057599998,
                33.24948883200017
              ],
              [
                76.75531318042881,
                33.24907409318701
              ],
              [
                76.73752969133982,
                33.260935588291744
              ],
              [
                76.73087759013227,
                33.283897399000125
              ],
              [
                76.73774719200003,
                33.283897399000125
              ]
            ]
          ]
        ]
      }
    },
    {
      "type": "Feature",
      "properties": {
        "GID_2": "Z01.14.12_1",
        "GID_0": "Z01",
        "COUNTRY": "India",
        "GID_1": "Z01.14_1",
        "NAME_1": "Jammu and Kashmir",
        "NL_NAME_1": "NA",
        "NAME_2": "Kupwara",
        "VARNAME_2": "NA",
        "NL_NAME_2": "NA",
        "TYPE_2": "District",
        "ENGTYPE_2": "District",
        "CC_2": "NA",
        "HASC_2": "IN.JK.KU"
      },
      "geometry": {
        "type": "Polygon",
        "coordinates": [
          [
            [
              74.34126281700014,
              34.78969192500017
            ],
            [
              74.3462142940001,
              34.790409088000104
            ],
            [
              74.35194613847217,
              34.79367593140866
            ],
            [
              74.38765936949629,
              34.80186685396944
            ],
            [
              74.47396850500007,
              34.79063415600007
            ],
            [
              74.4771347040001,
              34.789649963000045
            ],
            [
              74.48536682200017,
              34.787090303000184
            ],
            [
              74.50657653800005,
              34.775531769000054
            ],
            [
              74.51470184400017,
              34.77480316200007
            ],
            [
              74.53810119500008,
              34.7761840820001
            ],
            [
              74.54406738199998,
              34.776538849000076
            ],
            [
              74.56149291899999,
              34.77444076500001
            ],
            [
              74.56529235900013,
              34.77186965999999
            ],
            [
              74.57715606800002,
              34.769489288000045
            ],
            [
              74.5756359833518,
              34.76582182147377
            ],
            [
              74.57138586055189,
              34.76793847952655
            ],
            [
              74.3190524286706,
              34.78613167338452
            ],
            [
              74.33810348516049,
              34.79050108281444
            ],
            [
              74.34126281700014,
              34.78969192500017
            ]
          ]
        ]
      }
    },
    {
      "type": "Feature",
      "properties": {
        "GID_2": "Z01.14.13_1",
        "GID_0": "Z01",
        "COUNTRY": "India",
        "GID_1": "Z01.14_1",
        "NAME_1": "Jammu and Kashmir",
        "NL_NAME_1": "NA",
        "NAME_2": "Leh (Ladakh)",
        "VARNAME_2": "NA",
        "NL_NAME_2": "NA",
        "TYPE_2": "District",
        "ENGTYPE_2": "District",
        "CC_2": "NA",
        "HASC_2": "IN.JK.LE"
      },
      "geometry": {
        "type": "Polygon",
        "coordinates": [
          [
            [
              78.00646585900006,
              35.28998588800016
            ],
            [
              78.00647495700008,
              35.28995281100015
            ],
            [
              78.0137023900001,
              35.2641868610001
            ],
            [
              78.01426191799999,
              35.26218945200009
            ],
            [
              78.01454113700011,
              35.26119269100013
            ],
            [
              78.01774597100007,
              35.24975204500015
            ],
            [
              78.02287686700004,
              35.23900271600007
            ],
            [
              78.03183746000008,
              35.220230100000094
            ],
            [
              78.04318619000009,
              35.201829910000185
            ],
            [
              78.04360962000015,
              35.20132828000004
            ],
            [
              78.05221558000005,
              35.19109725900006
            ],
            [
              78.05869221400019,
              35.18390844400005
            ],
            [
              78.06779713300011,
              35.17697246900019
            ],
            [
              78.07787323200006,
              35.17251777400014
            ],
            [
              78.0783462510002,
              35.17232895000012
            ],
            [
              78.09150065200015,
              35.162916979000045
            ],
            [
              78.11605071999998,
              35.14535141100009
            ],
            [
              78.11843872000003,
              35.142436982000106
            ],
            [
              78.11938199000014,
              35.14128360900014
            ],
            [
              78.12417603000011,
              35.13542175100008
            ],
            [
              78.1260513690001,
              35.12903362900016
            ],
            [
              78.12565127600016,
              35.12738581900004
            ],
            [
              78.12531280800005,
              35.125991821000184
            ],
            [
              78.12431335100018,
              35.12189102100018
            ],
            [
              78.12357563500007,
              35.1208433220001
            ],
            [
              78.12350764900015,
              35.12074676800006
            ],
            [
              78.12283781100014,
              35.11979546800006
            ],
            [
              78.11709594700005,
              35.111640931000125
            ],
            [
              78.11102295000018,
              35.10734176700004
            ],
            [
              78.10690281100011,
              35.10442766800003
            ],
            [
              78.09771728800007,
              35.09793091
            ],
            [
              78.09050349400007,
              35.09620114899997
            ],
            [
              78.08428192000008,
              35.09077072100007
            ],
            [
              78.0828704810001,
              35.08248901100018
            ],
            [
              78.0949478120001,
              35.05690002200009
            ],
            [
              78.10142990700007,
              35.04316101900008
            ],
            [
              78.11483001800009,
              35.014759064000145
            ],
            [
              78.1182785040001,
              35.00664901800002
            ],
            [
              78.121103839,
              35.00001214800017
            ],
            [
              78.12110901000017,
              35.00000000000006
            ],
            [
              78.12117916000011,
              34.999834859000146
            ],
            [
              78.12825224800002,
              34.9831843660001
            ],
            [
              78.13004054900011,
              34.97897459600017
            ],
            [
              78.13031006000011,
              34.978340150000065
            ],
            [
              78.13347626100018,
              34.97087097000002
            ],
            [
              78.16805729000015,
              34.91144808900009
            ],
            [
              78.16880195900006,
              34.91075628700003
            ],
            [
              78.17359924200008,
              34.90629959100005
            ],
            [
              78.17437744100005,
              34.90455246000016
            ],
            [
              78.1846466070001,
              34.88151931800007
            ],
            [
              78.18744565400017,
              34.86731588000009
            ],
            [
              78.1883392310001,
              34.862781521000045
            ],
            [
              78.18994547600005,
              34.854601168000045
            ],
            [
              78.20732116700003,
              34.7661094670001
            ],
            [
              78.2103958140001,
              34.75893402100007
            ],
            [
              78.21868896500018,
              34.739559173000146
            ],
            [
              78.2210464480001,
              34.73403167700019
            ],
            [
              78.2241116100001,
              34.72901161700014
            ],
            [
              78.23203059000014,
              34.71618918800016
            ],
            [
              78.2480316170001,
              34.695098877000135
            ],
            [
              78.25457910800014,
              34.68927794399997
            ],
            [
              78.26570129100014,
              34.679389952000065
            ],
            [
              78.27259827000012,
              34.674945831000116
            ],
            [
              78.27332305900018,
              34.674478531000034
            ],
            [
              78.2843627900001,
              34.66736221100007
            ],
            [
              78.29481814500019,
              34.66380719300008
            ],
            [
              78.30033874600014,
              34.66193008500006
            ],
            [
              78.30680084100004,
              34.66092300299999
            ],
            [
              78.31733703499998,
              34.659278869000055
            ],
            [
              78.31740318500016,
              34.65925010800004
            ],
            [
              78.31746933500011,
              34.65922134600015
            ],
            [
              78.32353973100004,
              34.65658188000009
            ],
            [
              78.32414245000007,
              34.656318813999974
            ],
            [
              78.32420043200005,
              34.6562935070001
            ],
            [
              78.36207737200016,
              34.65338365200017
            ],
            [
              78.38717651300004,
              34.65163040300013
            ],
            [
              78.39552307100018,
              34.64939117500012
            ],
            [
              78.39836120700018,
              34.64863205000012
            ],
            [
              78.39872741599999,
              34.64835357700008
            ],
            [
              78.40279294100003,
              34.64527796800007
            ],
            [
              78.4036898660001,
              34.64459943400004
            ],
            [
              78.40458679100016,
              34.643920899000136
            ],
            [
              78.40701294000007,
              34.636631010000144
            ],
            [
              78.40690062100009,
              34.62100517900018
            ],
            [
              78.41037633000019,
              34.61252513300019
            ],
            [
              78.4114356400001,
              34.611551577000114
            ],
            [
              78.41812896800019,
              34.605400086000145
            ],
            [
              78.42511749300013,
              34.60346222000004
            ],
            [
              78.43510353200008,
              34.6028804390001
            ],
            [
              78.43546295100009,
              34.60285949900015
            ],
            [
              78.43552850200007,
              34.602855598000076
            ],
            [
              78.44315338100012,
              34.602401733000136
            ],
            [
              78.4591522230001,
              34.602787019000175
            ],
            [
              78.46677043000011,
              34.60296960400012
            ],
            [
              78.48223113900008,
              34.603340150000065
            ],
            [
              78.49200600600017,
              34.605264848000104
            ],
            [
              78.51154327300014,
              34.60911178500004
            ],
            [
              78.53711700400004,
              34.61415100100004
            ],
            [
              78.54812828600019,
              34.61446429700004
            ],
            [
              78.55814839200002,
              34.61474939500016
            ],
            [
              78.55816650500003,
              34.61474990900007
            ],
            [
              78.55866180500016,
              34.61462574700005
            ],
            [
              78.56933594000004,
              34.61194992100019
            ],
            [
              78.58207703000016,
              34.60314941200005
            ],
            [
              78.61109161100018,
              34.58306121900017
            ],
            [
              78.62100982900012,
              34.57427979000005
            ],
            [
              78.62664552500013,
              34.56682503900009
            ],
            [
              78.63762664800004,
              34.552299500000004
            ],
            [
              78.64382934600008,
              34.547809600000164
            ],
            [
              78.65248870800013,
              34.53815460300001
            ],
            [
              78.66005706700008,
              34.529720307000105
            ],
            [
              78.6816281300001,
              34.515086815000075
            ],
            [
              78.68263797300006,
              34.51457151799997
            ],
            [
              78.68618774000004,
              34.51276016100013
            ],
            [
              78.6960705520001,
              34.50771849400019
            ],
            [
              78.71663666000018,
              34.50100708000014
            ],
            [
              78.73007965100004,
              34.496650700000146
            ],
            [
              78.73522777500017,
              34.49240072700013
            ],
            [
              78.73611450100003,
              34.49166870200003
            ],
            [
              78.7382659920001,
              34.48989105200019
            ],
            [
              78.74935913100006,
              34.47698974700006
            ],
            [
              78.74993446700006,
              34.47586562700013
            ],
            [
              78.75383912900014,
              34.46921528800011
            ],
            [
              78.75399656800016,
              34.46906527500005
            ],
            [
              78.75405120900012,
              34.469013211000174
            ],
            [
              78.75447083000012,
              34.46861321600005
            ],
            [
              78.76302338100015,
              34.46046066000014
            ],
            [
              78.77416360000008,
              34.45212720100011
            ],
            [
              78.78847503700018,
              34.44142151000011
            ],
            [
              78.79937744099999,
              34.433269500999984
            ],
            [
              78.82495117100018,
              34.414131164000025
            ],
            [
              78.83725738499999,
              34.40701675500014
            ],
            [
              78.83767700300007,
              34.40677261400009
            ],
            [
              78.87436969800018,
              34.39506936200007
            ],
            [
              78.87568665000009,
              34.39465332100019
            ],
            [
              78.89155578900011,
              34.389640810000174
            ],
            [
              78.8925286170001,
              34.389193429000166
            ],
            [
              78.89919544100019,
              34.386127511000154
            ],
            [
              78.91624940399998,
              34.378284816000075
            ],
            [
              78.91745974600013,
              34.377728231000106
            ],
            [
              78.92254638700012,
              34.37538909800009
            ],
            [
              78.92743702100012,
              34.37163529000003
            ],
            [
              78.9275023140001,
              34.37158517700004
            ],
            [
              78.92917633000002,
              34.37030029200008
            ],
            [
              78.93082514600002,
              34.36903580900014
            ],
            [
              78.93166495000008,
              34.36839176100017
            ],
            [
              78.93220581700012,
              34.3679770550001
            ],
            [
              78.9323950000001,
              34.367832000000135
            ],
            [
              78.934011,
              34.366592000000026
            ],
            [
              78.9348600620001,
              34.36594125199997
            ],
            [
              78.93930855600013,
              34.36253041600003
            ],
            [
              78.93989600000003,
              34.36208000000005
            ],
            [
              78.9607390000001,
              34.346100000000035
            ],
            [
              78.96077500000007,
              34.34608000000014
            ],
            [
              78.96251244000013,
              34.34512231300005
            ],
            [
              78.96363644100012,
              34.344502657000135
            ],
            [
              78.9688489990001,
              34.34162899900019
            ],
            [
              78.97512434300012,
              34.33550558900015
            ],
            [
              78.97673800000013,
              34.33393100000018
            ],
            [
              78.97674804600007,
              34.33392870300008
            ],
            [
              78.97721900000016,
              34.33382099900007
            ],
            [
              78.97723215399998,
              34.33381799100016
            ],
            [
              78.98108800000018,
              34.332936000000075
            ],
            [
              78.9814604280001,
              34.332851130000165
            ],
            [
              78.98181692200008,
              34.33222844000017
            ],
            [
              78.98380900000008,
              34.32874399999997
            ],
            [
              78.9892270000002,
              34.31926700000014
            ],
            [
              78.99005099900006,
              34.31782900000013
            ],
            [
              78.99005390600001,
              34.3178183230001
            ],
            [
              78.99056203800018,
              34.31595107300012
            ],
            [
              78.99079500000005,
              34.315094999000166
            ],
            [
              78.99203069100008,
              34.31055680500003
            ],
            [
              78.99231773800011,
              34.3095007820001
            ],
            [
              78.9923430660001,
              34.309406997999986
            ],
            [
              78.99238317700014,
              34.309259589000135
            ],
            [
              78.99239494800008,
              34.30921676100019
            ],
            [
              78.99243555499999,
              34.30906834600006
            ],
            [
              78.99294099999997,
              34.30721000000011
            ],
            [
              78.9935025320001,
              34.305146501000024
            ],
            [
              78.99421693400006,
              34.30251987600019
            ],
            [
              78.99419872300007,
              34.30221364800008
            ],
            [
              78.99416782900016,
              34.30169410400009
            ],
            [
              78.99409700000007,
              34.300503000000106
            ],
            [
              78.99394300000012,
              34.29790600000018
            ],
            [
              78.99390084900011,
              34.29718450800016
            ],
            [
              78.99386600000014,
              34.29658800000004
            ],
            [
              78.99387665500007,
              34.296762017000106
            ],
            [
              78.99383382300005,
              34.29605356600001
            ],
            [
              78.99340057300009,
              34.28874206800009
            ],
            [
              78.98817525100009,
              34.27572143600014
            ],
            [
              78.98576730200011,
              34.26972123000019
            ],
            [
              78.98569094900006,
              34.26953092400004
            ],
            [
              78.98567700000007,
              34.26949700000006
            ],
            [
              78.98499500000014,
              34.26779700000009
            ],
            [
              78.98499088500006,
              34.26778671800014
            ],
            [
              78.98498121400007,
              34.267762572000095
            ],
            [
              78.98362300000014,
              34.26437200000004
            ],
            [
              78.98357999600012,
              34.26426406700011
            ],
            [
              78.98323527600019,
              34.26340353200004
            ],
            [
              78.97500610100013,
              34.242858888000114
            ],
            [
              78.96260473400014,
              34.22635475300018
            ],
            [
              78.95619966800007,
              34.21783068500008
            ],
            [
              78.95575868700007,
              34.21742242700003
            ],
            [
              78.95531770600007,
              34.21701416900004
            ],
            [
              78.94211578200003,
              34.204792022000106
            ],
            [
              78.94065216400008,
              34.20367288100016
            ],
            [
              78.93918854600014,
              34.20255373900011
            ],
            [
              78.9353408820001,
              34.199611662000166
            ],
            [
              78.93349522800014,
              34.198199518000024
            ],
            [
              78.93286575700006,
              34.1977178140001
            ],
            [
              78.92674900000009,
              34.19303800000017
            ],
            [
              78.92008068900003,
              34.187935747000154
            ],
            [
              78.91053552300019,
              34.18063227100015
            ],
            [
              78.91042799899999,
              34.180550001000086
            ],
            [
              78.91038249400003,
              34.18051552500009
            ],
            [
              78.91036224200013,
              34.180500031000065
            ],
            [
              78.90996150000001,
              34.18023767700004
            ],
            [
              78.90847385200004,
              34.179263284000115
            ],
            [
              78.90250984500018,
              34.17535920800003
            ],
            [
              78.89435600000007,
              34.17002100000013
            ],
            [
              78.88887800100002,
              34.1664310000001
            ],
            [
              78.88599201200009,
              34.164933648000044
            ],
            [
              78.88396744300019,
              34.163882882000166
            ],
            [
              78.88374080500006,
              34.163765078000154
            ],
            [
              78.88353175600008,
              34.16365626600003
            ],
            [
              78.88212200000015,
              34.16292500000009
            ],
            [
              78.8805830550001,
              34.16212602899998
            ],
            [
              78.87904400000002,
              34.16132700000003
            ],
            [
              78.87272078100006,
              34.15804648500011
            ],
            [
              78.87114700100005,
              34.15723000100007
            ],
            [
              78.87113630800019,
              34.15722528800012
            ],
            [
              78.86704900000018,
              34.15542400000015
            ],
            [
              78.86123900000018,
              34.15286300000014
            ],
            [
              78.85883300000006,
              34.15180200100019
            ],
            [
              78.84747300000015,
              34.146792000000175
            ],
            [
              78.84221638500014,
              34.14447389400004
            ],
            [
              78.84218752400017,
              34.144461052000054
            ],
            [
              78.815315,
              34.13261000000006
            ],
            [
              78.8091760000001,
              34.12990300000007
            ],
            [
              78.80490600000013,
              34.12802100000016
            ],
            [
              78.77425900000014,
              34.11451000000011
            ],
            [
              78.77230867600008,
              34.11405634100015
            ],
            [
              78.77141331700011,
              34.11384828700017
            ],
            [
              78.77127982600018,
              34.11381726800016
            ],
            [
              78.77094300000005,
              34.113739000000066
            ],
            [
              78.76610000000005,
              34.11261699900007
            ],
            [
              78.76389300000005,
              34.11210599900005
            ],
            [
              78.76238921599997,
              34.11175789800012
            ],
            [
              78.76220529100016,
              34.11171528700004
            ],
            [
              78.76145545200018,
              34.111541565000095
            ],
            [
              78.76066589200002,
              34.11135864100004
            ],
            [
              78.75947271400008,
              34.11108292300014
            ],
            [
              78.7594600000001,
              34.111080000000186
            ],
            [
              78.7593835670001,
              34.111041089000025
            ],
            [
              78.75885533400015,
              34.110772293000025
            ],
            [
              78.75225789000018,
              34.10741526200019
            ],
            [
              78.74153153700001,
              34.101957239
            ],
            [
              78.73376200000013,
              34.09800400000006
            ],
            [
              78.73374247500004,
              34.09799383800009
            ],
            [
              78.73373100100014,
              34.097987999000054
            ],
            [
              78.72923300100013,
              34.095698999000035
            ],
            [
              78.72443400100008,
              34.09140400000018
            ],
            [
              78.71331800000002,
              34.08145900000017
            ],
            [
              78.71026007800015,
              34.077368532000094
            ],
            [
              78.70939060400013,
              34.07620540900007
            ],
            [
              78.70938343099999,
              34.07619581400007
            ],
            [
              78.70934184100014,
              34.07613998300013
            ],
            [
              78.70929500000005,
              34.07607700000017
            ],
            [
              78.70663163500006,
              34.07251451000013
            ],
            [
              78.70638299900008,
              34.07218196400016
            ],
            [
              78.70637065100016,
              34.07147584300003
            ],
            [
              78.70629800000006,
              34.067321000000106
            ],
            [
              78.7062706010002,
              34.06575618300019
            ],
            [
              78.70614624100006,
              34.05863966900006
            ],
            [
              78.7121200000002,
              34.05048000000005
            ],
            [
              78.72191100000015,
              34.04653500100005
            ],
            [
              78.73113255400017,
              34.04281918000015
            ],
            [
              78.73184999900013,
              34.042530000000056
            ],
            [
              78.73193992200004,
              34.04250987900008
            ],
            [
              78.73286003100003,
              34.04230412800018
            ],
            [
              78.73291602400013,
              34.04229180100015
            ],
            [
              78.73307400000004,
              34.04225700000018
            ],
            [
              78.73726199999999,
              34.0413200000001
            ],
            [
              78.7514111960001,
              34.03815637700012
            ],
            [
              78.75155600000016,
              34.03812400000015
            ],
            [
              78.75161742400013,
              34.038110130000064
            ],
            [
              78.75953700100018,
              34.03633900000011
            ],
            [
              78.75966078600004,
              34.03631202600019
            ],
            [
              78.75987243900005,
              34.03626632900006
            ],
            [
              78.75995592200007,
              34.03624808100011
            ],
            [
              78.75997154400017,
              34.036244623000194
            ],
            [
              78.76064300000014,
              34.03609800000004
            ],
            [
              78.76105674100012,
              34.03581836000018
            ],
            [
              78.76169200000004,
              34.03538900000018
            ],
            [
              78.76210751800011,
              34.03510854300015
            ],
            [
              78.76229492300007,
              34.03498205200009
            ],
            [
              78.76595302700008,
              34.032508928000084
            ],
            [
              78.76599742000013,
              34.032380405000026
            ],
            [
              78.7682880000001,
              34.025749001000065
            ],
            [
              78.77036192600008,
              34.01972579700015
            ],
            [
              78.77033882000012,
              34.01966334800005
            ],
            [
              78.76916708100009,
              34.016496338000024
            ],
            [
              78.76841700000011,
              34.014469001000066
            ],
            [
              78.76830973200009,
              34.01417768600004
            ],
            [
              78.76830370400018,
              34.01416131600007
            ],
            [
              78.76829000000009,
              34.01412500000009
            ],
            [
              78.76827600000018,
              34.01408600000008
            ],
            [
              78.76824052000006,
              34.01399016500006
            ],
            [
              78.76821476800006,
              34.01392052100016
            ],
            [
              78.76812000000007,
              34.01366400000012
            ],
            [
              78.76511904100016,
              34.005548406000116
            ],
            [
              78.76429071300004,
              34.00330786300009
            ],
            [
              78.76362610000018,
              34.00151062100008
            ],
            [
              78.7499320600001,
              33.992110775000185
            ],
            [
              78.7443955220001,
              33.98831039200007
            ],
            [
              78.74429951800016,
              33.988244475000045
            ],
            [
              78.74420286200018,
              33.98817796700007
            ],
            [
              78.74416900000006,
              33.98815500000018
            ],
            [
              78.74306567100012,
              33.98739771100014
            ],
            [
              78.74289700000014,
              33.98728200000005
            ],
            [
              78.72841442900005,
              33.9773314040001
            ],
            [
              78.7282410000002,
              33.97716300000019
            ],
            [
              78.7163930000001,
              33.96514300000007
            ],
            [
              78.71638499000017,
              33.96513499000014
            ],
            [
              78.71637004700005,
              33.96511982900017
            ],
            [
              78.71594037000011,
              33.96468370200006
            ],
            [
              78.71579000000014,
              33.964531001000125
            ],
            [
              78.71523615600012,
              33.96270338700009
            ],
            [
              78.71474622300019,
              33.961086114000125
            ],
            [
              78.71493601200018,
              33.955702086000144
            ],
            [
              78.71507900000006,
              33.9549090000001
            ],
            [
              78.7153360280002,
              33.95348530400008
            ],
            [
              78.71584700000005,
              33.95065499999998
            ],
            [
              78.71615600000018,
              33.94894000000005
            ],
            [
              78.71695122200009,
              33.94895386200011
            ],
            [
              78.71724600000016,
              33.94895900000017
            ],
            [
              78.71724375800017,
              33.948904736000145
            ],
            [
              78.71720118100006,
              33.94818949400013
            ],
            [
              78.7171946470001,
              33.94807972900003
            ],
            [
              78.7171909400002,
              33.94801745400008
            ],
            [
              78.71718653200021,
              33.94794229500019
            ],
            [
              78.717163991,
              33.94756532600019
            ],
            [
              78.71716000000015,
              33.947500000000105
            ],
            [
              78.71706100000011,
              33.94584300000014
            ],
            [
              78.71666000000016,
              33.93909100000013
            ],
            [
              78.71650507900006,
              33.938586421000025
            ],
            [
              78.71623200099998,
              33.93769700000007
            ],
            [
              78.71492799900011,
              33.93344900000011
            ],
            [
              78.71312790400015,
              33.927592401000034
            ],
            [
              78.71156311100003,
              33.92250061100009
            ],
            [
              78.71724700900012,
              33.89048004100016
            ],
            [
              78.72621850000019,
              33.87006694400003
            ],
            [
              78.72872270099998,
              33.865258656000094
            ],
            [
              78.72876532000011,
              33.865176815000154
            ],
            [
              78.72911125100018,
              33.864512877000095
            ],
            [
              78.72978792000015,
              33.86321342100007
            ],
            [
              78.73276558800012,
              33.857495198000095
            ],
            [
              78.73278600000003,
              33.85745600000001
            ],
            [
              78.73290034900015,
              33.857236418000184
            ],
            [
              78.74175595900017,
              33.84023093000019
            ],
            [
              78.74178300000017,
              33.84017900000015
            ],
            [
              78.74522000000013,
              33.836162000000115
            ],
            [
              78.74523205300017,
              33.836147924000045
            ],
            [
              78.74542004000017,
              33.83592814900004
            ],
            [
              78.75745674700016,
              33.82185888900017
            ],
            [
              78.76132200000018,
              33.817341
            ],
            [
              78.76167700000002,
              33.81692500000008
            ],
            [
              78.77506299900011,
              33.80125000000004
            ],
            [
              78.77751800600015,
              33.79585298900014
            ],
            [
              78.77786245600004,
              33.79509568600008
            ],
            [
              78.77794100000011,
              33.79492300000004
            ],
            [
              78.77794939900019,
              33.79490453500017
            ],
            [
              78.7804910000001,
              33.78931700000015
            ],
            [
              78.78054740400012,
              33.78919330800005
            ],
            [
              78.78224167700006,
              33.77995824100003
            ],
            [
              78.78398890900007,
              33.77043175100016
            ],
            [
              78.7839780000001,
              33.770402000000104
            ],
            [
              78.78265274000006,
              33.766740356000184
            ],
            [
              78.77995490100005,
              33.7592863270001
            ],
            [
              78.77969624100012,
              33.75857251600007
            ],
            [
              78.7796591990001,
              33.758470179000085
            ],
            [
              78.77950504000007,
              33.75804391800006
            ],
            [
              78.77529144200014,
              33.74640274000018
            ],
            [
              78.77523230100013,
              33.74624502900019
            ],
            [
              78.7752228120001,
              33.74621972400013
            ],
            [
              78.77382090300006,
              33.744518790000086
            ],
            [
              78.7623977670001,
              33.73065948200019
            ],
            [
              78.7589069710001,
              33.72762843600003
            ],
            [
              78.75823385100017,
              33.72704397000018
            ],
            [
              78.75039928200005,
              33.72024013800012
            ],
            [
              78.74529400000006,
              33.71580600000011
            ],
            [
              78.74465547000017,
              33.715251595000154
            ],
            [
              78.74413779200012,
              33.71480211900007
            ],
            [
              78.74155200000007,
              33.712557000000004
            ],
            [
              78.73732000000018,
              33.70888100000013
            ],
            [
              78.73726600000015,
              33.70883600000019
            ],
            [
              78.73724300000003,
              33.70881600000013
            ],
            [
              78.73572400000012,
              33.70749500000005
            ],
            [
              78.73631146000002,
              33.7080034490001
            ],
            [
              78.73175048900004,
              33.70404052900011
            ],
            [
              78.71689505600006,
              33.68787789800018
            ],
            [
              78.71670869299999,
              33.687675361000174
            ],
            [
              78.71659321900006,
              33.68754986500011
            ],
            [
              78.71599588900017,
              33.68689992900016
            ],
            [
              78.70955600000019,
              33.679893000000106
            ],
            [
              78.70929700000005,
              33.67961100000008
            ],
            [
              78.70864313100003,
              33.67697898900013
            ],
            [
              78.70842700000003,
              33.676109000000004
            ],
            [
              78.70807700000017,
              33.674693000000104
            ],
            [
              78.70678700200006,
              33.66947899000019
            ],
            [
              78.70773600000001,
              33.66617200000013
            ],
            [
              78.70934900000009,
              33.660555000000045
            ],
            [
              78.70935443700012,
              33.66053729999999
            ],
            [
              78.70936300000017,
              33.66050800000005
            ],
            [
              78.7100199000002,
              33.658221420000075
            ],
            [
              78.71070667400016,
              33.65583137800019
            ],
            [
              78.71908842000016,
              33.63890733599999
            ],
            [
              78.72728000000012,
              33.622776000000044
            ],
            [
              78.72976137800003,
              33.61789484600013
            ],
            [
              78.74297270300008,
              33.59620090100009
            ],
            [
              78.74320796400008,
              33.59581553400011
            ],
            [
              78.74347686800013,
              33.59537506000004
            ],
            [
              78.75118175700004,
              33.582747160000054
            ],
            [
              78.75811004900004,
              33.571392061000154
            ],
            [
              78.76402223500021,
              33.561838556000055
            ],
            [
              78.76416215500007,
              33.561632807000024
            ],
            [
              78.76417984400018,
              33.56160674100016
            ],
            [
              78.76421193000016,
              33.56155946300015
            ],
            [
              78.77068328800004,
              33.55204391300015
            ],
            [
              78.77921870900008,
              33.539487754000106
            ],
            [
              78.78588872400013,
              33.53057941500015
            ],
            [
              78.78725691600017,
              33.5291782000001
            ],
            [
              78.78729515100008,
              33.52913894500017
            ],
            [
              78.78732700000012,
              33.52910600000019
            ],
            [
              78.79115300000012,
              33.525188000000185
            ],
            [
              78.79538700000018,
              33.519070000000056
            ],
            [
              78.79961400000013,
              33.51296200000007
            ],
            [
              78.79852100000011,
              33.51454400000006
            ],
            [
              78.79543699800001,
              33.51901167200003
            ],
            [
              78.80045280899998,
              33.51174978400013
            ],
            [
              78.80387115200011,
              33.50680923300018
            ],
            [
              78.80942044699998,
              33.50012701700007
            ],
            [
              78.80944788300013,
              33.50009398100019
            ],
            [
              78.81099607100015,
              33.49822980200008
            ],
            [
              78.81859600000007,
              33.48907900100011
            ],
            [
              78.82023757500008,
              33.48710849700012
            ],
            [
              78.82073200000002,
              33.48651500100004
            ],
            [
              78.82325700100017,
              33.48349000000013
            ],
            [
              78.83392382900007,
              33.473582287000056
            ],
            [
              78.83496200100018,
              33.47261800100006
            ],
            [
              78.83620080100019,
              33.47146729400015
            ],
            [
              78.8709640530002,
              33.43939018100019
            ],
            [
              78.87152862800014,
              33.43907928200014
            ],
            [
              78.8736380000002,
              33.437915424000096
            ],
            [
              78.87371679400013,
              33.43787194700019
            ],
            [
              78.87373222000019,
              33.4378634360001
            ],
            [
              78.8737538920002,
              33.43785157500008
            ],
            [
              78.87565500000011,
              33.436811000000034
            ],
            [
              78.88418671100004,
              33.4296742730001
            ],
            [
              78.89539300000007,
              33.42031100000014
            ],
            [
              78.90867200000008,
              33.40921600000013
            ],
            [
              78.92125700000008,
              33.39870100000019
            ],
            [
              78.921266914,
              33.39869669300009
            ],
            [
              78.92808200000007,
              33.39573600000017
            ],
            [
              78.94108208500006,
              33.390087219000065
            ],
            [
              78.94110100000012,
              33.390079000000185
            ],
            [
              78.953763691,
              33.37539452500016
            ],
            [
              78.95481109600007,
              33.37417984000007
            ],
            [
              78.97067867270577,
              33.3680915120338
            ],
            [
              78.98755916704269,
              33.33320299722755
            ],
            [
              79.0087855933522,
              33.33467805456375
            ],
            [
              79.01791420300009,
              33.33138755700014
            ],
            [
              79.01954651000005,
              33.33079910200007
            ],
            [
              79.03379821800013,
              33.31357956000011
            ],
            [
              79.0365676880001,
              33.31208801300005
            ],
            [
              79.03887257600009,
              33.310845149999984
            ],
            [
              79.03924000000006,
              33.31064700000013
            ],
            [
              79.04749943200011,
              33.30619281700007
            ],
            [
              79.04765300100013,
              33.30610999900017
            ],
            [
              79.04768997400004,
              33.30609005500014
            ],
            [
              79.06111500000009,
              33.298848000000135
            ],
            [
              79.06361713100006,
              33.297498346000054
            ],
            [
              79.0665969850001,
              33.295890809000184
            ],
            [
              79.06732754400002,
              33.295025429000134
            ],
            [
              79.0679550000001,
              33.29428200000018
            ],
            [
              79.0707930000001,
              33.29092000000003
            ],
            [
              79.0731120000001,
              33.28360000000009
            ],
            [
              79.06926699900004,
              33.27310899999998
            ],
            [
              79.06789310900001,
              33.269355378000114
            ],
            [
              79.06616776800018,
              33.264641558000164
            ],
            [
              79.0661090000001,
              33.264481000000046
            ],
            [
              79.06684900000005,
              33.254623000000095
            ],
            [
              79.0669858490001,
              33.25279158700016
            ],
            [
              79.067207,
              33.24983200000014
            ],
            [
              79.07147200000014,
              33.2381630000001
            ],
            [
              79.07496600000019,
              33.22861100000006
            ],
            [
              79.092987,
              33.22045900000006
            ],
            [
              79.09618799999998,
              33.21901100000014
            ],
            [
              79.11328100000014,
              33.21128100000004
            ],
            [
              79.12773100000004,
              33.20473900000019
            ],
            [
              79.13891400000006,
              33.200955000000135
            ],
            [
              79.14144100000004,
              33.20010000000008
            ],
            [
              79.14176600000015,
              33.20005400000019
            ],
            [
              79.15696115200006,
              33.19791729100001
            ],
            [
              79.15701300000012,
              33.19790999900016
            ],
            [
              79.16476400000016,
              33.196819000000005
            ],
            [
              79.17251159500017,
              33.195731619000185
            ],
            [
              79.18049621700006,
              33.19461059499997
            ],
            [
              79.18061664700008,
              33.19452877400005
            ],
            [
              79.18547094000013,
              33.19122303000012
            ],
            [
              79.19252802000017,
              33.17594499000006
            ],
            [
              79.19557992000011,
              33.15697101000006
            ],
            [
              79.19494596100014,
              33.152363010000045
            ],
            [
              79.19366508000013,
              33.14297097000008
            ],
            [
              79.1884459800001,
              33.12939096000002
            ],
            [
              79.15538808000014,
              33.09024798000013
            ],
            [
              79.15413707900007,
              33.087249991000135
            ],
            [
              79.14980303900012,
              33.076999981000085
            ],
            [
              79.14886505900017,
              33.07480596
            ],
            [
              79.14871998000012,
              33.05258199000008
            ],
            [
              79.15122198,
              33.03402696100005
            ],
            [
              79.15466303900007,
              33.02377703900015
            ],
            [
              79.1621699390002,
              33.01469397100004
            ],
            [
              79.19716608000004,
              33.00238800100004
            ],
            [
              79.20772595900007,
              33.00252903100017
            ],
            [
              79.21414206000009,
              33.00260904100003
            ],
            [
              79.2300799800002,
              33.00016797000012
            ],
            [
              79.23136104000014,
              32.99969502100015
            ],
            [
              79.24869504100008,
              32.99347296000002
            ],
            [
              79.25749991900011,
              32.98661001099998
            ],
            [
              79.26000191900016,
              32.98466502000008
            ],
            [
              79.27005797900017,
              32.96849796100014
            ],
            [
              79.27783199900017,
              32.95000098100019
            ],
            [
              79.28022006000015,
              32.944331969000075
            ],
            [
              79.28227998100016,
              32.9354170200001
            ],
            [
              79.28355401900001,
              32.906081970000116
            ],
            [
              79.28089092000005,
              32.893138980000174
            ],
            [
              79.28055594000006,
              32.89149900100011
            ],
            [
              79.27877807900012,
              32.882888970000124
            ],
            [
              79.27008102100012,
              32.866527960000155
            ],
            [
              79.25519592000018,
              32.84825103000014
            ],
            [
              79.2497790000001,
              32.832137970000076
            ],
            [
              79.25050404100017,
              32.828166991000046
            ],
            [
              79.25155596100018,
              32.82255603100015
            ],
            [
              79.25869800000004,
              32.81644404000008
            ],
            [
              79.27672607900013,
              32.808612960000175
            ],
            [
              79.28891802000004,
              32.79316698100013
            ],
            [
              79.2901920600001,
              32.78683503000019
            ],
            [
              79.29097001999997,
              32.7828899700001
            ],
            [
              79.2910839590001,
              32.75905599100008
            ],
            [
              79.28713998000018,
              32.75258301000014
            ],
            [
              79.27349904000005,
              32.70822101900018
            ],
            [
              79.26980598000017,
              32.70175200100016
            ],
            [
              79.26458003900007,
              32.67419400100016
            ],
            [
              79.2684709190001,
              32.66760996000011
            ],
            [
              79.27138494000008,
              32.66821998100005
            ],
            [
              79.27630595900018,
              32.66930403000009
            ],
            [
              79.28461494000015,
              32.67441602900004
            ],
            [
              79.28961191900015,
              32.67255402100017
            ],
            [
              79.29058104100005,
              32.6721950110001
            ],
            [
              79.29366299900016,
              32.66741601000001
            ],
            [
              79.29203004100003,
              32.653805040000066
            ],
            [
              79.29196901900013,
              32.653446030000005
            ],
            [
              79.26405299900017,
              32.58989000899999
            ],
            [
              79.2613909800001,
              32.57197200000013
            ],
            [
              79.26127596000015,
              32.569889039000145
            ],
            [
              79.25972004000005,
              32.54172102000018
            ],
            [
              79.26144408100009,
              32.53625100100015
            ],
            [
              79.26067071288948,
              32.53296789187211
            ],
            [
              79.25767871214772,
              32.5331651089494
            ],
            [
              79.25704901900008,
              32.533576020000055
            ],
            [
              79.25597099900006,
              32.534262991000105
            ],
            [
              79.25088294000017,
              32.53412097100011
            ],
            [
              79.25062161436325,
              32.53363027601294
            ],
            [
              79.24936355883374,
              32.53371320046919
            ],
            [
              79.24368447553623,
              32.52120908001707
            ],
            [
              79.23497772200011,
              32.51898956400004
            ],
            [
              79.23309326200012,
              32.51850891100014
            ],
            [
              79.22310638400018,
              32.51596069400006
            ],
            [
              79.22088623000013,
              32.51539611800007
            ],
            [
              79.21382904100005,
              32.513599396000075
            ],
            [
              79.20693206800001,
              32.511840821000135
            ],
            [
              79.2029571540001,
              32.5108299260001
            ],
            [
              79.1833038330002,
              32.501022339000144
            ],
            [
              79.16506957900015,
              32.491920471000185
            ],
            [
              79.14885711700003,
              32.48382949900008
            ],
            [
              79.1412535875954,
              32.47718442254921
            ],
            [
              79.1357120399167,
              32.47660678641502
            ],
            [
              79.13080441748922,
              32.468052408913344
            ],
            [
              79.12894439600012,
              32.466426850000175
            ],
            [
              79.12652587800017,
              32.46430969200014
            ],
            [
              79.12172699000013,
              32.45611190800008
            ],
            [
              79.12024688600007,
              32.45357894900019
            ],
            [
              79.12007904100011,
              32.4532890320001
            ],
            [
              79.11814880300012,
              32.450000763000105
            ],
            [
              79.11978149400011,
              32.43832016100015
            ],
            [
              79.12187957800018,
              32.42324066200007
            ],
            [
              79.12133789000012,
              32.41762161400004
            ],
            [
              79.12119293300009,
              32.41613006600011
            ],
            [
              79.1118011480001,
              32.39929199200009
            ],
            [
              79.10928663046558,
              32.38420130739198
            ],
            [
              79.06751366052956,
              32.38498145331981
            ],
            [
              79.06423950200013,
              32.38522720300017
            ],
            [
              79.05970001200006,
              32.38557052700014
            ],
            [
              79.05776188272411,
              32.385163576107715
            ],
            [
              79.03220797804582,
              32.385640817125186
            ],
            [
              79.01326605822631,
              32.37704958669226
            ],
            [
              79.00323655727988,
              32.365122940658964
            ],
            [
              78.99375915400003,
              32.36429977500018
            ],
            [
              78.9825286860002,
              32.34582138200011
            ],
            [
              78.97720336800012,
              32.34276962400003
            ],
            [
              78.97642508094012,
              32.34295778107967
            ],
            [
              78.96049928158625,
              32.36593152377906
            ],
            [
              78.90232052785491,
              32.392715948069956
            ],
            [
              78.85767171685178,
              32.44022039869908
            ],
            [
              78.82587635144047,
              32.43870429921092
            ],
            [
              78.77513906620965,
              32.557970792279804
            ],
            [
              78.77513906620965,
              32.573131787161444
            ],
            [
              78.79543398030198,
              32.59789474546812
            ],
            [
              78.77018858019493,
              32.63968076561314
            ],
            [
              78.76805877800012,
              32.662979126000096
            ],
            [
              78.76521301200006,
              32.67369079600013
            ],
            [
              78.7645645140002,
              32.67609405600007
            ],
            [
              78.76392357689403,
              32.678461754155265
            ],
            [
              78.76634460343631,
              32.69745194519087
            ],
            [
              78.75520802298018,
              32.68837622905863
            ],
            [
              78.74592590300017,
              32.696079255000086
            ],
            [
              78.74214172300009,
              32.69601821900005
            ],
            [
              78.73645019400016,
              32.69593048000013
            ],
            [
              78.71703338700007,
              32.68072891300011
            ],
            [
              78.66426849400011,
              32.656490327000085
            ],
            [
              78.66089199710663,
              32.65399983299644
            ],
            [
              78.6608110501562,
              32.65399042653018
            ],
            [
              78.66076899009721,
              32.65390910339441
            ],
            [
              78.65442657500017,
              32.64923095700004
            ],
            [
              78.65162658700012,
              32.64442062400002
            ],
            [
              78.63233947800006,
              32.61106109600013
            ],
            [
              78.62567138600008,
              32.60705185000006
            ],
            [
              78.603286744,
              32.60438156200007
            ],
            [
              78.59976959200014,
              32.6052589410001
            ],
            [
              78.59968562962268,
              32.60527989994437
            ],
            [
              78.57218992528635,
              32.61760403881425
            ],
            [
              78.55018654138443,
              32.612320627303255
            ],
            [
              78.5498504630001,
              32.61231994700012
            ],
            [
              78.54950714200005,
              32.61231994700012
            ],
            [
              78.54519653200009,
              32.61230850200013
            ],
            [
              78.54492950500008,
              32.61230850200013
            ],
            [
              78.53894042900015,
              32.61042785600017
            ],
            [
              78.53704834000018,
              32.60983276300004
            ],
            [
              78.53675079400011,
              32.609741211000085
            ],
            [
              78.53108215300011,
              32.60795974800004
            ],
            [
              78.52641296400003,
              32.60649108900009
            ],
            [
              78.50885772700013,
              32.59471893300008
            ],
            [
              78.50328064000013,
              32.589561463000166
            ],
            [
              78.49591064500004,
              32.58274841400004
            ],
            [
              78.49407646436468,
              32.58105145727129
            ],
            [
              78.46372835738491,
              32.5798986908083
            ],
            [
              78.46161651600016,
              32.58034896900017
            ],
            [
              78.45272064200009,
              32.57950210700011
            ],
            [
              78.44332885700004,
              32.57207489100017
            ],
            [
              78.43788909900007,
              32.56777191200007
            ],
            [
              78.41223907400013,
              32.556060791000164
            ],
            [
              78.411453247,
              32.55430984600014
            ],
            [
              78.4043273930002,
              32.53873062100013
            ],
            [
              78.40510476713274,
              32.52707329718697
            ],
            [
              78.3993005597401,
              32.52583445678206
            ],
            [
              78.3990631100001,
              32.52637100200002
            ],
            [
              78.39791870100015,
              32.52706909200009
            ],
            [
              78.3943862910001,
              32.528530121000074
            ],
            [
              78.38243103000008,
              32.52965164100016
            ],
            [
              78.37668609600009,
              32.526050567000084
            ],
            [
              78.3563613890002,
              32.512660980000085
            ],
            [
              78.31727518460751,
              32.48141732682866
            ],
            [
              78.29482609935786,
              32.503896577201964
            ],
            [
              78.3151210134502,
              32.52562733653231
            ],
            [
              78.31309152204096,
              32.5736371536575
            ],
            [
              78.34826937313433,
              32.581217651098314
            ],
            [
              78.40509513259285,
              32.619625504798464
            ],
            [
              78.38750620704616,
              32.63428113318405
            ],
            [
              78.37938824140923,
              32.668140688419705
            ],
            [
              78.39427117841028,
              32.71564513904884
            ],
            [
              78.38750620704616,
              32.75708519172532
            ],
            [
              78.37237205471193,
              32.757330968450496
            ],
            [
              78.37277221699998,
              32.76015090900006
            ],
            [
              78.37135314900019,
              32.761829376000094
            ],
            [
              78.36428070000005,
              32.76298141500013
            ],
            [
              78.34474182200006,
              32.76343154799997
            ],
            [
              78.31394958600009,
              32.74898147600004
            ],
            [
              78.28765869200015,
              32.73783111600011
            ],
            [
              78.29461670000012,
              32.73160934500004
            ],
            [
              78.29811096200007,
              32.72483062700013
            ],
            [
              78.29856109500008,
              32.71974182100007
            ],
            [
              78.29572296200018,
              32.71281051600005
            ],
            [
              78.28486633300008,
              32.706779481000126
            ],
            [
              78.27274322500013,
              32.70293045100016
            ],
            [
              78.25911712700015,
              32.702919007000105
            ],
            [
              78.23658752400007,
              32.694671631000176
            ],
            [
              78.2332611080002,
              32.68370056200007
            ],
            [
              78.2249679570001,
              32.6755599980001
            ],
            [
              78.21293640100009,
              32.66918945400005
            ],
            [
              78.207603160616,
              32.66730607435348
            ],
            [
              78.17356168030454,
              32.674890505042896
            ],
            [
              78.17047882100007,
              32.67721176300006
            ],
            [
              78.15841674800009,
              32.67913055500003
            ],
            [
              78.15483374718372,
              32.67906308242235
            ],
            [
              78.14261424366539,
              32.68178558381318
            ],
            [
              78.14362055579451,
              32.6759863728078
            ],
            [
              78.13600158700007,
              32.67031860500009
            ],
            [
              78.13066101000004,
              32.66006088200004
            ],
            [
              78.13002945231013,
              32.658329521913686
            ],
            [
              78.11081887825408,
              32.662581656963106
            ],
            [
              78.1023959970822,
              32.6558233892497
            ],
            [
              78.09926605100009,
              32.65996933000008
            ],
            [
              78.0933761600001,
              32.66215133700007
            ],
            [
              78.08851623500004,
              32.65983200100004
            ],
            [
              78.07900237900014,
              32.65279007100003
            ],
            [
              78.07293701200001,
              32.644401550000055
            ],
            [
              78.06747623886726,
              32.62568053213591
            ],
            [
              78.06075809015967,
              32.62619526924718
            ],
            [
              78.04655165029503,
              32.644893829601195
            ],
            [
              78.03471318962129,
              32.63506745740083
            ],
            [
              78.03389740000017,
              32.635608673000036
            ],
            [
              78.03273773100005,
              32.633750916000054
            ],
            [
              78.03271892358086,
              32.633412140808595
            ],
            [
              78.01610927915654,
              32.619625504798464
            ],
            [
              77.9701074738806,
              32.646915295585416
            ],
            [
              77.970783971017,
              32.655001159522286
            ],
            [
              77.94643007410622,
              32.661570923971
            ],
            [
              77.91869369151337,
              32.690882180742165
            ],
            [
              77.93425312565081,
              32.72575246896993
            ],
            [
              77.92613516001389,
              32.77224618660696
            ],
            [
              77.90910431351912,
              32.771860652523316
            ],
            [
              77.90892791700009,
              32.772121430000084
            ],
            [
              77.9034957880001,
              32.77289962700007
            ],
            [
              77.89949798499998,
              32.77532196000004
            ],
            [
              77.89946960874121,
              32.775319285602194
            ],
            [
              77.8841923375564,
              32.78791254798465
            ],
            [
              77.88825132037486,
              32.798525244401795
            ],
            [
              77.86930940055537,
              32.82682576818085
            ],
            [
              77.83886702941686,
              32.841986763062486
            ],
            [
              77.82829146948664,
              32.837412902310255
            ],
            [
              77.82508850100004,
              32.83987045300012
            ],
            [
              77.82178169269217,
              32.83916443771369
            ],
            [
              77.78068827568552,
              32.86573898837705
            ],
            [
              77.78948273845887,
              32.89050194668373
            ],
            [
              77.81113064682401,
              32.906673674557474
            ],
            [
              77.74077494463728,
              32.96883375357219
            ],
            [
              77.71980353340854,
              32.96883375357219
            ],
            [
              77.71303856204443,
              32.98247864896567
            ],
            [
              77.68259619090594,
              32.98854304691832
            ],
            [
              77.67930544202271,
              32.978142538650175
            ],
            [
              77.67800140400004,
              32.980720520000034
            ],
            [
              77.67086029100011,
              32.986270905000026
            ],
            [
              77.66520690900006,
              32.986030579000044
            ],
            [
              77.66307830900013,
              32.97592926100003
            ],
            [
              77.65998840400005,
              32.968959809000125
            ],
            [
              77.65637207000015,
              32.965961456000116
            ],
            [
              77.65331268400013,
              32.95940017600009
            ],
            [
              77.64987945600006,
              32.95829010100016
            ],
            [
              77.64334869499999,
              32.95785141100009
            ],
            [
              77.63849640000007,
              32.95613861100014
            ],
            [
              77.63061107012771,
              32.9500943853861
            ],
            [
              77.60209303167304,
              32.94306006227341
            ],
            [
              77.60172252595575,
              32.94210670741922
            ],
            [
              77.59343719600008,
              32.94153976400008
            ],
            [
              77.58637237500005,
              32.93989944500015
            ],
            [
              77.58392334000018,
              32.943801880000024
            ],
            [
              77.58152771000005,
              32.93923187300015
            ],
            [
              77.58096313400006,
              32.93450164900014
            ],
            [
              77.579666138,
              32.931678772000055
            ],
            [
              77.56964874400018,
              32.92166137800007
            ],
            [
              77.5538482660001,
              32.91310882700003
            ],
            [
              77.54949188200004,
              32.91336059600019
            ],
            [
              77.54471588100006,
              32.911731720000034
            ],
            [
              77.53531646700003,
              32.90229034499998
            ],
            [
              77.52700042800018,
              32.892280578
            ],
            [
              77.52320099000008,
              32.889781951000145
            ],
            [
              77.51956176700014,
              32.887378694000176
            ],
            [
              77.51129150399998,
              32.88542938200016
            ],
            [
              77.50623321500007,
              32.88307189900007
            ],
            [
              77.50492002204723,
              32.88289953202432
            ],
            [
              77.5012949583478,
              32.885448281723185
            ],
            [
              77.4969342296556,
              32.881851333524175
            ],
            [
              77.49434661800007,
              32.88151168900009
            ],
            [
              77.4845504760001,
              32.88653945900006
            ],
            [
              77.47318267800007,
              32.87879180900012
            ],
            [
              77.45631373044704,
              32.86277562386894
            ],
            [
              77.4519106673898,
              32.86422288888889
            ],
            [
              77.44446919888928,
              32.87988925026658
            ],
            [
              77.42744822160498,
              32.8812046211758
            ],
            [
              77.4257202140002,
              32.883670807000044
            ],
            [
              77.42205604312004,
              32.881621325492944
            ],
            [
              77.40523236497744,
              32.88292144924291
            ],
            [
              77.4034492483148,
              32.88129982421896
            ],
            [
              77.40312194800003,
              32.88145065300006
            ],
            [
              77.39917755100004,
              32.88393020700005
            ],
            [
              77.39733123700006,
              32.88698959300001
            ],
            [
              77.39541625900006,
              32.887329101000034
            ],
            [
              77.38746643200017,
              32.88552093400011
            ],
            [
              77.37938690100003,
              32.8808288570001
            ],
            [
              77.37124633700006,
              32.86742019600007
            ],
            [
              77.36306762600003,
              32.86352920600019
            ],
            [
              77.35968017500016,
              32.859580994
            ],
            [
              77.35871887200011,
              32.85639953700013
            ],
            [
              77.35980987600016,
              32.85161972100008
            ],
            [
              77.36267089800009,
              32.84659958000009
            ],
            [
              77.36184692400013,
              32.84260940600018
            ],
            [
              77.35955047600004,
              32.838161470000045
            ],
            [
              77.35647583000019,
              32.82527160600006
            ],
            [
              77.34839630100004,
              32.821201325000175
            ],
            [
              77.33369445700004,
              32.84203338600014
            ],
            [
              77.32941436700008,
              32.864875794000056
            ],
            [
              77.32798004199998,
              32.88058090300018
            ],
            [
              77.31799316400003,
              32.890575409000064
            ],
            [
              77.3122787480001,
              32.90342331000005
            ],
            [
              77.30371093700006,
              32.913417816000106
            ],
            [
              77.29515075600011,
              32.93197631900006
            ],
            [
              77.29086303700018,
              32.951965332999976
            ],
            [
              77.29086303700018,
              32.973377228000174
            ],
            [
              77.28943634100006,
              32.99479293900009
            ],
            [
              77.30371093700006,
              32.99765014600018
            ],
            [
              77.30513763400006,
              33.0190658570001
            ],
            [
              77.30513763400006,
              33.03762435900018
            ],
            [
              77.30942535499999,
              33.059040070000094
            ],
            [
              77.32941436700008,
              33.07331466700015
            ],
            [
              77.33797454800003,
              33.087593078
            ],
            [
              77.35368347100012,
              33.09758758600009
            ],
            [
              77.37223815800013,
              33.10329818700018
            ],
            [
              77.36795806800006,
              33.11757278500016
            ],
            [
              77.3622512830001,
              33.1389884940001
            ],
            [
              77.35796356200018,
              33.16040420500019
            ],
            [
              77.36081695600018,
              33.18039321900011
            ],
            [
              77.36510467600004,
              33.200378418000184
            ],
            [
              77.37352752600009,
              33.21834564300008
            ],
            [
              77.39794159000019,
              33.244636537000076
            ],
            [
              77.41506958000019,
              33.26890945400015
            ],
            [
              77.42791748000008,
              33.291751862000126
            ],
            [
              77.45076751800013,
              33.30888366800008
            ],
            [
              77.4750366200002,
              33.32886886700015
            ],
            [
              77.50501251200006,
              33.34600448700007
            ],
            [
              77.52928924500014,
              33.360279083000194
            ],
            [
              77.54213714700018,
              33.377410888999975
            ],
            [
              77.55070495600006,
              33.40025329700012
            ],
            [
              77.5449905390002,
              33.41881561400004
            ],
            [
              77.52249908400006,
              33.43296051000016
            ],
            [
              77.51137542800001,
              33.46160888700007
            ],
            [
              77.51494598300013,
              33.4848098760001
            ],
            [
              77.49887848000003,
              33.50444030900013
            ],
            [
              77.46675872800006,
              33.513362884
            ],
            [
              77.44177246100008,
              33.51157760600012
            ],
            [
              77.42392730799997,
              33.5294227600001
            ],
            [
              77.40608215400016,
              33.54548645000017
            ],
            [
              77.38109588600014,
              33.563331604000155
            ],
            [
              77.35789489800015,
              33.5651168820001
            ],
            [
              77.32577514600018,
              33.5651168820001
            ],
            [
              77.31507110700011,
              33.584747314000026
            ],
            [
              77.28651428200016,
              33.591884614000094
            ],
            [
              77.26152801500018,
              33.590099335000104
            ],
            [
              77.26152801500018,
              33.61151504600019
            ],
            [
              77.24546814000018,
              33.63649749699999
            ],
            [
              77.22048187200011,
              33.64899063200011
            ],
            [
              77.1815795890002,
              33.671119689000136
            ],
            [
              77.1458892820001,
              33.70110321100009
            ],
            [
              77.12447357100012,
              33.71823501700004
            ],
            [
              77.10305786200001,
              33.71680450500003
            ],
            [
              77.0816421510001,
              33.71109390200013
            ],
            [
              77.06879425100004,
              33.72394561700003
            ],
            [
              77.05451965300006,
              33.73393631000005
            ],
            [
              77.04023742600003,
              33.72394561700003
            ],
            [
              77.0188217170001,
              33.70538330000011
            ],
            [
              76.98884582500006,
              33.70538330000011
            ],
            [
              76.94886779700016,
              33.72108841000016
            ],
            [
              76.91745758000019,
              33.736793519000116
            ],
            [
              76.8831939700001,
              33.761062622000054
            ],
            [
              76.86463928200016,
              33.788188935000164
            ],
            [
              76.85035705600006,
              33.80817794900008
            ],
            [
              76.81894683900009,
              33.82673645100016
            ],
            [
              76.79325103700012,
              33.83244705200008
            ],
            [
              76.75898742700019,
              33.83244705200008
            ],
            [
              76.723297119,
              33.83673095700004
            ],
            [
              76.70902252300004,
              33.85100936900017
            ],
            [
              76.69474029600002,
              33.865283965000174
            ],
            [
              76.66904449500015,
              33.87242126500007
            ],
            [
              76.64048767100007,
              33.878131867000036
            ],
            [
              76.61764526400009,
              33.896694184000125
            ],
            [
              76.60908508300014,
              33.919536590000064
            ],
            [
              76.60622406099998,
              33.949516297
            ],
            [
              76.57767486600011,
              33.96664810200008
            ],
            [
              76.55340576100019,
              33.98092651400003
            ],
            [
              76.52484893799999,
              33.99663162200005
            ],
            [
              76.51200103800011,
              34.02375793400006
            ],
            [
              76.51628112900016,
              34.04660034200003
            ],
            [
              76.53199005200003,
              34.06373214700005
            ],
            [
              76.56482696600006,
              34.073726655000144
            ],
            [
              76.59194946200012,
              34.06087494000019
            ],
            [
              76.62050628700007,
              34.05802154600019
            ],
            [
              76.64334869300002,
              34.06515884400005
            ],
            [
              76.64762878400006,
              34.08942794800009
            ],
            [
              76.63049316300004,
              34.10370636000005
            ],
            [
              76.62193298400007,
              34.12369537400019
            ],
            [
              76.64334869300002,
              34.136543274000076
            ],
            [
              76.66047668500005,
              34.13368606500018
            ],
            [
              76.66761779800017,
              34.1065597540001
            ],
            [
              76.67939758200015,
              34.08681106600011
            ],
            [
              76.71211242800018,
              34.08086395200013
            ],
            [
              76.71456909300015,
              34.11034011800007
            ],
            [
              76.68508148100011,
              34.13562011800008
            ],
            [
              76.65139770500008,
              34.154869080000026
            ],
            [
              76.6704711910001,
              34.18199157800012
            ],
            [
              76.67642212000015,
              34.20875930800014
            ],
            [
              76.65857696400015,
              34.21470642100002
            ],
            [
              76.65857696400015,
              34.244449615000065
            ],
            [
              76.66749572700007,
              34.265270233000024
            ],
            [
              76.67344665600018,
              34.29204177800011
            ],
            [
              76.67642212000015,
              34.32475662300004
            ],
            [
              76.68534088100012,
              34.35152816800007
            ],
            [
              76.6645202630001,
              34.36937332100018
            ],
            [
              76.61693573000014,
              34.384243011000024
            ],
            [
              76.59016418400017,
              34.387218475
            ],
            [
              76.58124542300004,
              34.408039093000184
            ],
            [
              76.58124542300004,
              34.44372940100004
            ],
            [
              76.58124542300004,
              34.47942352299998
            ],
            [
              76.58718872100013,
              34.51214218100017
            ],
            [
              76.55149841399998,
              34.527011871000184
            ],
            [
              76.52472686700014,
              34.535934449000024
            ],
            [
              76.49796295300008,
              34.55675506699998
            ],
            [
              76.47119140600017,
              34.55973052900015
            ],
            [
              76.42359924300013,
              34.55377960200008
            ],
            [
              76.38196563700006,
              34.54485702500017
            ],
            [
              76.37303924600019,
              34.583522796000125
            ],
            [
              76.37303924600019,
              34.61624145500019
            ],
            [
              76.33856964099999,
              34.631320954000046
            ],
            [
              76.32872009200014,
              34.733055116000116
            ],
            [
              76.33988952600009,
              34.73431778000014
            ],
            [
              76.3507385260001,
              34.734703063000154
            ],
            [
              76.38593292300004,
              34.73595047100014
            ],
            [
              76.40953826900005,
              34.752166749000025
            ],
            [
              76.42761993400018,
              34.76243972800012
            ],
            [
              76.43695831200013,
              34.76438140900012
            ],
            [
              76.469200135,
              34.79166793800016
            ],
            [
              76.47177124000001,
              34.79302215600012
            ],
            [
              76.47434234600013,
              34.79437255900018
            ],
            [
              76.47732543900014,
              34.79398727400019
            ],
            [
              76.48973846500007,
              34.79238128600019
            ],
            [
              76.51409149100016,
              34.783802033000086
            ],
            [
              76.5453186040001,
              34.76559066800007
            ],
            [
              76.5618133550002,
              34.758338928000114
            ],
            [
              76.57097625699998,
              34.75842285200014
            ],
            [
              76.58001709000013,
              34.755516053000065
            ],
            [
              76.61804199200004,
              34.75606918400007
            ],
            [
              76.65249633700017,
              34.756561280000085
            ],
            [
              76.67163848900003,
              34.757419587000186
            ],
            [
              76.68181610100015,
              34.75959014900019
            ],
            [
              76.687194825,
              34.763210296000125
            ],
            [
              76.69670105000012,
              34.77912902900016
            ],
            [
              76.70619201800002,
              34.80125045900013
            ],
            [
              76.7272872920002,
              34.82089996400015
            ],
            [
              76.73784637400007,
              34.83074188300009
            ],
            [
              76.74324035600017,
              34.840099334000115
            ],
            [
              76.74468994200004,
              34.844730376000086
            ],
            [
              76.74343872100013,
              34.86489105300012
            ],
            [
              76.73886108400018,
              34.901927949000026
            ],
            [
              76.74337005500013,
              34.91814041100008
            ],
            [
              76.74936676099998,
              34.92660140999999
            ],
            [
              76.76242828300013,
              34.93299102700013
            ],
            [
              76.76419067300014,
              34.93312072800012
            ],
            [
              76.7993392950001,
              34.93577194200009
            ],
            [
              76.80442047100007,
              34.93432998700007
            ],
            [
              76.81105041400019,
              34.9354553230001
            ],
            [
              76.82552337700014,
              34.94165420600007
            ],
            [
              76.84815216000011,
              34.957969665000064
            ],
            [
              76.85315704400011,
              34.96387100200013
            ],
            [
              76.86315155000017,
              34.97084045300011
            ],
            [
              76.87004089300007,
              34.97243118300008
            ],
            [
              76.88350677400001,
              34.97032928400017
            ],
            [
              76.8984680180002,
              34.964260102000026
            ],
            [
              76.9014053350001,
              34.963073732000055
            ],
            [
              76.9084320070001,
              34.96168518100001
            ],
            [
              76.95034027100013,
              34.9409408570001
            ],
            [
              76.97035980200019,
              34.935581208000144
            ],
            [
              76.98874664300018,
              34.935218811000084
            ],
            [
              76.99748993000003,
              34.93915176300004
            ],
            [
              77.01013946600017,
              34.95628738400006
            ],
            [
              77.01145172200006,
              34.966709137000066
            ],
            [
              77.01130676300005,
              34.972721101000104
            ],
            [
              77.01065826500019,
              35.00000000000006
            ],
            [
              77.0102996830002,
              35.01618194500003
            ],
            [
              77.01094818100006,
              35.02759170500008
            ],
            [
              77.01378631600011,
              35.03512191800007
            ],
            [
              77.01809692400008,
              35.03846359200003
            ],
            [
              77.0269165040001,
              35.04079437300004
            ],
            [
              77.03677368100006,
              35.032363891000045
            ],
            [
              77.0683670040001,
              35.024120330000194
            ],
            [
              77.08137512100001,
              35.02633667099997
            ],
            [
              77.10980224600013,
              35.03932953000009
            ],
            [
              77.15682220400015,
              35.054698945000155
            ],
            [
              77.17558288600009,
              35.06679153400012
            ],
            [
              77.19481658900014,
              35.07918930000011
            ],
            [
              77.28079223600008,
              35.138286590000064
            ],
            [
              77.29518890300017,
              35.14562988400013
            ],
            [
              77.30075073300009,
              35.14847946200018
            ],
            [
              77.37944030800008,
              35.19789123500016
            ],
            [
              77.38440704300007,
              35.19916916000011
            ],
            [
              77.418830872,
              35.22006988500004
            ],
            [
              77.44252014200003,
              35.23443985000006
            ],
            [
              77.48542022700019,
              35.26654052700013
            ],
            [
              77.53961181600005,
              35.29777908300002
            ],
            [
              77.5850219720001,
              35.32392120300017
            ],
            [
              77.65056610100015,
              35.3670806880001
            ],
            [
              77.66091919000013,
              35.37522888200016
            ],
            [
              77.73551178100007,
              35.43384170600018
            ],
            [
              77.76036834800017,
              35.45117568900008
            ],
            [
              77.77467346100008,
              35.46015930200008
            ],
            [
              77.81465148900014,
              35.48524856600012
            ],
            [
              77.81929016200013,
              35.49328994700011
            ],
            [
              77.82392883400007,
              35.50133132900004
            ],
            [
              77.83330749220528,
              35.50120848266652
            ],
            [
              77.85131628840396,
              35.48874450093265
            ],
            [
              77.85131836,
              35.48873901400009
            ],
            [
              77.86267089900008,
              35.45859146100008
            ],
            [
              77.86529738200005,
              35.45508727500004
            ],
            [
              77.86872100000016,
              35.45052000099997
            ],
            [
              77.87468020300003,
              35.44256900800019
            ],
            [
              77.87941741900016,
              35.436248779000096
            ],
            [
              77.88477325500008,
              35.431957246000024
            ],
            [
              77.88862609800009,
              35.42887115600013
            ],
            [
              77.89161389000003,
              35.4286044640001
            ],
            [
              77.89566193100006,
              35.428243132000034
            ],
            [
              77.899566651,
              35.427894593000076
            ],
            [
              77.90124874600019,
              35.427743732000124
            ],
            [
              77.90192572100017,
              35.42768301600006
            ],
            [
              77.9029693600001,
              35.4275894160001
            ],
            [
              77.91018676800002,
              35.42935943600003
            ],
            [
              77.91563042400014,
              35.43215627600018
            ],
            [
              77.91987600000004,
              35.434338000000025
            ],
            [
              77.92047679200004,
              35.43464666800014
            ],
            [
              77.92066151500013,
              35.434741707000114
            ],
            [
              77.92092895500008,
              35.434879303000116
            ],
            [
              77.928016662,
              35.4405403130001
            ],
            [
              77.9437789930001,
              35.46295547600016
            ],
            [
              77.94458770800014,
              35.464111328
            ],
            [
              77.95120563600005,
              35.47352567100012
            ],
            [
              77.95128302300014,
              35.47363575700019
            ],
            [
              77.9518876396429,
              35.474008219178764
            ],
            [
              77.98093142806317,
              35.4552369141608
            ],
            [
              77.9829609194724,
              35.464333511089784
            ],
            [
              77.9640189996529,
              35.47848377297931
            ],
            [
              77.96393572232815,
              35.48059894730391
            ],
            [
              77.96404338400015,
              35.48062514600019
            ],
            [
              77.96495968100004,
              35.480848121000065
            ],
            [
              77.96513599600013,
              35.4808910270001
            ],
            [
              77.96600840000002,
              35.48110332000016
            ],
            [
              77.97637792300014,
              35.48363120300013
            ],
            [
              77.98555521000014,
              35.485869173000026
            ],
            [
              77.98660167000003,
              35.48612458800011
            ],
            [
              77.98836376399998,
              35.48655374300017
            ],
            [
              77.99007716900013,
              35.48697135700008
            ],
            [
              77.99063900100003,
              35.48711000000009
            ],
            [
              77.9908474290001,
              35.48713174300002
            ],
            [
              78.00236311100002,
              35.48836913400004
            ],
            [
              78.00999450800009,
              35.48918914800004
            ],
            [
              78.019981384,
              35.49026107800006
            ],
            [
              78.02866282800017,
              35.490544281000155
            ],
            [
              78.04535700000014,
              35.49108900000016
            ],
            [
              78.04888800000009,
              35.49120500100008
            ],
            [
              78.05945345500004,
              35.491551043000136
            ],
            [
              78.06016387400012,
              35.49157431100008
            ],
            [
              78.06055389600004,
              35.49158691100007
            ],
            [
              78.06151884700006,
              35.49161844299999
            ],
            [
              78.06217863800003,
              35.4916400620001
            ],
            [
              78.06375122000009,
              35.49169159000013
            ],
            [
              78.06481933900011,
              35.491725922000114
            ],
            [
              78.07935333100005,
              35.492198942000186
            ],
            [
              78.08065033000014,
              35.49194908100003
            ],
            [
              78.08194732900012,
              35.491699220000044
            ],
            [
              78.08769988900019,
              35.4905891410001
            ],
            [
              78.09099735600006,
              35.48994489400019
            ],
            [
              78.09101143599997,
              35.48994217900008
            ],
            [
              78.09110970900002,
              35.48992298200017
            ],
            [
              78.09167961400004,
              35.48981165900011
            ],
            [
              78.09269221100004,
              35.48961386200017
            ],
            [
              78.09428678800009,
              35.489302384000155
            ],
            [
              78.09429896500012,
              35.48930000600012
            ],
            [
              78.09451081800017,
              35.489194209000175
            ],
            [
              78.09878775600004,
              35.487058138000066
            ],
            [
              78.09882608800018,
              35.48703892000009
            ],
            [
              78.099105608,
              35.486898519000135
            ],
            [
              78.10398864900003,
              35.48445892200016
            ],
            [
              78.10487169100008,
              35.48329621100015
            ],
            [
              78.10571645800007,
              35.48218389700009
            ],
            [
              78.10576299000019,
              35.482122922000144
            ],
            [
              78.10582272300007,
              35.482044454000004
            ],
            [
              78.10585058600014,
              35.48200776400017
            ],
            [
              78.10703442700014,
              35.48044887300006
            ],
            [
              78.10704800000013,
              35.480431000000124
            ],
            [
              78.10812530600009,
              35.47901406200009
            ],
            [
              78.10888024600018,
              35.47802111900012
            ],
            [
              78.10983281100005,
              35.47676829500001
            ],
            [
              78.11080169700011,
              35.47266006500007
            ],
            [
              78.11073520700012,
              35.472486814000035
            ],
            [
              78.1088561750001,
              35.46759071300005
            ],
            [
              78.10769653400013,
              35.46456909200009
            ],
            [
              78.10613100000006,
              35.46322189700004
            ],
            [
              78.10572986100004,
              35.46287700200003
            ],
            [
              78.1052360000001,
              35.46245200000004
            ],
            [
              78.10510885000008,
              35.462342696000064
            ],
            [
              78.10495139000017,
              35.46220722000004
            ],
            [
              78.10449981700005,
              35.46181869500015
            ],
            [
              78.09732818600003,
              35.455638886000145
            ],
            [
              78.0972260800001,
              35.45559565200012
            ],
            [
              78.09693261200016,
              35.45547139000013
            ],
            [
              78.09649573400009,
              35.45528619400011
            ],
            [
              78.09576239300009,
              35.45497456300018
            ],
            [
              78.09504264500005,
              35.45467050900004
            ],
            [
              78.0949886680001,
              35.454647715000135
            ],
            [
              78.09497300000004,
              35.45464099999998
            ],
            [
              78.09468183500019,
              35.45451814300003
            ],
            [
              78.07964324900007,
              35.44815063100009
            ],
            [
              78.07371373900008,
              35.4471559860001
            ],
            [
              78.0754500000001,
              35.447452000000055
            ],
            [
              78.0726843860001,
              35.44699195600003
            ],
            [
              78.07183088600016,
              35.44684984500009
            ],
            [
              78.07141214900008,
              35.44628617100017
            ],
            [
              78.07019042900004,
              35.4446411130001
            ],
            [
              78.069786239,
              35.44409827800007
            ],
            [
              78.06965605200014,
              35.443923214000165
            ],
            [
              78.06934817500019,
              35.44350921000017
            ],
            [
              78.06930198200018,
              35.44344709400019
            ],
            [
              78.06914378000005,
              35.44323507300015
            ],
            [
              78.06913287300011,
              35.443220793000194
            ],
            [
              78.068878171,
              35.44287872100011
            ],
            [
              78.05094170500007,
              35.43331984400015
            ],
            [
              78.04993446600014,
              35.432783056000176
            ],
            [
              78.04968994900008,
              35.43265274600003
            ],
            [
              78.04917175900005,
              35.43237658800007
            ],
            [
              78.04854648400004,
              35.43204336000008
            ],
            [
              78.04699907100019,
              35.43121869800001
            ],
            [
              78.04217799999998,
              35.42864899900013
            ],
            [
              78.03169300000002,
              35.423061000000075
            ],
            [
              78.03076587100014,
              35.421553180000046
            ],
            [
              78.03009800000007,
              35.42046700000003
            ],
            [
              78.03001099900007,
              35.42032400000011
            ],
            [
              78.02989460000009,
              35.4201331380001
            ],
            [
              78.02988894100008,
              35.42012394800008
            ],
            [
              78.02984454700015,
              35.420051057000194
            ],
            [
              78.02983093100005,
              35.420028689000105
            ],
            [
              78.02974898500003,
              35.41998403200006
            ],
            [
              78.02972789400019,
              35.41997220500002
            ],
            [
              78.02959947,
              35.41990181500006
            ],
            [
              78.02949600700009,
              35.41984554400011
            ],
            [
              78.02845800000006,
              35.41928100100006
            ],
            [
              78.02459300000004,
              35.41716600000012
            ],
            [
              78.0238949990001,
              35.41711100100008
            ],
            [
              78.02352500000012,
              35.417079
            ],
            [
              78.02343586400019,
              35.41707215100007
            ],
            [
              78.02334645899998,
              35.41706467800009
            ],
            [
              78.02293835700016,
              35.41702982800001
            ],
            [
              78.02120209000014,
              35.41688156000004
            ],
            [
              78.02076721100013,
              35.41646957100011
            ],
            [
              78.0194931010002,
              35.41526031200016
            ],
            [
              78.01134938000007,
              35.40757102300017
            ],
            [
              78.01109471300003,
              35.407330565000166
            ],
            [
              78.0109761670002,
              35.40721863300013
            ],
            [
              78.01061696800008,
              35.406879478000064
            ],
            [
              77.99707031200006,
              35.39408874600008
            ],
            [
              77.99342834900011,
              35.386003921000054
            ],
            [
              77.99210142900012,
              35.38305793500018
            ],
            [
              77.99205523299997,
              35.38295572600015
            ],
            [
              77.9920480350001,
              35.382939747000194
            ],
            [
              77.99202587700007,
              35.3828905580001
            ],
            [
              77.99028778000002,
              35.37903214000005
            ],
            [
              77.9901423120001,
              35.37220689300011
            ],
            [
              77.99014141900011,
              35.372164981000026
            ],
            [
              77.99013726900013,
              35.37197029900011
            ],
            [
              77.99013316300011,
              35.371777620000046
            ],
            [
              77.99013041400019,
              35.37164863900012
            ],
            [
              77.99012175000018,
              35.37124212700007
            ],
            [
              77.99009458600007,
              35.369967663000125
            ],
            [
              77.99004600000012,
              35.36767399900009
            ],
            [
              77.99000300500019,
              35.36565722900019
            ],
            [
              77.98996000000012,
              35.36364000100008
            ],
            [
              77.99123265900016,
              35.35348899000013
            ],
            [
              77.99185200000016,
              35.348549000000105
            ],
            [
              77.99301993300008,
              35.34685429800004
            ],
            [
              77.99304440000003,
              35.34681879600015
            ],
            [
              77.9930690860001,
              35.3467825350001
            ],
            [
              77.9934213430001,
              35.34627138400015
            ],
            [
              77.99434662000016,
              35.34492874000006
            ],
            [
              78.00149274600005,
              35.29808697700014
            ],
            [
              78.00151062000015,
              35.297969819
            ],
            [
              78.00178393100009,
              35.296179241000175
            ],
            [
              78.00178679100014,
              35.29616215300018
            ],
            [
              78.00180131100012,
              35.296069112000055
            ],
            [
              78.00181463600006,
              35.29598167900019
            ],
            [
              78.00202200200016,
              35.29462100000012
            ],
            [
              78.00202892200019,
              35.294613500000025
            ],
            [
              78.0021889360001,
              35.294456156000024
            ],
            [
              78.00223571500015,
              35.294410157000186
            ],
            [
              78.00344626800006,
              35.29321981600003
            ],
            [
              78.0056774300001,
              35.29102607200008
            ],
            [
              78.00636300000015,
              35.290360001000124
            ],
            [
              78.00646585900006,
              35.28998588800016
            ]
          ],
          [
            [
              77.42231309267532,
              33.19686805890473
            ],
            [
              77.46308393349857,
              33.1989831430988
            ],
            [
              77.45461665593544,
              33.203829174237576
            ],
            [
              77.42231309267532,
              33.19686805890473
            ]
          ],
          [
            [
              77.4032028735682,
              33.16996961900192
            ],
            [
              77.41985248809726,
              33.19633782166376
            ],
            [
              77.41943880484207,
              33.196248676796756
            ],
            [
              77.4032028735682,
              33.16996961900192
            ]
          ]
        ]
      }
    },
    {
      "type": "Feature",
      "properties": {
        "GID_3": "IND.13.7.1_1",
        "GID_0": "IND",
        "COUNTRY": "India",
        "GID_1": "IND.13_1",
        "NAME_1": "Himachal Pradesh",
        "NL_NAME_1": "NA",
        "GID_2": "IND.13.7_1",
        "NAME_2": "Lahul & Spiti",
        "NL_NAME_2": "NA",
        "NAME_3": "Kyelang",
        "VARNAME_3": "Lahul",
        "NL_NAME_3": "NA",
        "TYPE_3": "Taluk",
        "ENGTYPE_3": "Taluk",
        "CC_3": "NA",
        "HASC_3": "NA"
      },
      "geometry": {
        "type": "MultiPolygon",
        "coordinates": [
          [
            [
              [
                76.75534057599998,
                33.24948883200017
              ],
              [
                76.75688171300006,
                33.250541686000076
              ],
              [
                76.75997161800018,
                33.25297927800017
              ],
              [
                76.76355743400006,
                33.254329681000065
              ],
              [
                76.77826690800015,
                33.25571060100009
              ],
              [
                76.78543853900015,
                33.253589631000125
              ],
              [
                76.78554694343921,
                33.25347291816288
              ],
              [
                76.75647161115931,
                33.24830142589038
              ],
              [
                76.75531318042881,
                33.24907409318701
              ],
              [
                76.75534057599998,
                33.24948883200017
              ]
            ]
          ],
          [
            [
              [
                76.81394195500009,
                33.24744033800016
              ],
              [
                76.81727600100004,
                33.248500823000086
              ],
              [
                76.82192230300006,
                33.24835205099998
              ],
              [
                76.82354736400015,
                33.24785995500014
              ],
              [
                76.82717132700009,
                33.24674987800006
              ],
              [
                76.82834625200019,
                33.24639892700003
              ],
              [
                76.82836621623544,
                33.24625295681146
              ],
              [
                76.82006234198195,
                33.23617262998507
              ],
              [
                76.8104885480008,
                33.24517024640448
              ],
              [
                76.81394195500009,
                33.24744033800016
              ]
            ]
          ],
          [
            [
              [
                76.86044311600006,
                33.116378784000005
              ],
              [
                76.86869049000018,
                33.12022018400006
              ],
              [
                76.87150060205386,
                33.11824428494113
              ],
              [
                76.8584127062789,
                33.1151333876635
              ],
              [
                76.86044311600006,
                33.116378784000005
              ]
            ]
          ],
          [
            [
              [
                76.94832611100014,
                33.01848983800011
              ],
              [
                76.95677948000014,
                33.01673889300014
              ],
              [
                76.96212768600014,
                33.01393127400007
              ],
              [
                76.96370697000009,
                33.01004028400018
              ],
              [
                76.96652221700003,
                33.00720977900005
              ],
              [
                76.98082733200016,
                33.0014610290001
              ],
              [
                76.98118808055803,
                33.00113405842693
              ],
              [
                76.97159770053801,
                33.00067184282363
              ],
              [
                76.93604085439314,
                33.026302016565104
              ],
              [
                76.94832611100014,
                33.01848983800011
              ]
            ]
          ],
          [
            [
              [
                77.01123809700005,
                32.99324035700005
              ],
              [
                77.01992034900007,
                32.99174881000005
              ],
              [
                77.02442169200009,
                32.996959686000025
              ],
              [
                77.03531646800019,
                32.999679566000054
              ],
              [
                77.04050953914005,
                32.99700406598942
              ],
              [
                77.01015803731343,
                32.98904841341437
              ],
              [
                77.00629819514383,
                32.99182094620411
              ],
              [
                77.01123809700005,
                32.99324035700005
              ]
            ]
          ],
          [
            [
              [
                77.08418274000007,
                32.973670960000106
              ],
              [
                77.09712219200009,
                32.97758102500006
              ],
              [
                77.10315704400006,
                32.98720169100012
              ],
              [
                77.11238098200016,
                32.984130860000164
              ],
              [
                77.11554595442041,
                32.98354684741338
              ],
              [
                77.11095611063867,
                32.975403518020904
              ],
              [
                77.08592571659146,
                32.972371319044576
              ],
              [
                77.08412318704578,
                32.973668904760224
              ],
              [
                77.08418274000007,
                32.973670960000106
              ]
            ]
          ],
          [
            [
              [
                77.12750244200004,
                32.98384094400012
              ],
              [
                77.13476755308857,
                32.98107833005847
              ],
              [
                77.12418553815176,
                32.98333693778599
              ],
              [
                77.12750244200004,
                32.98384094400012
              ]
            ]
          ],
          [
            [
              [
                77.15743255500013,
                32.91323852500011
              ],
              [
                77.16043090800014,
                32.91608047600016
              ],
              [
                77.16156768900015,
                32.92111969000018
              ],
              [
                77.1637268070001,
                32.92510986400009
              ],
              [
                77.1665802010001,
                32.92805099499998
              ],
              [
                77.17385864200003,
                32.931129456000065
              ],
              [
                77.17948494118373,
                32.92002278423348
              ],
              [
                77.17048785864283,
                32.91071660652592
              ],
              [
                77.15695791591462,
                32.91172733951802
              ],
              [
                77.157363779015,
                32.91324330759738
              ],
              [
                77.15743255500013,
                32.91323852500011
              ]
            ]
          ],
          [
            [
              [
                77.25831604000007,
                32.87636184700017
              ],
              [
                77.2673173510105,
                32.8687509590347
              ],
              [
                77.25437350355779,
                32.86371752239283
              ],
              [
                77.25023750162046,
                32.867757944943975
              ],
              [
                77.25831604000007,
                32.87636184700017
              ]
            ]
          ],
          [
            [
              [
                77.29795837500012,
                32.8540115350001
              ],
              [
                77.3051605230001,
                32.854049682000095
              ],
              [
                77.30906687854238,
                32.849930141310246
              ],
              [
                77.30105180597015,
                32.849567260503306
              ],
              [
                77.2963629870658,
                32.85377051018958
              ],
              [
                77.29795837500012,
                32.8540115350001
              ]
            ]
          ],
          [
            [
              [
                77.34046173200016,
                32.82054138200016
              ],
              [
                77.34839630100004,
                32.821201325000175
              ],
              [
                77.35647583000019,
                32.82527160600006
              ],
              [
                77.35955047600004,
                32.838161470000045
              ],
              [
                77.36184692400013,
                32.84260940600018
              ],
              [
                77.36267089800009,
                32.84659958000009
              ],
              [
                77.35980987600016,
                32.85161972100008
              ],
              [
                77.35871887200011,
                32.85639953700013
              ],
              [
                77.35968017500016,
                32.859580994
              ],
              [
                77.36306762600003,
                32.86352920600019
              ],
              [
                77.37124633700006,
                32.86742019600007
              ],
              [
                77.37938690100003,
                32.8808288570001
              ],
              [
                77.38746643200017,
                32.88552093400011
              ],
              [
                77.39541625900006,
                32.887329101000034
              ],
              [
                77.39733123700006,
                32.88698959300001
              ],
              [
                77.39917755100004,
                32.88393020700005
              ],
              [
                77.40312194800003,
                32.88145065300006
              ],
              [
                77.4034492483148,
                32.88129982421896
              ],
              [
                77.37411349670253,
                32.854620925463855
              ],
              [
                77.37276050242971,
                32.82328820270847
              ],
              [
                77.33893564560917,
                32.816718438259755
              ],
              [
                77.33764789372178,
                32.81952077064379
              ],
              [
                77.34046173200016,
                32.82054138200016
              ]
            ]
          ],
          [
            [
              [
                77.4257202140002,
                32.883670807000044
              ],
              [
                77.42744822160498,
                32.8812046211758
              ],
              [
                77.42205604312004,
                32.881621325492944
              ],
              [
                77.4257202140002,
                32.883670807000044
              ]
            ]
          ],
          [
            [
              [
                77.47318267800007,
                32.87879180900012
              ],
              [
                77.4845504760001,
                32.88653945900006
              ],
              [
                77.49434661800007,
                32.88151168900009
              ],
              [
                77.4969342296556,
                32.881851333524175
              ],
              [
                77.46882309580006,
                32.85866385743229
              ],
              [
                77.45631373044704,
                32.86277562386894
              ],
              [
                77.47318267800007,
                32.87879180900012
              ]
            ]
          ],
          [
            [
              [
                77.50623321500007,
                32.88307189900007
              ],
              [
                77.51129150399998,
                32.88542938200016
              ],
              [
                77.51956176700014,
                32.887378694000176
              ],
              [
                77.52320099000008,
                32.889781951000145
              ],
              [
                77.52700042800018,
                32.892280578
              ],
              [
                77.53531646700003,
                32.90229034499998
              ],
              [
                77.54471588100006,
                32.911731720000034
              ],
              [
                77.54949188200004,
                32.91336059600019
              ],
              [
                77.5538482660001,
                32.91310882700003
              ],
              [
                77.56964874400018,
                32.92166137800007
              ],
              [
                77.579666138,
                32.931678772000055
              ],
              [
                77.58096313400006,
                32.93450164900014
              ],
              [
                77.58152771000005,
                32.93923187300015
              ],
              [
                77.58392334000018,
                32.943801880000024
              ],
              [
                77.58637237500005,
                32.93989944500015
              ],
              [
                77.58841705300011,
                32.93666076800014
              ],
              [
                77.5911865230001,
                32.93124008200016
              ],
              [
                77.59059457076471,
                32.923544705597045
              ],
              [
                77.5391787979868,
                32.88696438121135
              ],
              [
                77.51279540966678,
                32.87736241778631
              ],
              [
                77.50492002204723,
                32.88289953202432
              ],
              [
                77.50623321500007,
                32.88307189900007
              ]
            ]
          ]
        ]
      }
    },
    {
      "type": "Feature",
      "properties": {
        "GID_3": "IND.13.7.2_1",
        "GID_0": "IND",
        "COUNTRY": "India",
        "GID_1": "IND.13_1",
        "NAME_1": "Himachal Pradesh",
        "NL_NAME_1": "NA",
        "GID_2": "IND.13.7_1",
        "NAME_2": "Lahul & Spiti",
        "NL_NAME_2": "NA",
        "NAME_3": "Spiti",
        "VARNAME_3": "NA",
        "NL_NAME_3": "NA",
        "TYPE_3": "Taluk",
        "ENGTYPE_3": "Taluk",
        "CC_3": "NA",
        "HASC_3": "NA"
      },
      "geometry": {
        "type": "MultiPolygon",
        "coordinates": [
          [
            [
              [
                77.5911865230001,
                32.93124008200016
              ],
              [
                77.58841705300011,
                32.93666076800014
              ],
              [
                77.58637237500005,
                32.93989944500015
              ],
              [
                77.59343719600008,
                32.94153976400008
              ],
              [
                77.60172252595575,
                32.94210670741922
              ],
              [
                77.59600455744533,
                32.92739370089571
              ],
              [
                77.59059457076471,
                32.923544705597045
              ],
              [
                77.5911865230001,
                32.93124008200016
              ]
            ]
          ],
          [
            [
              [
                77.63849640000007,
                32.95613861100014
              ],
              [
                77.64334869499999,
                32.95785141100009
              ],
              [
                77.64987945600006,
                32.95829010100016
              ],
              [
                77.65331268400013,
                32.95940017600009
              ],
              [
                77.65637207000015,
                32.965961456000116
              ],
              [
                77.65998840400005,
                32.968959809000125
              ],
              [
                77.66307830900013,
                32.97592926100003
              ],
              [
                77.66520690900006,
                32.986030579000044
              ],
              [
                77.67086029100011,
                32.986270905000026
              ],
              [
                77.67800140400004,
                32.980720520000034
              ],
              [
                77.67930544202271,
                32.978142538650175
              ],
              [
                77.67380172813259,
                32.96074788963532
              ],
              [
                77.63061107012771,
                32.9500943853861
              ],
              [
                77.63849640000007,
                32.95613861100014
              ]
            ]
          ],
          [
            [
              [
                77.82508850100004,
                32.83987045300012
              ],
              [
                77.82829146948664,
                32.837412902310255
              ],
              [
                77.82601358382506,
                32.83642773160589
              ],
              [
                77.82178169269217,
                32.83916443771369
              ],
              [
                77.82508850100004,
                32.83987045300012
              ]
            ]
          ],
          [
            [
              [
                77.89949798499998,
                32.77532196000004
              ],
              [
                77.9034957880001,
                32.77289962700007
              ],
              [
                77.90892791700009,
                32.772121430000084
              ],
              [
                77.90910431351912,
                32.771860652523316
              ],
              [
                77.90381075451232,
                32.7717408201109
              ],
              [
                77.89946960874121,
                32.775319285602194
              ],
              [
                77.89949798499998,
                32.77532196000004
              ]
            ]
          ],
          [
            [
              [
                78.03273773100005,
                32.633750916000054
              ],
              [
                78.03389740000017,
                32.635608673000036
              ],
              [
                78.03471318962129,
                32.63506745740083
              ],
              [
                78.03271892358086,
                32.633412140808595
              ],
              [
                78.03273773100005,
                32.633750916000054
              ]
            ]
          ],
          [
            [
              [
                78.07293701200001,
                32.644401550000055
              ],
              [
                78.07900237900014,
                32.65279007100003
              ],
              [
                78.08851623500004,
                32.65983200100004
              ],
              [
                78.0933761600001,
                32.66215133700007
              ],
              [
                78.09926605100009,
                32.65996933000008
              ],
              [
                78.1023959970822,
                32.6558233892497
              ],
              [
                78.09255345557098,
                32.64792602857752
              ],
              [
                78.09864192979867,
                32.63023820121561
              ],
              [
                78.0871414784797,
                32.624173803262956
              ],
              [
                78.06747623886726,
                32.62568053213591
              ],
              [
                78.07293701200001,
                32.644401550000055
              ]
            ]
          ],
          [
            [
              [
                78.13066101000004,
                32.66006088200004
              ],
              [
                78.13600158700007,
                32.67031860500009
              ],
              [
                78.14362055579451,
                32.6759863728078
              ],
              [
                78.14734972362027,
                32.654495793026236
              ],
              [
                78.13002945231013,
                32.658329521913686
              ],
              [
                78.13066101000004,
                32.66006088200004
              ]
            ]
          ],
          [
            [
              [
                78.15841674800009,
                32.67913055500003
              ],
              [
                78.17047882100007,
                32.67721176300006
              ],
              [
                78.17356168030454,
                32.674890505042896
              ],
              [
                78.15483374718372,
                32.67906308242235
              ],
              [
                78.15841674800009,
                32.67913055500003
              ]
            ]
          ],
          [
            [
              [
                78.21293640100009,
                32.66918945400005
              ],
              [
                78.2249679570001,
                32.6755599980001
              ],
              [
                78.2332611080002,
                32.68370056200007
              ],
              [
                78.23658752400007,
                32.694671631000176
              ],
              [
                78.25911712700015,
                32.702919007000105
              ],
              [
                78.27274322500013,
                32.70293045100016
              ],
              [
                78.28486633300008,
                32.706779481000126
              ],
              [
                78.29572296200018,
                32.71281051600005
              ],
              [
                78.29856109500008,
                32.71974182100007
              ],
              [
                78.29811096200007,
                32.72483062700013
              ],
              [
                78.29461670000012,
                32.73160934500004
              ],
              [
                78.28765869200015,
                32.73783111600011
              ],
              [
                78.31394958600009,
                32.74898147600004
              ],
              [
                78.34474182200006,
                32.76343154799997
              ],
              [
                78.36428070000005,
                32.76298141500013
              ],
              [
                78.37135314900019,
                32.761829376000094
              ],
              [
                78.37277221699998,
                32.76015090900006
              ],
              [
                78.37237205471193,
                32.757330968450496
              ],
              [
                78.35638733877126,
                32.757590558221374
              ],
              [
                78.30429705926761,
                32.73434369940286
              ],
              [
                78.31241502490454,
                32.70907537460013
              ],
              [
                78.25288327690038,
                32.690882180742165
              ],
              [
                78.24611830553627,
                32.67167825389209
              ],
              [
                78.21973491721624,
                32.66460312294733
              ],
              [
                78.207603160616,
                32.66730607435348
              ],
              [
                78.21293640100009,
                32.66918945400005
              ]
            ]
          ],
          [
            [
              [
                78.3563613890002,
                32.512660980000085
              ],
              [
                78.37668609600009,
                32.526050567000084
              ],
              [
                78.38243103000008,
                32.52965164100016
              ],
              [
                78.3943862910001,
                32.528530121000074
              ],
              [
                78.39791870100015,
                32.52706909200009
              ],
              [
                78.3990631100001,
                32.52637100200002
              ],
              [
                78.3993005597401,
                32.52583445678206
              ],
              [
                78.39833016122874,
                32.52562733653231
              ],
              [
                78.32662146476918,
                32.47205848795053
              ],
              [
                78.31727518460751,
                32.48141732682866
              ],
              [
                78.3563613890002,
                32.512660980000085
              ]
            ]
          ]
        ]
      }
    },
    {
      "type": "Feature",
      "properties": {
        "GID_3": "Z01.14.3.1_1",
        "GID_0": "Z01",
        "COUNTRY": "India",
        "GID_1": "Z01.14_1",
        "NAME_1": "Jammu and Kashmir",
        "NL_NAME_1": "NA",
        "GID_2": "Z01.14.3_1",
        "NAME_2": "Bandipore",
        "NL_NAME_2": "NA",
        "NAME_3": "n.a. ( 4)",
        "VARNAME_3": "NA",
        "NL_NAME_3": "NA",
        "TYPE_3": "Taluk",
        "ENGTYPE_3": "Taluk",
        "CC_3": "NA",
        "HASC_3": "NA"
      },
      "geometry": {
        "type": "MultiPolygon",
        "coordinates": [
          [
            [
              [
                74.58017730699999,
                34.77009963900019
              ],
              [
                74.61242675800014,
                34.746372222000105
              ],
              [
                74.61815643400014,
                34.742149354000105
              ],
              [
                74.63154602100013,
                34.73799896200012
              ],
              [
                74.63883209300013,
                34.73353958100017
              ],
              [
                74.64798736699998,
                34.72261810400005
              ],
              [
                74.65805816600005,
                34.71060180600006
              ],
              [
                74.67130279500003,
                34.70069885200013
              ],
              [
                74.7030029300002,
                34.69308090300012
              ],
              [
                74.72807312000009,
                34.688583374000075
              ],
              [
                74.73931884699999,
                34.68722152800018
              ],
              [
                74.76312255900007,
                34.684337616000164
              ],
              [
                74.76640319800003,
                34.68519210800014
              ],
              [
                74.77214050200007,
                34.68270874100011
              ],
              [
                74.78659057700008,
                34.68273162800011
              ],
              [
                74.83560180600017,
                34.67755127000015
              ],
              [
                74.85389709500004,
                34.67819976800013
              ],
              [
                74.88981628400006,
                34.683872223000094
              ],
              [
                74.89375305100009,
                34.68449020500009
              ],
              [
                74.91050720300007,
                34.683208465000064
              ],
              [
                74.927810669,
                34.67831039500015
              ],
              [
                74.94671630800008,
                34.66635131800018
              ],
              [
                74.99780273400017,
                34.65108108500016
              ],
              [
                75.00000000000006,
                34.649456024000074
              ],
              [
                75.00364685,
                34.64675903400001
              ],
              [
                75.01874542300004,
                34.641498566000166
              ],
              [
                75.02990722600016,
                34.641471864000096
              ],
              [
                75.04180145300006,
                34.64141845700004
              ],
              [
                75.05079651000011,
                34.643920899000136
              ],
              [
                75.05449676600006,
                34.64662170500014
              ],
              [
                75.0847244270001,
                34.655380249000075
              ],
              [
                75.10555267299998,
                34.65565872200011
              ],
              [
                75.11119842500011,
                34.657989503000124
              ],
              [
                75.14229583700006,
                34.66241073600008
              ],
              [
                75.16467285100009,
                34.66044998100011
              ],
              [
                75.1772766110002,
                34.65745925900012
              ],
              [
                75.1784973140002,
                34.657176972000116
              ],
              [
                75.20671844400005,
                34.646289825
              ],
              [
                75.23575592000009,
                34.64829254100016
              ],
              [
                75.24971008300008,
                34.64731216500007
              ],
              [
                75.2596359260001,
                34.644081116000166
              ],
              [
                75.266059875,
                34.63954925600018
              ],
              [
                75.26693725600006,
                34.63454055700009
              ],
              [
                75.25807952800011,
                34.61759948800017
              ],
              [
                75.26185608000009,
                34.61088180600019
              ],
              [
                75.2791519160001,
                34.60174942000003
              ],
              [
                75.33519744900008,
                34.572132110000155
              ],
              [
                75.35054779100011,
                34.56224060100004
              ],
              [
                75.37782287600004,
                34.5524215690001
              ],
              [
                75.36717986999997,
                34.540252686000144
              ],
              [
                75.36432647700008,
                34.51741027800006
              ],
              [
                75.3514785770002,
                34.511699676000035
              ],
              [
                75.35002009878016,
                34.51121337234881
              ],
              [
                75.35747553306143,
                34.529910859884836
              ],
              [
                75.30132627073932,
                34.589038739923225
              ],
              [
                75.25600096259978,
                34.60622120078908
              ],
              [
                75.23908853418952,
                34.627951960119425
              ],
              [
                75.13152548950018,
                34.64665052047345
              ],
              [
                75.07808221572371,
                34.63856465653657
              ],
              [
                75.06116978731343,
                34.62643586063126
              ],
              [
                75.02057995912878,
                34.62593049413521
              ],
              [
                74.92519386289483,
                34.66332761484325
              ],
              [
                74.86430912061785,
                34.6628222483472
              ],
              [
                74.84874968648039,
                34.67444567775645
              ],
              [
                74.83319025234293,
                34.66332761484325
              ],
              [
                74.73306867615412,
                34.671413478780124
              ],
              [
                74.6512125226484,
                34.697187170078905
              ],
              [
                74.60656371164526,
                34.72649842685007
              ],
              [
                74.59371026605345,
                34.75682041661335
              ],
              [
                74.5756359833518,
                34.76582182147377
              ],
              [
                74.57715606800002,
                34.769489288000045
              ],
              [
                74.58017730699999,
                34.77009963900019
              ]
            ]
          ],
          [
            [
              [
                75.3514785770002,
                34.476009368000064
              ],
              [
                75.3500518800002,
                34.45887756300016
              ],
              [
                75.33720398000008,
                34.457447053000124
              ],
              [
                75.32612973206388,
                34.451298709157335
              ],
              [
                75.34113677919778,
                34.48893489051885
              ],
              [
                75.3514785770002,
                34.476009368000064
              ]
            ]
          ],
          [
            [
              [
                75.32160257036169,
                34.43382346048323
              ],
              [
                75.31959169342242,
                34.434901958626575
              ],
              [
                75.32335353797582,
                34.4443362905509
              ],
              [
                75.32160257036169,
                34.43382346048323
              ]
            ]
          ],
          [
            [
              [
                75.36726568695639,
                34.391757183060776
              ],
              [
                75.36559349869837,
                34.39245117295799
              ],
              [
                75.36687021469838,
                34.39512167439639
              ],
              [
                75.36726568695639,
                34.391757183060776
              ]
            ]
          ]
        ]
      }
    },
    {
      "type": "Feature",
      "properties": {
        "GID_3": "Z01.14.6.2_1",
        "GID_0": "Z01",
        "COUNTRY": "India",
        "GID_1": "Z01.14_1",
        "NAME_1": "Jammu and Kashmir",
        "NL_NAME_1": "NA",
        "GID_2": "Z01.14.6_1",
        "NAME_2": "Ganderbal",
        "NL_NAME_2": "NA",
        "NAME_3": "n.a. ( 5b)",
        "VARNAME_3": "NA",
        "NL_NAME_3": "NA",
        "TYPE_3": "Taluk",
        "ENGTYPE_3": "Taluk",
        "CC_3": "NA",
        "HASC_3": "NA"
      },
      "geometry": {
        "type": "MultiPolygon",
        "coordinates": [
          [
            [
              [
                75.38002777000008,
                34.34751892200018
              ],
              [
                75.38002777000008,
                34.344466237392695
              ],
              [
                75.37709395001735,
                34.348484287801234
              ],
              [
                75.37908169570562,
                34.349254656722145
              ],
              [
                75.38002777000008,
                34.34751892200018
              ]
            ]
          ],
          [
            [
              [
                75.44712829600019,
                34.283271789000025
              ],
              [
                75.44902584567613,
                34.281611274637264
              ],
              [
                75.4285100240476,
                34.282292431097964
              ],
              [
                75.44712829600019,
                34.283271789000025
              ]
            ]
          ]
        ]
      }
    },
    {
      "type": "Feature",
      "properties": {
        "GID_3": "Z01.14.8.1_1",
        "GID_0": "Z01",
        "COUNTRY": "India",
        "GID_1": "Z01.14_1",
        "NAME_1": "Jammu and Kashmir",
        "NL_NAME_1": "NA",
        "GID_2": "Z01.14.8_1",
        "NAME_2": "Kargil",
        "NL_NAME_2": "NA",
        "NAME_3": "n.a. ( 3)",
        "VARNAME_3": "NA",
        "NL_NAME_3": "NA",
        "TYPE_3": "Taluk",
        "ENGTYPE_3": "Taluk",
        "CC_3": "NA",
        "HASC_3": "NA"
      },
      "geometry": {
        "type": "Polygon",
        "coordinates": [
          [
            [
              75.39497375500008,
              34.54880905200008
            ],
            [
              75.41396331800019,
              34.54734039300013
            ],
            [
              75.46463775699999,
              34.54338836800008
            ],
            [
              75.47850799500014,
              34.53934860200013
            ],
            [
              75.50609588700013,
              34.537330627000074
            ],
            [
              75.51687622000009,
              34.53779220600018
            ],
            [
              75.52120208800011,
              34.539588928000114
            ],
            [
              75.55179595900006,
              34.538139344000115
            ],
            [
              75.56463623000008,
              34.53874969600014
            ],
            [
              75.57888793800015,
              34.53944015600007
            ],
            [
              75.59188842700013,
              34.540069580000136
            ],
            [
              75.61556243900014,
              34.538539886000024
            ],
            [
              75.64414978100007,
              34.53353881900006
            ],
            [
              75.69230651800012,
              34.52153015100015
            ],
            [
              75.7138366690001,
              34.51840210000006
            ],
            [
              75.7292327880001,
              34.51615905700015
            ],
            [
              75.74920654400017,
              34.51583099400011
            ],
            [
              75.76877593900015,
              34.52214050300017
            ],
            [
              75.79302978500016,
              34.53392028900015
            ],
            [
              75.8104782100001,
              34.548171997
            ],
            [
              75.82064819400011,
              34.55891037000009
            ],
            [
              75.84107971200007,
              34.57310104300012
            ],
            [
              75.84327697700007,
              34.574630737000064
            ],
            [
              75.88146209700005,
              34.59074020400004
            ],
            [
              75.91192626900005,
              34.60113143899997
            ],
            [
              75.9186477660001,
              34.60483932500018
            ],
            [
              75.93221283000014,
              34.62443161100015
            ],
            [
              75.94625091500001,
              34.631179810000106
            ],
            [
              75.96720886200012,
              34.633602143000076
            ],
            [
              75.96821594200014,
              34.63333892800006
            ],
            [
              75.98327636700003,
              34.629409791000114
            ],
            [
              75.9918518070001,
              34.62997055000006
            ],
            [
              76.00038909900019,
              34.635810852000134
            ],
            [
              76.01436615000019,
              34.65357208400013
            ],
            [
              76.02542877300004,
              34.664100647000055
            ],
            [
              76.03646087700014,
              34.67026901300005
            ],
            [
              76.05502319400006,
              34.67602920600012
            ],
            [
              76.07444000200007,
              34.67631149400006
            ],
            [
              76.08582306000011,
              34.67145919900014
            ],
            [
              76.09295654200002,
              34.66656112700002
            ],
            [
              76.12193298300008,
              34.64665222200006
            ],
            [
              76.1307525630001,
              34.6435203550002
            ],
            [
              76.13909149100016,
              34.64247894400012
            ],
            [
              76.1579132080002,
              34.64340973000003
            ],
            [
              76.19278717000003,
              34.65526962300015
            ],
            [
              76.1978530880001,
              34.65913009700017
            ],
            [
              76.22737884600008,
              34.672142029000156
            ],
            [
              76.23429870500019,
              34.67309951900012
            ],
            [
              76.26004791200006,
              34.684371949000024
            ],
            [
              76.27511596800014,
              34.693641664000104
            ],
            [
              76.28330230700004,
              34.70151901300005
            ],
            [
              76.28994750999999,
              34.71232223400011
            ],
            [
              76.30150604200014,
              34.724441529000046
            ],
            [
              76.31613922000014,
              34.73163223400019
            ],
            [
              76.32872009200014,
              34.733055116000116
            ],
            [
              76.33856964099999,
              34.631320954000046
            ],
            [
              76.37303924600019,
              34.61624145500019
            ],
            [
              76.37303924600019,
              34.583522796000125
            ],
            [
              76.38196563700006,
              34.54485702500017
            ],
            [
              76.42359924300013,
              34.55377960200008
            ],
            [
              76.47119140600017,
              34.55973052900015
            ],
            [
              76.49796295300008,
              34.55675506699998
            ],
            [
              76.52472686700014,
              34.535934449000024
            ],
            [
              76.55149841399998,
              34.527011871000184
            ],
            [
              76.58718872100013,
              34.51214218100017
            ],
            [
              76.58124542300004,
              34.47942352299998
            ],
            [
              76.58124542300004,
              34.44372940100004
            ],
            [
              76.58124542300004,
              34.408039093000184
            ],
            [
              76.59016418400017,
              34.387218475
            ],
            [
              76.61693573000014,
              34.384243011000024
            ],
            [
              76.6645202630001,
              34.36937332100018
            ],
            [
              76.68534088100012,
              34.35152816800007
            ],
            [
              76.67642212000015,
              34.32475662300004
            ],
            [
              76.67344665600018,
              34.29204177800011
            ],
            [
              76.66749572700007,
              34.265270233000024
            ],
            [
              76.65857696400015,
              34.244449615000065
            ],
            [
              76.65857696400015,
              34.21470642100002
            ],
            [
              76.67642212000015,
              34.20875930800014
            ],
            [
              76.6704711910001,
              34.18199157800012
            ],
            [
              76.65139770500008,
              34.154869080000026
            ],
            [
              76.68508148100011,
              34.13562011800008
            ],
            [
              76.71456909300015,
              34.11034011800007
            ],
            [
              76.71211242800018,
              34.08086395200013
            ],
            [
              76.67939758200015,
              34.08681106600011
            ],
            [
              76.66761779800017,
              34.1065597540001
            ],
            [
              76.66047668500005,
              34.13368606500018
            ],
            [
              76.64334869300002,
              34.136543274000076
            ],
            [
              76.62193298400007,
              34.12369537400019
            ],
            [
              76.63049316300004,
              34.10370636000005
            ],
            [
              76.64762878400006,
              34.08942794800009
            ],
            [
              76.64334869300002,
              34.06515884400005
            ],
            [
              76.62050628700007,
              34.05802154600019
            ],
            [
              76.59194946200012,
              34.06087494000019
            ],
            [
              76.56482696600006,
              34.073726655000144
            ],
            [
              76.53199005200003,
              34.06373214700005
            ],
            [
              76.51628112900016,
              34.04660034200003
            ],
            [
              76.51200103800011,
              34.02375793400006
            ],
            [
              76.52484893799999,
              33.99663162200005
            ],
            [
              76.55340576100019,
              33.98092651400003
            ],
            [
              76.57767486600011,
              33.96664810200008
            ],
            [
              76.60622406099998,
              33.949516297
            ],
            [
              76.60908508300014,
              33.919536590000064
            ],
            [
              76.61764526400009,
              33.896694184000125
            ],
            [
              76.64048767100007,
              33.878131867000036
            ],
            [
              76.66904449500015,
              33.87242126500007
            ],
            [
              76.69474029600002,
              33.865283965000174
            ],
            [
              76.70902252300004,
              33.85100936900017
            ],
            [
              76.723297119,
              33.83673095700004
            ],
            [
              76.75898742700019,
              33.83244705200008
            ],
            [
              76.79325103700012,
              33.83244705200008
            ],
            [
              76.81894683900009,
              33.82673645100016
            ],
            [
              76.85035705600006,
              33.80817794900008
            ],
            [
              76.86463928200016,
              33.788188935000164
            ],
            [
              76.8831939700001,
              33.761062622000054
            ],
            [
              76.91745758000019,
              33.736793519000116
            ],
            [
              76.94886779700016,
              33.72108841000016
            ],
            [
              76.98884582500006,
              33.70538330000011
            ],
            [
              77.0188217170001,
              33.70538330000011
            ],
            [
              77.04023742600003,
              33.72394561700003
            ],
            [
              77.05451965300006,
              33.73393631000005
            ],
            [
              77.06879425100004,
              33.72394561700003
            ],
            [
              77.0816421510001,
              33.71109390200013
            ],
            [
              77.10305786200001,
              33.71680450500003
            ],
            [
              77.12447357100012,
              33.71823501700004
            ],
            [
              77.1458892820001,
              33.70110321100009
            ],
            [
              77.1815795890002,
              33.671119689000136
            ],
            [
              77.22048187200011,
              33.64899063200011
            ],
            [
              77.24546814000018,
              33.63649749699999
            ],
            [
              77.26152801500018,
              33.61151504600019
            ],
            [
              77.26152801500018,
              33.590099335000104
            ],
            [
              77.28651428200016,
              33.591884614000094
            ],
            [
              77.31507110700011,
              33.584747314000026
            ],
            [
              77.32577514600018,
              33.5651168820001
            ],
            [
              77.35789489800015,
              33.5651168820001
            ],
            [
              77.38109588600014,
              33.563331604000155
            ],
            [
              77.40608215400016,
              33.54548645000017
            ],
            [
              77.42392730799997,
              33.5294227600001
            ],
            [
              77.44177246100008,
              33.51157760600012
            ],
            [
              77.46675872800006,
              33.513362884
            ],
            [
              77.49887848000003,
              33.50444030900013
            ],
            [
              77.51494598300013,
              33.4848098760001
            ],
            [
              77.51137542800001,
              33.46160888700007
            ],
            [
              77.52249908400006,
              33.43296051000016
            ],
            [
              77.5449905390002,
              33.41881561400004
            ],
            [
              77.55070495600006,
              33.40025329700012
            ],
            [
              77.54213714700018,
              33.377410888999975
            ],
            [
              77.52928924500014,
              33.360279083000194
            ],
            [
              77.50501251200006,
              33.34600448700007
            ],
            [
              77.4750366200002,
              33.32886886700015
            ],
            [
              77.45076751800013,
              33.30888366800008
            ],
            [
              77.42791748000008,
              33.291751862000126
            ],
            [
              77.41506958000019,
              33.26890945400015
            ],
            [
              77.39794159000019,
              33.244636537000076
            ],
            [
              77.37352752600009,
              33.21834564300008
            ],
            [
              77.36510467600004,
              33.200378418000184
            ],
            [
              77.36081695600018,
              33.18039321900011
            ],
            [
              77.35796356200018,
              33.16040420500019
            ],
            [
              77.3622512830001,
              33.1389884940001
            ],
            [
              77.36795806800006,
              33.11757278500016
            ],
            [
              77.37223815800013,
              33.10329818700018
            ],
            [
              77.35368347100012,
              33.09758758600009
            ],
            [
              77.33797454800003,
              33.087593078
            ],
            [
              77.32941436700008,
              33.07331466700015
            ],
            [
              77.30942535499999,
              33.059040070000094
            ],
            [
              77.30513763400006,
              33.03762435900018
            ],
            [
              77.30513763400006,
              33.0190658570001
            ],
            [
              77.30371093700006,
              32.99765014600018
            ],
            [
              77.28943634100006,
              32.99479293900009
            ],
            [
              77.29086303700018,
              32.973377228000174
            ],
            [
              77.29086303700018,
              32.951965332999976
            ],
            [
              77.29515075600011,
              32.93197631900006
            ],
            [
              77.30371093700006,
              32.913417816000106
            ],
            [
              77.3122787480001,
              32.90342331000005
            ],
            [
              77.31799316400003,
              32.890575409000064
            ],
            [
              77.32798004199998,
              32.88058090300018
            ],
            [
              77.32941436700008,
              32.864875794000056
            ],
            [
              77.33369445700004,
              32.84203338600014
            ],
            [
              77.34839630100004,
              32.821201325000175
            ],
            [
              77.34046173200016,
              32.82054138200016
            ],
            [
              77.33764789372178,
              32.81952077064379
            ],
            [
              77.32337621147171,
              32.85057799349541
            ],
            [
              77.30906687854238,
              32.849930141310246
            ],
            [
              77.3051605230001,
              32.854049682000095
            ],
            [
              77.29795837500012,
              32.8540115350001
            ],
            [
              77.2963629870658,
              32.85377051018958
            ],
            [
              77.27592015279743,
              32.872096305763726
            ],
            [
              77.2673173510105,
              32.8687509590347
            ],
            [
              77.25831604000007,
              32.87636184700017
            ],
            [
              77.25023750162046,
              32.867757944943975
            ],
            [
              77.23678457801111,
              32.88089998325869
            ],
            [
              77.24354954937522,
              32.89252341266795
            ],
            [
              77.19890073837209,
              32.90920050703775
            ],
            [
              77.18807678418952,
              32.92890980038388
            ],
            [
              77.17948494118373,
              32.92002278423348
            ],
            [
              77.17385864200003,
              32.931129456000065
            ],
            [
              77.1665802010001,
              32.92805099499998
            ],
            [
              77.1637268070001,
              32.92510986400009
            ],
            [
              77.16156768900015,
              32.92111969000018
            ],
            [
              77.16043090800014,
              32.91608047600016
            ],
            [
              77.15743255500013,
              32.91323852500011
            ],
            [
              77.157363779015,
              32.91324330759738
            ],
            [
              77.16372288727872,
              32.936995664320754
            ],
            [
              77.16101689873308,
              32.9531673921945
            ],
            [
              77.14883995027768,
              32.95619959117083
            ],
            [
              77.14951644741409,
              32.977930350501175
            ],
            [
              77.13476755308857,
              32.98107833005847
            ],
            [
              77.12750244200004,
              32.98384094400012
            ],
            [
              77.12418553815176,
              32.98333693778599
            ],
            [
              77.11636808772995,
              32.98500548144594
            ],
            [
              77.11554595442041,
              32.98354684741338
            ],
            [
              77.11238098200016,
              32.984130860000164
            ],
            [
              77.10315704400006,
              32.98720169100012
            ],
            [
              77.09712219200009,
              32.97758102500006
            ],
            [
              77.08418274000007,
              32.973670960000106
            ],
            [
              77.08412318704578,
              32.973668904760224
            ],
            [
              77.04871837408885,
              32.999155743335464
            ],
            [
              77.04050953914005,
              32.99700406598942
            ],
            [
              77.03531646800019,
              32.999679566000054
            ],
            [
              77.02442169200009,
              32.996959686000025
            ],
            [
              77.01992034900007,
              32.99174881000005
            ],
            [
              77.01123809700005,
              32.99324035700005
            ],
            [
              77.00629819514383,
              32.99182094620411
            ],
            [
              76.99256911176674,
              33.00168257581574
            ],
            [
              76.98118808055803,
              33.00113405842693
            ],
            [
              76.98082733200016,
              33.0014610290001
            ],
            [
              76.96652221700003,
              33.00720977900005
            ],
            [
              76.96370697000009,
              33.01004028400018
            ],
            [
              76.96212768600014,
              33.01393127400007
            ],
            [
              76.95677948000014,
              33.01673889300014
            ],
            [
              76.94832611100014,
              33.01848983800011
            ],
            [
              76.93604085439314,
              33.026302016565104
            ],
            [
              76.93303736376258,
              33.02846700010663
            ],
            [
              76.90530098116973,
              33.07900364971209
            ],
            [
              76.9093599639882,
              33.09416464459373
            ],
            [
              76.8850060670774,
              33.12145443538068
            ],
            [
              76.87150060205386,
              33.11824428494113
            ],
            [
              76.86869049000018,
              33.12022018400006
            ],
            [
              76.86044311600006,
              33.116378784000005
            ],
            [
              76.8584127062789,
              33.1151333876635
            ],
            [
              76.85524019307532,
              33.114379304435914
            ],
            [
              76.84441623889275,
              33.137626163254424
            ],
            [
              76.8166798562999,
              33.15986228908083
            ],
            [
              76.81735635343631,
              33.19422721081254
            ],
            [
              76.83426878184657,
              33.20483990722969
            ],
            [
              76.82547431907324,
              33.21545260364683
            ],
            [
              76.84306324461993,
              33.24678532640222
            ],
            [
              76.83088629616452,
              33.24931215888249
            ],
            [
              76.82836621623544,
              33.24625295681146
            ],
            [
              76.82834625200019,
              33.24639892700003
            ],
            [
              76.82717132700009,
              33.24674987800006
            ],
            [
              76.82354736400015,
              33.24785995500014
            ],
            [
              76.82192230300006,
              33.24835205099998
            ],
            [
              76.81727600100004,
              33.248500823000086
            ],
            [
              76.81394195500009,
              33.24744033800016
            ],
            [
              76.8104885480008,
              33.24517024640448
            ],
            [
              76.79909093075321,
              33.2558819233312
            ],
            [
              76.79284298377854,
              33.254770630459724
            ],
            [
              76.78415679900013,
              33.268550873000095
            ],
            [
              76.77435302700007,
              33.280269624000084
            ],
            [
              76.73774719200003,
              33.283897399000125
            ],
            [
              76.73087759013227,
              33.283897399000125
            ],
            [
              76.7179112743839,
              33.32865469876306
            ],
            [
              76.69626336601874,
              33.32814933226701
            ],
            [
              76.67055647483512,
              33.341794227660486
            ],
            [
              76.6319961380597,
              33.4095133381318
            ],
            [
              76.62861365237765,
              33.434781662934526
            ],
            [
              76.61576020678584,
              33.439835327895075
            ],
            [
              76.58125885282888,
              33.4261904325016
            ],
            [
              76.56908190437348,
              33.46611438568991
            ],
            [
              76.55000076966408,
              33.464639807051306
            ],
            [
              76.54786682100018,
              33.466640473000155
            ],
            [
              76.52788543700018,
              33.48377227800006
            ],
            [
              76.5210449135333,
              33.48865855230627
            ],
            [
              76.5088736592329,
              33.498963207933464
            ],
            [
              76.50841527213782,
              33.5001274727764
            ],
            [
              76.51074981700009,
              33.509471894000114
            ],
            [
              76.509712219,
              33.52878952000009
            ],
            [
              76.49041748000008,
              33.525772096000026
            ],
            [
              76.47309112500005,
              33.534420014000034
            ],
            [
              76.46206665100004,
              33.54933929500015
            ],
            [
              76.46170712743783,
              33.54925313698151
            ],
            [
              76.45001840836515,
              33.563144752932395
            ],
            [
              76.43632291343506,
              33.5431699374001
            ],
            [
              76.42926052364847,
              33.54147747110633
            ],
            [
              76.41524910903853,
              33.539451599000074
            ],
            [
              76.41468826557377,
              33.539451599000074
            ],
            [
              76.39203203636643,
              33.54823956835967
            ],
            [
              76.38511657700019,
              33.55515670800003
            ],
            [
              76.38001203337045,
              33.559300447625056
            ],
            [
              76.38101570045123,
              33.57729501482193
            ],
            [
              76.35869129494967,
              33.603574072616766
            ],
            [
              76.30795400971884,
              33.60963847056942
            ],
            [
              76.30303398108846,
              33.60290018288826
            ],
            [
              76.29517364500015,
              33.59798813000009
            ],
            [
              76.29517364500015,
              33.575145722000116
            ],
            [
              76.28652434856805,
              33.56865730417643
            ],
            [
              76.25992271303367,
              33.565166218916616
            ],
            [
              76.25515626202925,
              33.55855348680628
            ],
            [
              76.24805450500008,
              33.55944061300016
            ],
            [
              76.23949432400013,
              33.54944610500013
            ],
            [
              76.23092651500008,
              33.54944610500013
            ],
            [
              76.22989920788336,
              33.546981556368884
            ],
            [
              76.2247448619403,
              33.547478391554705
            ],
            [
              76.20512644498439,
              33.56920915088505
            ],
            [
              76.2254213590767,
              33.57729501482193
            ],
            [
              76.23150983330441,
              33.58689697824696
            ],
            [
              76.22406836480388,
              33.60054187364044
            ],
            [
              76.24030429607775,
              33.60509017210493
            ],
            [
              76.22948034189517,
              33.629853130411604
            ],
            [
              76.27074666721624,
              33.64349802580507
            ],
            [
              76.28427660994447,
              33.661185853166984
            ],
            [
              76.26601118726137,
              33.67988441352101
            ],
            [
              76.26533469012496,
              33.74659279100021
            ],
            [
              76.23895130180493,
              33.77186111580294
            ],
            [
              76.20106746216591,
              33.77539868127533
            ],
            [
              76.16994859389101,
              33.79510797462145
            ],
            [
              76.13950622275252,
              33.84867682320324
            ],
            [
              76.09756340029503,
              33.876471980486244
            ],
            [
              76.04750261220062,
              33.92903009607592
            ],
            [
              76.02247221815342,
              33.99725457304329
            ],
            [
              75.97917640142312,
              34.001802871507785
            ],
            [
              75.98052939569594,
              33.979061379185325
            ],
            [
              75.94332205319334,
              33.9871472431222
            ],
            [
              75.86417188823326,
              33.978556012689275
            ],
            [
              75.85673041973273,
              33.96945941576029
            ],
            [
              75.86214239682401,
              34.017469232885475
            ],
            [
              75.81952307723013,
              34.04526439016848
            ],
            [
              75.79990466027421,
              34.042737557688206
            ],
            [
              75.77284477481777,
              34.055371720089575
            ],
            [
              75.74781438077056,
              34.096811772766046
            ],
            [
              75.7126365296772,
              34.115004966624014
            ],
            [
              75.68692963849358,
              34.15897185178076
            ],
            [
              75.68765783673699,
              34.1623264505591
            ],
            [
              75.68983459500015,
              34.16477584900002
            ],
            [
              75.68983459500015,
              34.1723541465559
            ],
            [
              75.69910658694897,
              34.21506753284282
            ],
            [
              75.69166511844846,
              34.23123926071657
            ],
            [
              75.67542918717459,
              34.22820706174024
            ],
            [
              75.65513427308227,
              34.242862690125826
            ],
            [
              75.59492602794168,
              34.19839043847302
            ],
            [
              75.58004309094065,
              34.21456216634677
            ],
            [
              75.55501269689344,
              34.21152996737044
            ],
            [
              75.4968339431621,
              34.23326072670079
            ],
            [
              75.47450953766054,
              34.28076517732992
            ],
            [
              75.44902584567613,
              34.281611274637264
            ],
            [
              75.44712829600019,
              34.283271789000025
            ],
            [
              75.4285100240476,
              34.282292431097964
            ],
            [
              75.41362479538354,
              34.28278664331414
            ],
            [
              75.39332988129122,
              34.29491543921945
            ],
            [
              75.39738886410969,
              34.32068913051823
            ],
            [
              75.38002777000008,
              34.344466237392695
            ],
            [
              75.38002777000008,
              34.34751892200018
            ],
            [
              75.37908169570562,
              34.349254656722145
            ],
            [
              75.46706806916,
              34.38335457602901
            ],
            [
              75.38453541851787,
              34.35707551823417
            ],
            [
              75.37777044715376,
              34.38739750799744
            ],
            [
              75.36726568695639,
              34.391757183060776
            ],
            [
              75.36687021469838,
              34.39512167439639
            ],
            [
              75.37235847006248,
              34.406601434847516
            ],
            [
              75.32160257036169,
              34.43382346048323
            ],
            [
              75.32335353797582,
              34.4443362905509
            ],
            [
              75.32612973206388,
              34.451298709157335
            ],
            [
              75.33720398000008,
              34.457447053000124
            ],
            [
              75.3500518800002,
              34.45887756300016
            ],
            [
              75.3514785770002,
              34.476009368000064
            ],
            [
              75.34113677919778,
              34.48893489051885
            ],
            [
              75.35002009878016,
              34.51121337234881
            ],
            [
              75.3514785770002,
              34.511699676000035
            ],
            [
              75.36432647700008,
              34.51741027800006
            ],
            [
              75.36717986999997,
              34.540252686000144
            ],
            [
              75.37782287600004,
              34.5524215690001
            ],
            [
              75.39497375500008,
              34.54880905200008
            ]
          ]
        ]
      }
    },
    {
      "type": "Feature",
      "properties": {
        "GID_3": "Z01.14.10.1_1",
        "GID_0": "Z01",
        "COUNTRY": "India",
        "GID_1": "Z01.14_1",
        "NAME_1": "Jammu and Kashmir",
        "NL_NAME_1": "NA",
        "GID_2": "Z01.14.10_1",
        "NAME_2": "Kishtwar",
        "NL_NAME_2": "NA",
        "NAME_3": "n.a. ( 7)",
        "VARNAME_3": "NA",
        "NL_NAME_3": "NA",
        "TYPE_3": "Taluk",
        "ENGTYPE_3": "Taluk",
        "CC_3": "NA",
        "HASC_3": "NA"
      },
      "geometry": {
        "type": "MultiPolygon",
        "coordinates": [
          [
            [
              [
                75.68983459500015,
                34.16477584900002
              ],
              [
                75.68765783673699,
                34.1623264505591
              ],
              [
                75.68983459500015,
                34.1723541465559
              ],
              [
                75.68983459500015,
                34.16477584900002
              ]
            ]
          ],
          [
            [
              [
                76.23092651500008,
                33.54944610500013
              ],
              [
                76.23949432400013,
                33.54944610500013
              ],
              [
                76.24805450500008,
                33.55944061300016
              ],
              [
                76.25515626202925,
                33.55855348680628
              ],
              [
                76.24571627316904,
                33.545456925570484
              ],
              [
                76.22989920788336,
                33.546981556368884
              ],
              [
                76.23092651500008,
                33.54944610500013
              ]
            ]
          ],
          [
            [
              [
                76.29517364500015,
                33.575145722000116
              ],
              [
                76.29517364500015,
                33.59798813000009
              ],
              [
                76.30303398108846,
                33.60290018288826
              ],
              [
                76.29983604408191,
                33.59852040765622
              ],
              [
                76.30998350112807,
                33.57173598336532
              ],
              [
                76.28652434856805,
                33.56865730417643
              ],
              [
                76.29517364500015,
                33.575145722000116
              ]
            ]
          ],
          [
            [
              [
                76.38511657700019,
                33.55515670800003
              ],
              [
                76.39203203636643,
                33.54823956835967
              ],
              [
                76.37966270617841,
                33.553037423011304
              ],
              [
                76.38001203337045,
                33.559300447625056
              ],
              [
                76.38511657700019,
                33.55515670800003
              ]
            ]
          ],
          [
            [
              [
                76.41524910903853,
                33.539451599000074
              ],
              [
                76.41484055727177,
                33.53939252761783
              ],
              [
                76.41468826557377,
                33.539451599000074
              ],
              [
                76.41524910903853,
                33.539451599000074
              ]
            ]
          ],
          [
            [
              [
                76.43632291343506,
                33.5431699374001
              ],
              [
                76.43581196850052,
                33.542424726594156
              ],
              [
                76.42926052364847,
                33.54147747110633
              ],
              [
                76.43632291343506,
                33.5431699374001
              ]
            ]
          ],
          [
            [
              [
                76.46206665100004,
                33.54933929500015
              ],
              [
                76.47309112500005,
                33.534420014000034
              ],
              [
                76.49041748000008,
                33.525772096000026
              ],
              [
                76.509712219,
                33.52878952000009
              ],
              [
                76.51074981700009,
                33.509471894000114
              ],
              [
                76.50841527213782,
                33.5001274727764
              ],
              [
                76.5021086878688,
                33.51614566879932
              ],
              [
                76.45881287113849,
                33.53383349616123
              ],
              [
                76.46490134536619,
                33.545456925570484
              ],
              [
                76.46170712743783,
                33.54925313698151
              ],
              [
                76.46206665100004,
                33.54933929500015
              ]
            ]
          ],
          [
            [
              [
                76.52788543700018,
                33.48377227800006
              ],
              [
                76.54786682100018,
                33.466640473000155
              ],
              [
                76.55000076966408,
                33.464639807051306
              ],
              [
                76.54946348741757,
                33.46459828620175
              ],
              [
                76.5210449135333,
                33.48865855230627
              ],
              [
                76.52788543700018,
                33.48377227800006
              ]
            ]
          ],
          [
            [
              [
                76.73774719200003,
                33.283897399000125
              ],
              [
                76.77435302700007,
                33.280269624000084
              ],
              [
                76.78415679900013,
                33.268550873000095
              ],
              [
                76.79284298377854,
                33.254770630459724
              ],
              [
                76.78554694343921,
                33.25347291816288
              ],
              [
                76.78543853900015,
                33.253589631000125
              ],
              [
                76.77826690800015,
                33.25571060100009
              ],
              [
                76.76355743400006,
                33.254329681000065
              ],
              [
                76.75997161800018,
                33.25297927800017
              ],
              [
                76.75688171300006,
                33.250541686000076
              ],
              [
                76.75534057599998,
                33.24948883200017
              ],
              [
                76.75531318042881,
                33.24907409318701
              ],
              [
                76.73752969133982,
                33.260935588291744
              ],
              [
                76.73087759013227,
                33.283897399000125
              ],
              [
                76.73774719200003,
                33.283897399000125
              ]
            ]
          ]
        ]
      }
    },
    {
      "type": "Feature",
      "properties": {
        "GID_3": "Z01.14.12.1_1",
        "GID_0": "Z01",
        "COUNTRY": "India",
        "GID_1": "Z01.14_1",
        "NAME_1": "Jammu and Kashmir",
        "NL_NAME_1": "NA",
        "GID_2": "Z01.14.12_1",
        "NAME_2": "Kupwara",
        "NL_NAME_2": "NA",
        "NAME_3": "n.a. ( 2)",
        "VARNAME_3": "NA",
        "NL_NAME_3": "NA",
        "TYPE_3": "Taluk",
        "ENGTYPE_3": "Taluk",
        "CC_3": "NA",
        "HASC_3": "NA"
      },
      "geometry": {
        "type": "Polygon",
        "coordinates": [
          [
            [
              74.34126281700014,
              34.78969192500017
            ],
            [
              74.3462142940001,
              34.790409088000104
            ],
            [
              74.35194613847217,
              34.79367593140866
            ],
            [
              74.38765936949629,
              34.80186685396944
            ],
            [
              74.47396850500007,
              34.79063415600007
            ],
            [
              74.4771347040001,
              34.789649963000045
            ],
            [
              74.48536682200017,
              34.787090303000184
            ],
            [
              74.50657653800005,
              34.775531769000054
            ],
            [
              74.51470184400017,
              34.77480316200007
            ],
            [
              74.53810119500008,
              34.7761840820001
            ],
            [
              74.54406738199998,
              34.776538849000076
            ],
            [
              74.56149291899999,
              34.77444076500001
            ],
            [
              74.56529235900013,
              34.77186965999999
            ],
            [
              74.57715606800002,
              34.769489288000045
            ],
            [
              74.5756359833518,
              34.76582182147377
            ],
            [
              74.57138586055189,
              34.76793847952655
            ],
            [
              74.3190524286706,
              34.78613167338452
            ],
            [
              74.33810348516049,
              34.79050108281444
            ],
            [
              74.34126281700014,
              34.78969192500017
            ]
          ]
        ]
      }
    },
    {
      "type": "Feature",
      "properties": {
        "GID_3": "Z01.14.13.1_1",
        "GID_0": "Z01",
        "COUNTRY": "India",
        "GID_1": "Z01.14_1",
        "NAME_1": "Jammu and Kashmir",
        "NL_NAME_1": "NA",
        "GID_2": "Z01.14.13_1",
        "NAME_2": "Leh (Ladakh)",
        "NL_NAME_2": "NA",
        "NAME_3": "n.a. ( 1)",
        "VARNAME_3": "NA",
        "NL_NAME_3": "NA",
        "TYPE_3": "Taluk",
        "ENGTYPE_3": "Taluk",
        "CC_3": "NA",
        "HASC_3": "NA"
      },
      "geometry": {
        "type": "Polygon",
        "coordinates": [
          [
            [
              78.00646585900006,
              35.28998588800016
            ],
            [
              78.00647495700008,
              35.28995281100015
            ],
            [
              78.0137023900001,
              35.2641868610001
            ],
            [
              78.01426191799999,
              35.26218945200009
            ],
            [
              78.01454113700011,
              35.26119269100013
            ],
            [
              78.01774597100007,
              35.24975204500015
            ],
            [
              78.02287686700004,
              35.23900271600007
            ],
            [
              78.03183746000008,
              35.220230100000094
            ],
            [
              78.04318619000009,
              35.201829910000185
            ],
            [
              78.04360962000015,
              35.20132828000004
            ],
            [
              78.05221558000005,
              35.19109725900006
            ],
            [
              78.05869221400019,
              35.18390844400005
            ],
            [
              78.06779713300011,
              35.17697246900019
            ],
            [
              78.07787323200006,
              35.17251777400014
            ],
            [
              78.0783462510002,
              35.17232895000012
            ],
            [
              78.09150065200015,
              35.162916979000045
            ],
            [
              78.11605071999998,
              35.14535141100009
            ],
            [
              78.11843872000003,
              35.142436982000106
            ],
            [
              78.11938199000014,
              35.14128360900014
            ],
            [
              78.12417603000011,
              35.13542175100008
            ],
            [
              78.1260513690001,
              35.12903362900016
            ],
            [
              78.12565127600016,
              35.12738581900004
            ],
            [
              78.12531280800005,
              35.125991821000184
            ],
            [
              78.12431335100018,
              35.12189102100018
            ],
            [
              78.12357563500007,
              35.1208433220001
            ],
            [
              78.12350764900015,
              35.12074676800006
            ],
            [
              78.12283781100014,
              35.11979546800006
            ],
            [
              78.11709594700005,
              35.111640931000125
            ],
            [
              78.11102295000018,
              35.10734176700004
            ],
            [
              78.10690281100011,
              35.10442766800003
            ],
            [
              78.09771728800007,
              35.09793091
            ],
            [
              78.09050349400007,
              35.09620114899997
            ],
            [
              78.08428192000008,
              35.09077072100007
            ],
            [
              78.0828704810001,
              35.08248901100018
            ],
            [
              78.0949478120001,
              35.05690002200009
            ],
            [
              78.10142990700007,
              35.04316101900008
            ],
            [
              78.11483001800009,
              35.014759064000145
            ],
            [
              78.1182785040001,
              35.00664901800002
            ],
            [
              78.121103839,
              35.00001214800017
            ],
            [
              78.12110901000017,
              35.00000000000006
            ],
            [
              78.12117916000011,
              34.999834859000146
            ],
            [
              78.12825224800002,
              34.9831843660001
            ],
            [
              78.13004054900011,
              34.97897459600017
            ],
            [
              78.13031006000011,
              34.978340150000065
            ],
            [
              78.13347626100018,
              34.97087097000002
            ],
            [
              78.16805729000015,
              34.91144808900009
            ],
            [
              78.16880195900006,
              34.91075628700003
            ],
            [
              78.17359924200008,
              34.90629959100005
            ],
            [
              78.17437744100005,
              34.90455246000016
            ],
            [
              78.1846466070001,
              34.88151931800007
            ],
            [
              78.18744565400017,
              34.86731588000009
            ],
            [
              78.1883392310001,
              34.862781521000045
            ],
            [
              78.18994547600005,
              34.854601168000045
            ],
            [
              78.20732116700003,
              34.7661094670001
            ],
            [
              78.2103958140001,
              34.75893402100007
            ],
            [
              78.21868896500018,
              34.739559173000146
            ],
            [
              78.2210464480001,
              34.73403167700019
            ],
            [
              78.2241116100001,
              34.72901161700014
            ],
            [
              78.23203059000014,
              34.71618918800016
            ],
            [
              78.2480316170001,
              34.695098877000135
            ],
            [
              78.25457910800014,
              34.68927794399997
            ],
            [
              78.26570129100014,
              34.679389952000065
            ],
            [
              78.27259827000012,
              34.674945831000116
            ],
            [
              78.27332305900018,
              34.674478531000034
            ],
            [
              78.2843627900001,
              34.66736221100007
            ],
            [
              78.29481814500019,
              34.66380719300008
            ],
            [
              78.30033874600014,
              34.66193008500006
            ],
            [
              78.30680084100004,
              34.66092300299999
            ],
            [
              78.31733703499998,
              34.659278869000055
            ],
            [
              78.31740318500016,
              34.65925010800004
            ],
            [
              78.31746933500011,
              34.65922134600015
            ],
            [
              78.32353973100004,
              34.65658188000009
            ],
            [
              78.32414245000007,
              34.656318813999974
            ],
            [
              78.32420043200005,
              34.6562935070001
            ],
            [
              78.36207737200016,
              34.65338365200017
            ],
            [
              78.38717651300004,
              34.65163040300013
            ],
            [
              78.39552307100018,
              34.64939117500012
            ],
            [
              78.39836120700018,
              34.64863205000012
            ],
            [
              78.39872741599999,
              34.64835357700008
            ],
            [
              78.40279294100003,
              34.64527796800007
            ],
            [
              78.4036898660001,
              34.64459943400004
            ],
            [
              78.40458679100016,
              34.643920899000136
            ],
            [
              78.40701294000007,
              34.636631010000144
            ],
            [
              78.40690062100009,
              34.62100517900018
            ],
            [
              78.41037633000019,
              34.61252513300019
            ],
            [
              78.4114356400001,
              34.611551577000114
            ],
            [
              78.41812896800019,
              34.605400086000145
            ],
            [
              78.42511749300013,
              34.60346222000004
            ],
            [
              78.43510353200008,
              34.6028804390001
            ],
            [
              78.43546295100009,
              34.60285949900015
            ],
            [
              78.43552850200007,
              34.602855598000076
            ],
            [
              78.44315338100012,
              34.602401733000136
            ],
            [
              78.4591522230001,
              34.602787019000175
            ],
            [
              78.46677043000011,
              34.60296960400012
            ],
            [
              78.48223113900008,
              34.603340150000065
            ],
            [
              78.49200600600017,
              34.605264848000104
            ],
            [
              78.51154327300014,
              34.60911178500004
            ],
            [
              78.53711700400004,
              34.61415100100004
            ],
            [
              78.54812828600019,
              34.61446429700004
            ],
            [
              78.55814839200002,
              34.61474939500016
            ],
            [
              78.55816650500003,
              34.61474990900007
            ],
            [
              78.55866180500016,
              34.61462574700005
            ],
            [
              78.56933594000004,
              34.61194992100019
            ],
            [
              78.58207703000016,
              34.60314941200005
            ],
            [
              78.61109161100018,
              34.58306121900017
            ],
            [
              78.62100982900012,
              34.57427979000005
            ],
            [
              78.62664552500013,
              34.56682503900009
            ],
            [
              78.63762664800004,
              34.552299500000004
            ],
            [
              78.64382934600008,
              34.547809600000164
            ],
            [
              78.65248870800013,
              34.53815460300001
            ],
            [
              78.66005706700008,
              34.529720307000105
            ],
            [
              78.6816281300001,
              34.515086815000075
            ],
            [
              78.68263797300006,
              34.51457151799997
            ],
            [
              78.68618774000004,
              34.51276016100013
            ],
            [
              78.6960705520001,
              34.50771849400019
            ],
            [
              78.71663666000018,
              34.50100708000014
            ],
            [
              78.73007965100004,
              34.496650700000146
            ],
            [
              78.73522777500017,
              34.49240072700013
            ],
            [
              78.73611450100003,
              34.49166870200003
            ],
            [
              78.7382659920001,
              34.48989105200019
            ],
            [
              78.74935913100006,
              34.47698974700006
            ],
            [
              78.74993446700006,
              34.47586562700013
            ],
            [
              78.75383912900014,
              34.46921528800011
            ],
            [
              78.75399656800016,
              34.46906527500005
            ],
            [
              78.75405120900012,
              34.469013211000174
            ],
            [
              78.75447083000012,
              34.46861321600005
            ],
            [
              78.76302338100015,
              34.46046066000014
            ],
            [
              78.77416360000008,
              34.45212720100011
            ],
            [
              78.78847503700018,
              34.44142151000011
            ],
            [
              78.79937744099999,
              34.433269500999984
            ],
            [
              78.82495117100018,
              34.414131164000025
            ],
            [
              78.83725738499999,
              34.40701675500014
            ],
            [
              78.83767700300007,
              34.40677261400009
            ],
            [
              78.87436969800018,
              34.39506936200007
            ],
            [
              78.87568665000009,
              34.39465332100019
            ],
            [
              78.89155578900011,
              34.389640810000174
            ],
            [
              78.8925286170001,
              34.389193429000166
            ],
            [
              78.89919544100019,
              34.386127511000154
            ],
            [
              78.91624940399998,
              34.378284816000075
            ],
            [
              78.91745974600013,
              34.377728231000106
            ],
            [
              78.92254638700012,
              34.37538909800009
            ],
            [
              78.92743702100012,
              34.37163529000003
            ],
            [
              78.9275023140001,
              34.37158517700004
            ],
            [
              78.92917633000002,
              34.37030029200008
            ],
            [
              78.93082514600002,
              34.36903580900014
            ],
            [
              78.93166495000008,
              34.36839176100017
            ],
            [
              78.93220581700012,
              34.3679770550001
            ],
            [
              78.9323950000001,
              34.367832000000135
            ],
            [
              78.934011,
              34.366592000000026
            ],
            [
              78.9348600620001,
              34.36594125199997
            ],
            [
              78.93930855600013,
              34.36253041600003
            ],
            [
              78.93989600000003,
              34.36208000000005
            ],
            [
              78.9607390000001,
              34.346100000000035
            ],
            [
              78.96077500000007,
              34.34608000000014
            ],
            [
              78.96251244000013,
              34.34512231300005
            ],
            [
              78.96363644100012,
              34.344502657000135
            ],
            [
              78.9688489990001,
              34.34162899900019
            ],
            [
              78.97512434300012,
              34.33550558900015
            ],
            [
              78.97673800000013,
              34.33393100000018
            ],
            [
              78.97674804600007,
              34.33392870300008
            ],
            [
              78.97721900000016,
              34.33382099900007
            ],
            [
              78.97723215399998,
              34.33381799100016
            ],
            [
              78.98108800000018,
              34.332936000000075
            ],
            [
              78.9814604280001,
              34.332851130000165
            ],
            [
              78.98181692200008,
              34.33222844000017
            ],
            [
              78.98380900000008,
              34.32874399999997
            ],
            [
              78.9892270000002,
              34.31926700000014
            ],
            [
              78.99005099900006,
              34.31782900000013
            ],
            [
              78.99005390600001,
              34.3178183230001
            ],
            [
              78.99056203800018,
              34.31595107300012
            ],
            [
              78.99079500000005,
              34.315094999000166
            ],
            [
              78.99203069100008,
              34.31055680500003
            ],
            [
              78.99231773800011,
              34.3095007820001
            ],
            [
              78.9923430660001,
              34.309406997999986
            ],
            [
              78.99238317700014,
              34.309259589000135
            ],
            [
              78.99239494800008,
              34.30921676100019
            ],
            [
              78.99243555499999,
              34.30906834600006
            ],
            [
              78.99294099999997,
              34.30721000000011
            ],
            [
              78.9935025320001,
              34.305146501000024
            ],
            [
              78.99421693400006,
              34.30251987600019
            ],
            [
              78.99419872300007,
              34.30221364800008
            ],
            [
              78.99416782900016,
              34.30169410400009
            ],
            [
              78.99409700000007,
              34.300503000000106
            ],
            [
              78.99394300000012,
              34.29790600000018
            ],
            [
              78.99390084900011,
              34.29718450800016
            ],
            [
              78.99386600000014,
              34.29658800000004
            ],
            [
              78.99387665500007,
              34.296762017000106
            ],
            [
              78.99383382300005,
              34.29605356600001
            ],
            [
              78.99340057300009,
              34.28874206800009
            ],
            [
              78.98817525100009,
              34.27572143600014
            ],
            [
              78.98576730200011,
              34.26972123000019
            ],
            [
              78.98569094900006,
              34.26953092400004
            ],
            [
              78.98567700000007,
              34.26949700000006
            ],
            [
              78.98499500000014,
              34.26779700000009
            ],
            [
              78.98499088500006,
              34.26778671800014
            ],
            [
              78.98498121400007,
              34.267762572000095
            ],
            [
              78.98362300000014,
              34.26437200000004
            ],
            [
              78.98357999600012,
              34.26426406700011
            ],
            [
              78.98323527600019,
              34.26340353200004
            ],
            [
              78.97500610100013,
              34.242858888000114
            ],
            [
              78.96260473400014,
              34.22635475300018
            ],
            [
              78.95619966800007,
              34.21783068500008
            ],
            [
              78.95575868700007,
              34.21742242700003
            ],
            [
              78.95531770600007,
              34.21701416900004
            ],
            [
              78.94211578200003,
              34.204792022000106
            ],
            [
              78.94065216400008,
              34.20367288100016
            ],
            [
              78.93918854600014,
              34.20255373900011
            ],
            [
              78.9353408820001,
              34.199611662000166
            ],
            [
              78.93349522800014,
              34.198199518000024
            ],
            [
              78.93286575700006,
              34.1977178140001
            ],
            [
              78.92674900000009,
              34.19303800000017
            ],
            [
              78.92008068900003,
              34.187935747000154
            ],
            [
              78.91053552300019,
              34.18063227100015
            ],
            [
              78.91042799899999,
              34.180550001000086
            ],
            [
              78.91038249400003,
              34.18051552500009
            ],
            [
              78.91036224200013,
              34.180500031000065
            ],
            [
              78.90996150000001,
              34.18023767700004
            ],
            [
              78.90847385200004,
              34.179263284000115
            ],
            [
              78.90250984500018,
              34.17535920800003
            ],
            [
              78.89435600000007,
              34.17002100000013
            ],
            [
              78.88887800100002,
              34.1664310000001
            ],
            [
              78.88599201200009,
              34.164933648000044
            ],
            [
              78.88396744300019,
              34.163882882000166
            ],
            [
              78.88374080500006,
              34.163765078000154
            ],
            [
              78.88353175600008,
              34.16365626600003
            ],
            [
              78.88212200000015,
              34.16292500000009
            ],
            [
              78.8805830550001,
              34.16212602899998
            ],
            [
              78.87904400000002,
              34.16132700000003
            ],
            [
              78.87272078100006,
              34.15804648500011
            ],
            [
              78.87114700100005,
              34.15723000100007
            ],
            [
              78.87113630800019,
              34.15722528800012
            ],
            [
              78.86704900000018,
              34.15542400000015
            ],
            [
              78.86123900000018,
              34.15286300000014
            ],
            [
              78.85883300000006,
              34.15180200100019
            ],
            [
              78.84747300000015,
              34.146792000000175
            ],
            [
              78.84221638500014,
              34.14447389400004
            ],
            [
              78.84218752400017,
              34.144461052000054
            ],
            [
              78.815315,
              34.13261000000006
            ],
            [
              78.8091760000001,
              34.12990300000007
            ],
            [
              78.80490600000013,
              34.12802100000016
            ],
            [
              78.77425900000014,
              34.11451000000011
            ],
            [
              78.77230867600008,
              34.11405634100015
            ],
            [
              78.77141331700011,
              34.11384828700017
            ],
            [
              78.77127982600018,
              34.11381726800016
            ],
            [
              78.77094300000005,
              34.113739000000066
            ],
            [
              78.76610000000005,
              34.11261699900007
            ],
            [
              78.76389300000005,
              34.11210599900005
            ],
            [
              78.76238921599997,
              34.11175789800012
            ],
            [
              78.76220529100016,
              34.11171528700004
            ],
            [
              78.76145545200018,
              34.111541565000095
            ],
            [
              78.76066589200002,
              34.11135864100004
            ],
            [
              78.75947271400008,
              34.11108292300014
            ],
            [
              78.7594600000001,
              34.111080000000186
            ],
            [
              78.7593835670001,
              34.111041089000025
            ],
            [
              78.75885533400015,
              34.110772293000025
            ],
            [
              78.75225789000018,
              34.10741526200019
            ],
            [
              78.74153153700001,
              34.101957239
            ],
            [
              78.73376200000013,
              34.09800400000006
            ],
            [
              78.73374247500004,
              34.09799383800009
            ],
            [
              78.73373100100014,
              34.097987999000054
            ],
            [
              78.72923300100013,
              34.095698999000035
            ],
            [
              78.72443400100008,
              34.09140400000018
            ],
            [
              78.71331800000002,
              34.08145900000017
            ],
            [
              78.71026007800015,
              34.077368532000094
            ],
            [
              78.70939060400013,
              34.07620540900007
            ],
            [
              78.70938343099999,
              34.07619581400007
            ],
            [
              78.70934184100014,
              34.07613998300013
            ],
            [
              78.70929500000005,
              34.07607700000017
            ],
            [
              78.70663163500006,
              34.07251451000013
            ],
            [
              78.70638299900008,
              34.07218196400016
            ],
            [
              78.70637065100016,
              34.07147584300003
            ],
            [
              78.70629800000006,
              34.067321000000106
            ],
            [
              78.7062706010002,
              34.06575618300019
            ],
            [
              78.70614624100006,
              34.05863966900006
            ],
            [
              78.7121200000002,
              34.05048000000005
            ],
            [
              78.72191100000015,
              34.04653500100005
            ],
            [
              78.73113255400017,
              34.04281918000015
            ],
            [
              78.73184999900013,
              34.042530000000056
            ],
            [
              78.73193992200004,
              34.04250987900008
            ],
            [
              78.73286003100003,
              34.04230412800018
            ],
            [
              78.73291602400013,
              34.04229180100015
            ],
            [
              78.73307400000004,
              34.04225700000018
            ],
            [
              78.73726199999999,
              34.0413200000001
            ],
            [
              78.7514111960001,
              34.03815637700012
            ],
            [
              78.75155600000016,
              34.03812400000015
            ],
            [
              78.75161742400013,
              34.038110130000064
            ],
            [
              78.75953700100018,
              34.03633900000011
            ],
            [
              78.75966078600004,
              34.03631202600019
            ],
            [
              78.75987243900005,
              34.03626632900006
            ],
            [
              78.75995592200007,
              34.03624808100011
            ],
            [
              78.75997154400017,
              34.036244623000194
            ],
            [
              78.76064300000014,
              34.03609800000004
            ],
            [
              78.76105674100012,
              34.03581836000018
            ],
            [
              78.76169200000004,
              34.03538900000018
            ],
            [
              78.76210751800011,
              34.03510854300015
            ],
            [
              78.76229492300007,
              34.03498205200009
            ],
            [
              78.76595302700008,
              34.032508928000084
            ],
            [
              78.76599742000013,
              34.032380405000026
            ],
            [
              78.7682880000001,
              34.025749001000065
            ],
            [
              78.77036192600008,
              34.01972579700015
            ],
            [
              78.77033882000012,
              34.01966334800005
            ],
            [
              78.76916708100009,
              34.016496338000024
            ],
            [
              78.76841700000011,
              34.014469001000066
            ],
            [
              78.76830973200009,
              34.01417768600004
            ],
            [
              78.76830370400018,
              34.01416131600007
            ],
            [
              78.76829000000009,
              34.01412500000009
            ],
            [
              78.76827600000018,
              34.01408600000008
            ],
            [
              78.76824052000006,
              34.01399016500006
            ],
            [
              78.76821476800006,
              34.01392052100016
            ],
            [
              78.76812000000007,
              34.01366400000012
            ],
            [
              78.76511904100016,
              34.005548406000116
            ],
            [
              78.76429071300004,
              34.00330786300009
            ],
            [
              78.76362610000018,
              34.00151062100008
            ],
            [
              78.7499320600001,
              33.992110775000185
            ],
            [
              78.7443955220001,
              33.98831039200007
            ],
            [
              78.74429951800016,
              33.988244475000045
            ],
            [
              78.74420286200018,
              33.98817796700007
            ],
            [
              78.74416900000006,
              33.98815500000018
            ],
            [
              78.74306567100012,
              33.98739771100014
            ],
            [
              78.74289700000014,
              33.98728200000005
            ],
            [
              78.72841442900005,
              33.9773314040001
            ],
            [
              78.7282410000002,
              33.97716300000019
            ],
            [
              78.7163930000001,
              33.96514300000007
            ],
            [
              78.71638499000017,
              33.96513499000014
            ],
            [
              78.71637004700005,
              33.96511982900017
            ],
            [
              78.71594037000011,
              33.96468370200006
            ],
            [
              78.71579000000014,
              33.964531001000125
            ],
            [
              78.71523615600012,
              33.96270338700009
            ],
            [
              78.71474622300019,
              33.961086114000125
            ],
            [
              78.71493601200018,
              33.955702086000144
            ],
            [
              78.71507900000006,
              33.9549090000001
            ],
            [
              78.7153360280002,
              33.95348530400008
            ],
            [
              78.71584700000005,
              33.95065499999998
            ],
            [
              78.71615600000018,
              33.94894000000005
            ],
            [
              78.71695122200009,
              33.94895386200011
            ],
            [
              78.71724600000016,
              33.94895900000017
            ],
            [
              78.71724375800017,
              33.948904736000145
            ],
            [
              78.71720118100006,
              33.94818949400013
            ],
            [
              78.7171946470001,
              33.94807972900003
            ],
            [
              78.7171909400002,
              33.94801745400008
            ],
            [
              78.71718653200021,
              33.94794229500019
            ],
            [
              78.717163991,
              33.94756532600019
            ],
            [
              78.71716000000015,
              33.947500000000105
            ],
            [
              78.71706100000011,
              33.94584300000014
            ],
            [
              78.71666000000016,
              33.93909100000013
            ],
            [
              78.71650507900006,
              33.938586421000025
            ],
            [
              78.71623200099998,
              33.93769700000007
            ],
            [
              78.71492799900011,
              33.93344900000011
            ],
            [
              78.71312790400015,
              33.927592401000034
            ],
            [
              78.71156311100003,
              33.92250061100009
            ],
            [
              78.71724700900012,
              33.89048004100016
            ],
            [
              78.72621850000019,
              33.87006694400003
            ],
            [
              78.72872270099998,
              33.865258656000094
            ],
            [
              78.72876532000011,
              33.865176815000154
            ],
            [
              78.72911125100018,
              33.864512877000095
            ],
            [
              78.72978792000015,
              33.86321342100007
            ],
            [
              78.73276558800012,
              33.857495198000095
            ],
            [
              78.73278600000003,
              33.85745600000001
            ],
            [
              78.73290034900015,
              33.857236418000184
            ],
            [
              78.74175595900017,
              33.84023093000019
            ],
            [
              78.74178300000017,
              33.84017900000015
            ],
            [
              78.74522000000013,
              33.836162000000115
            ],
            [
              78.74523205300017,
              33.836147924000045
            ],
            [
              78.74542004000017,
              33.83592814900004
            ],
            [
              78.75745674700016,
              33.82185888900017
            ],
            [
              78.76132200000018,
              33.817341
            ],
            [
              78.76167700000002,
              33.81692500000008
            ],
            [
              78.77506299900011,
              33.80125000000004
            ],
            [
              78.77751800600015,
              33.79585298900014
            ],
            [
              78.77786245600004,
              33.79509568600008
            ],
            [
              78.77794100000011,
              33.79492300000004
            ],
            [
              78.77794939900019,
              33.79490453500017
            ],
            [
              78.7804910000001,
              33.78931700000015
            ],
            [
              78.78054740400012,
              33.78919330800005
            ],
            [
              78.78224167700006,
              33.77995824100003
            ],
            [
              78.78398890900007,
              33.77043175100016
            ],
            [
              78.7839780000001,
              33.770402000000104
            ],
            [
              78.78265274000006,
              33.766740356000184
            ],
            [
              78.77995490100005,
              33.7592863270001
            ],
            [
              78.77969624100012,
              33.75857251600007
            ],
            [
              78.7796591990001,
              33.758470179000085
            ],
            [
              78.77950504000007,
              33.75804391800006
            ],
            [
              78.77529144200014,
              33.74640274000018
            ],
            [
              78.77523230100013,
              33.74624502900019
            ],
            [
              78.7752228120001,
              33.74621972400013
            ],
            [
              78.77382090300006,
              33.744518790000086
            ],
            [
              78.7623977670001,
              33.73065948200019
            ],
            [
              78.7589069710001,
              33.72762843600003
            ],
            [
              78.75823385100017,
              33.72704397000018
            ],
            [
              78.75039928200005,
              33.72024013800012
            ],
            [
              78.74529400000006,
              33.71580600000011
            ],
            [
              78.74465547000017,
              33.715251595000154
            ],
            [
              78.74413779200012,
              33.71480211900007
            ],
            [
              78.74155200000007,
              33.712557000000004
            ],
            [
              78.73732000000018,
              33.70888100000013
            ],
            [
              78.73726600000015,
              33.70883600000019
            ],
            [
              78.73724300000003,
              33.70881600000013
            ],
            [
              78.73572400000012,
              33.70749500000005
            ],
            [
              78.73631146000002,
              33.7080034490001
            ],
            [
              78.73175048900004,
              33.70404052900011
            ],
            [
              78.71689505600006,
              33.68787789800018
            ],
            [
              78.71670869299999,
              33.687675361000174
            ],
            [
              78.71659321900006,
              33.68754986500011
            ],
            [
              78.71599588900017,
              33.68689992900016
            ],
            [
              78.70955600000019,
              33.679893000000106
            ],
            [
              78.70929700000005,
              33.67961100000008
            ],
            [
              78.70864313100003,
              33.67697898900013
            ],
            [
              78.70842700000003,
              33.676109000000004
            ],
            [
              78.70807700000017,
              33.674693000000104
            ],
            [
              78.70678700200006,
              33.66947899000019
            ],
            [
              78.70773600000001,
              33.66617200000013
            ],
            [
              78.70934900000009,
              33.660555000000045
            ],
            [
              78.70935443700012,
              33.66053729999999
            ],
            [
              78.70936300000017,
              33.66050800000005
            ],
            [
              78.7100199000002,
              33.658221420000075
            ],
            [
              78.71070667400016,
              33.65583137800019
            ],
            [
              78.71908842000016,
              33.63890733599999
            ],
            [
              78.72728000000012,
              33.622776000000044
            ],
            [
              78.72976137800003,
              33.61789484600013
            ],
            [
              78.74297270300008,
              33.59620090100009
            ],
            [
              78.74320796400008,
              33.59581553400011
            ],
            [
              78.74347686800013,
              33.59537506000004
            ],
            [
              78.75118175700004,
              33.582747160000054
            ],
            [
              78.75811004900004,
              33.571392061000154
            ],
            [
              78.76402223500021,
              33.561838556000055
            ],
            [
              78.76416215500007,
              33.561632807000024
            ],
            [
              78.76417984400018,
              33.56160674100016
            ],
            [
              78.76421193000016,
              33.56155946300015
            ],
            [
              78.77068328800004,
              33.55204391300015
            ],
            [
              78.77921870900008,
              33.539487754000106
            ],
            [
              78.78588872400013,
              33.53057941500015
            ],
            [
              78.78725691600017,
              33.5291782000001
            ],
            [
              78.78729515100008,
              33.52913894500017
            ],
            [
              78.78732700000012,
              33.52910600000019
            ],
            [
              78.79115300000012,
              33.525188000000185
            ],
            [
              78.79538700000018,
              33.519070000000056
            ],
            [
              78.79961400000013,
              33.51296200000007
            ],
            [
              78.79852100000011,
              33.51454400000006
            ],
            [
              78.79543699800001,
              33.51901167200003
            ],
            [
              78.80045280899998,
              33.51174978400013
            ],
            [
              78.80387115200011,
              33.50680923300018
            ],
            [
              78.80942044699998,
              33.50012701700007
            ],
            [
              78.80944788300013,
              33.50009398100019
            ],
            [
              78.81099607100015,
              33.49822980200008
            ],
            [
              78.81859600000007,
              33.48907900100011
            ],
            [
              78.82023757500008,
              33.48710849700012
            ],
            [
              78.82073200000002,
              33.48651500100004
            ],
            [
              78.82325700100017,
              33.48349000000013
            ],
            [
              78.83392382900007,
              33.473582287000056
            ],
            [
              78.83496200100018,
              33.47261800100006
            ],
            [
              78.83620080100019,
              33.47146729400015
            ],
            [
              78.8709640530002,
              33.43939018100019
            ],
            [
              78.87152862800014,
              33.43907928200014
            ],
            [
              78.8736380000002,
              33.437915424000096
            ],
            [
              78.87371679400013,
              33.43787194700019
            ],
            [
              78.87373222000019,
              33.4378634360001
            ],
            [
              78.8737538920002,
              33.43785157500008
            ],
            [
              78.87565500000011,
              33.436811000000034
            ],
            [
              78.88418671100004,
              33.4296742730001
            ],
            [
              78.89539300000007,
              33.42031100000014
            ],
            [
              78.90867200000008,
              33.40921600000013
            ],
            [
              78.92125700000008,
              33.39870100000019
            ],
            [
              78.921266914,
              33.39869669300009
            ],
            [
              78.92808200000007,
              33.39573600000017
            ],
            [
              78.94108208500006,
              33.390087219000065
            ],
            [
              78.94110100000012,
              33.390079000000185
            ],
            [
              78.953763691,
              33.37539452500016
            ],
            [
              78.95481109600007,
              33.37417984000007
            ],
            [
              78.97067867270577,
              33.3680915120338
            ],
            [
              78.98755916704269,
              33.33320299722755
            ],
            [
              79.0087855933522,
              33.33467805456375
            ],
            [
              79.01791420300009,
              33.33138755700014
            ],
            [
              79.01954651000005,
              33.33079910200007
            ],
            [
              79.03379821800013,
              33.31357956000011
            ],
            [
              79.0365676880001,
              33.31208801300005
            ],
            [
              79.03887257600009,
              33.310845149999984
            ],
            [
              79.03924000000006,
              33.31064700000013
            ],
            [
              79.04749943200011,
              33.30619281700007
            ],
            [
              79.04765300100013,
              33.30610999900017
            ],
            [
              79.04768997400004,
              33.30609005500014
            ],
            [
              79.06111500000009,
              33.298848000000135
            ],
            [
              79.06361713100006,
              33.297498346000054
            ],
            [
              79.0665969850001,
              33.295890809000184
            ],
            [
              79.06732754400002,
              33.295025429000134
            ],
            [
              79.0679550000001,
              33.29428200000018
            ],
            [
              79.0707930000001,
              33.29092000000003
            ],
            [
              79.0731120000001,
              33.28360000000009
            ],
            [
              79.06926699900004,
              33.27310899999998
            ],
            [
              79.06789310900001,
              33.269355378000114
            ],
            [
              79.06616776800018,
              33.264641558000164
            ],
            [
              79.0661090000001,
              33.264481000000046
            ],
            [
              79.06684900000005,
              33.254623000000095
            ],
            [
              79.0669858490001,
              33.25279158700016
            ],
            [
              79.067207,
              33.24983200000014
            ],
            [
              79.07147200000014,
              33.2381630000001
            ],
            [
              79.07496600000019,
              33.22861100000006
            ],
            [
              79.092987,
              33.22045900000006
            ],
            [
              79.09618799999998,
              33.21901100000014
            ],
            [
              79.11328100000014,
              33.21128100000004
            ],
            [
              79.12773100000004,
              33.20473900000019
            ],
            [
              79.13891400000006,
              33.200955000000135
            ],
            [
              79.14144100000004,
              33.20010000000008
            ],
            [
              79.14176600000015,
              33.20005400000019
            ],
            [
              79.15696115200006,
              33.19791729100001
            ],
            [
              79.15701300000012,
              33.19790999900016
            ],
            [
              79.16476400000016,
              33.196819000000005
            ],
            [
              79.17251159500017,
              33.195731619000185
            ],
            [
              79.18049621700006,
              33.19461059499997
            ],
            [
              79.18061664700008,
              33.19452877400005
            ],
            [
              79.18547094000013,
              33.19122303000012
            ],
            [
              79.19252802000017,
              33.17594499000006
            ],
            [
              79.19557992000011,
              33.15697101000006
            ],
            [
              79.19494596100014,
              33.152363010000045
            ],
            [
              79.19366508000013,
              33.14297097000008
            ],
            [
              79.1884459800001,
              33.12939096000002
            ],
            [
              79.15538808000014,
              33.09024798000013
            ],
            [
              79.15413707900007,
              33.087249991000135
            ],
            [
              79.14980303900012,
              33.076999981000085
            ],
            [
              79.14886505900017,
              33.07480596
            ],
            [
              79.14871998000012,
              33.05258199000008
            ],
            [
              79.15122198,
              33.03402696100005
            ],
            [
              79.15466303900007,
              33.02377703900015
            ],
            [
              79.1621699390002,
              33.01469397100004
            ],
            [
              79.19716608000004,
              33.00238800100004
            ],
            [
              79.20772595900007,
              33.00252903100017
            ],
            [
              79.21414206000009,
              33.00260904100003
            ],
            [
              79.2300799800002,
              33.00016797000012
            ],
            [
              79.23136104000014,
              32.99969502100015
            ],
            [
              79.24869504100008,
              32.99347296000002
            ],
            [
              79.25749991900011,
              32.98661001099998
            ],
            [
              79.26000191900016,
              32.98466502000008
            ],
            [
              79.27005797900017,
              32.96849796100014
            ],
            [
              79.27783199900017,
              32.95000098100019
            ],
            [
              79.28022006000015,
              32.944331969000075
            ],
            [
              79.28227998100016,
              32.9354170200001
            ],
            [
              79.28355401900001,
              32.906081970000116
            ],
            [
              79.28089092000005,
              32.893138980000174
            ],
            [
              79.28055594000006,
              32.89149900100011
            ],
            [
              79.27877807900012,
              32.882888970000124
            ],
            [
              79.27008102100012,
              32.866527960000155
            ],
            [
              79.25519592000018,
              32.84825103000014
            ],
            [
              79.2497790000001,
              32.832137970000076
            ],
            [
              79.25050404100017,
              32.828166991000046
            ],
            [
              79.25155596100018,
              32.82255603100015
            ],
            [
              79.25869800000004,
              32.81644404000008
            ],
            [
              79.27672607900013,
              32.808612960000175
            ],
            [
              79.28891802000004,
              32.79316698100013
            ],
            [
              79.2901920600001,
              32.78683503000019
            ],
            [
              79.29097001999997,
              32.7828899700001
            ],
            [
              79.2910839590001,
              32.75905599100008
            ],
            [
              79.28713998000018,
              32.75258301000014
            ],
            [
              79.27349904000005,
              32.70822101900018
            ],
            [
              79.26980598000017,
              32.70175200100016
            ],
            [
              79.26458003900007,
              32.67419400100016
            ],
            [
              79.2684709190001,
              32.66760996000011
            ],
            [
              79.27138494000008,
              32.66821998100005
            ],
            [
              79.27630595900018,
              32.66930403000009
            ],
            [
              79.28461494000015,
              32.67441602900004
            ],
            [
              79.28961191900015,
              32.67255402100017
            ],
            [
              79.29058104100005,
              32.6721950110001
            ],
            [
              79.29366299900016,
              32.66741601000001
            ],
            [
              79.29203004100003,
              32.653805040000066
            ],
            [
              79.29196901900013,
              32.653446030000005
            ],
            [
              79.26405299900017,
              32.58989000899999
            ],
            [
              79.2613909800001,
              32.57197200000013
            ],
            [
              79.26127596000015,
              32.569889039000145
            ],
            [
              79.25972004000005,
              32.54172102000018
            ],
            [
              79.26144408100009,
              32.53625100100015
            ],
            [
              79.26067071288948,
              32.53296789187211
            ],
            [
              79.25767871214772,
              32.5331651089494
            ],
            [
              79.25704901900008,
              32.533576020000055
            ],
            [
              79.25597099900006,
              32.534262991000105
            ],
            [
              79.25088294000017,
              32.53412097100011
            ],
            [
              79.25062161436325,
              32.53363027601294
            ],
            [
              79.24936355883374,
              32.53371320046919
            ],
            [
              79.24368447553623,
              32.52120908001707
            ],
            [
              79.23497772200011,
              32.51898956400004
            ],
            [
              79.23309326200012,
              32.51850891100014
            ],
            [
              79.22310638400018,
              32.51596069400006
            ],
            [
              79.22088623000013,
              32.51539611800007
            ],
            [
              79.21382904100005,
              32.513599396000075
            ],
            [
              79.20693206800001,
              32.511840821000135
            ],
            [
              79.2029571540001,
              32.5108299260001
            ],
            [
              79.1833038330002,
              32.501022339000144
            ],
            [
              79.16506957900015,
              32.491920471000185
            ],
            [
              79.14885711700003,
              32.48382949900008
            ],
            [
              79.1412535875954,
              32.47718442254921
            ],
            [
              79.1357120399167,
              32.47660678641502
            ],
            [
              79.13080441748922,
              32.468052408913344
            ],
            [
              79.12894439600012,
              32.466426850000175
            ],
            [
              79.12652587800017,
              32.46430969200014
            ],
            [
              79.12172699000013,
              32.45611190800008
            ],
            [
              79.12024688600007,
              32.45357894900019
            ],
            [
              79.12007904100011,
              32.4532890320001
            ],
            [
              79.11814880300012,
              32.450000763000105
            ],
            [
              79.11978149400011,
              32.43832016100015
            ],
            [
              79.12187957800018,
              32.42324066200007
            ],
            [
              79.12133789000012,
              32.41762161400004
            ],
            [
              79.12119293300009,
              32.41613006600011
            ],
            [
              79.1118011480001,
              32.39929199200009
            ],
            [
              79.10928663046558,
              32.38420130739198
            ],
            [
              79.06751366052956,
              32.38498145331981
            ],
            [
              79.06423950200013,
              32.38522720300017
            ],
            [
              79.05970001200006,
              32.38557052700014
            ],
            [
              79.05776188272411,
              32.385163576107715
            ],
            [
              79.03220797804582,
              32.385640817125186
            ],
            [
              79.01326605822631,
              32.37704958669226
            ],
            [
              79.00323655727988,
              32.365122940658964
            ],
            [
              78.99375915400003,
              32.36429977500018
            ],
            [
              78.9825286860002,
              32.34582138200011
            ],
            [
              78.97720336800012,
              32.34276962400003
            ],
            [
              78.97642508094012,
              32.34295778107967
            ],
            [
              78.96049928158625,
              32.36593152377906
            ],
            [
              78.90232052785491,
              32.392715948069956
            ],
            [
              78.85767171685178,
              32.44022039869908
            ],
            [
              78.82587635144047,
              32.43870429921092
            ],
            [
              78.77513906620965,
              32.557970792279804
            ],
            [
              78.77513906620965,
              32.573131787161444
            ],
            [
              78.79543398030198,
              32.59789474546812
            ],
            [
              78.77018858019493,
              32.63968076561314
            ],
            [
              78.76805877800012,
              32.662979126000096
            ],
            [
              78.76521301200006,
              32.67369079600013
            ],
            [
              78.7645645140002,
              32.67609405600007
            ],
            [
              78.76392357689403,
              32.678461754155265
            ],
            [
              78.76634460343631,
              32.69745194519087
            ],
            [
              78.75520802298018,
              32.68837622905863
            ],
            [
              78.74592590300017,
              32.696079255000086
            ],
            [
              78.74214172300009,
              32.69601821900005
            ],
            [
              78.73645019400016,
              32.69593048000013
            ],
            [
              78.71703338700007,
              32.68072891300011
            ],
            [
              78.66426849400011,
              32.656490327000085
            ],
            [
              78.66089199710663,
              32.65399983299644
            ],
            [
              78.6608110501562,
              32.65399042653018
            ],
            [
              78.66076899009721,
              32.65390910339441
            ],
            [
              78.65442657500017,
              32.64923095700004
            ],
            [
              78.65162658700012,
              32.64442062400002
            ],
            [
              78.63233947800006,
              32.61106109600013
            ],
            [
              78.62567138600008,
              32.60705185000006
            ],
            [
              78.603286744,
              32.60438156200007
            ],
            [
              78.59976959200014,
              32.6052589410001
            ],
            [
              78.59968562962268,
              32.60527989994437
            ],
            [
              78.57218992528635,
              32.61760403881425
            ],
            [
              78.55018654138443,
              32.612320627303255
            ],
            [
              78.5498504630001,
              32.61231994700012
            ],
            [
              78.54950714200005,
              32.61231994700012
            ],
            [
              78.54519653200009,
              32.61230850200013
            ],
            [
              78.54492950500008,
              32.61230850200013
            ],
            [
              78.53894042900015,
              32.61042785600017
            ],
            [
              78.53704834000018,
              32.60983276300004
            ],
            [
              78.53675079400011,
              32.609741211000085
            ],
            [
              78.53108215300011,
              32.60795974800004
            ],
            [
              78.52641296400003,
              32.60649108900009
            ],
            [
              78.50885772700013,
              32.59471893300008
            ],
            [
              78.50328064000013,
              32.589561463000166
            ],
            [
              78.49591064500004,
              32.58274841400004
            ],
            [
              78.49407646436468,
              32.58105145727129
            ],
            [
              78.46372835738491,
              32.5798986908083
            ],
            [
              78.46161651600016,
              32.58034896900017
            ],
            [
              78.45272064200009,
              32.57950210700011
            ],
            [
              78.44332885700004,
              32.57207489100017
            ],
            [
              78.43788909900007,
              32.56777191200007
            ],
            [
              78.41223907400013,
              32.556060791000164
            ],
            [
              78.411453247,
              32.55430984600014
            ],
            [
              78.4043273930002,
              32.53873062100013
            ],
            [
              78.40510476713274,
              32.52707329718697
            ],
            [
              78.3993005597401,
              32.52583445678206
            ],
            [
              78.3990631100001,
              32.52637100200002
            ],
            [
              78.39791870100015,
              32.52706909200009
            ],
            [
              78.3943862910001,
              32.528530121000074
            ],
            [
              78.38243103000008,
              32.52965164100016
            ],
            [
              78.37668609600009,
              32.526050567000084
            ],
            [
              78.3563613890002,
              32.512660980000085
            ],
            [
              78.31727518460751,
              32.48141732682866
            ],
            [
              78.29482609935786,
              32.503896577201964
            ],
            [
              78.3151210134502,
              32.52562733653231
            ],
            [
              78.31309152204096,
              32.5736371536575
            ],
            [
              78.34826937313433,
              32.581217651098314
            ],
            [
              78.40509513259285,
              32.619625504798464
            ],
            [
              78.38750620704616,
              32.63428113318405
            ],
            [
              78.37938824140923,
              32.668140688419705
            ],
            [
              78.39427117841028,
              32.71564513904884
            ],
            [
              78.38750620704616,
              32.75708519172532
            ],
            [
              78.37237205471193,
              32.757330968450496
            ],
            [
              78.37277221699998,
              32.76015090900006
            ],
            [
              78.37135314900019,
              32.761829376000094
            ],
            [
              78.36428070000005,
              32.76298141500013
            ],
            [
              78.34474182200006,
              32.76343154799997
            ],
            [
              78.31394958600009,
              32.74898147600004
            ],
            [
              78.28765869200015,
              32.73783111600011
            ],
            [
              78.29461670000012,
              32.73160934500004
            ],
            [
              78.29811096200007,
              32.72483062700013
            ],
            [
              78.29856109500008,
              32.71974182100007
            ],
            [
              78.29572296200018,
              32.71281051600005
            ],
            [
              78.28486633300008,
              32.706779481000126
            ],
            [
              78.27274322500013,
              32.70293045100016
            ],
            [
              78.25911712700015,
              32.702919007000105
            ],
            [
              78.23658752400007,
              32.694671631000176
            ],
            [
              78.2332611080002,
              32.68370056200007
            ],
            [
              78.2249679570001,
              32.6755599980001
            ],
            [
              78.21293640100009,
              32.66918945400005
            ],
            [
              78.207603160616,
              32.66730607435348
            ],
            [
              78.17356168030454,
              32.674890505042896
            ],
            [
              78.17047882100007,
              32.67721176300006
            ],
            [
              78.15841674800009,
              32.67913055500003
            ],
            [
              78.15483374718372,
              32.67906308242235
            ],
            [
              78.14261424366539,
              32.68178558381318
            ],
            [
              78.14362055579451,
              32.6759863728078
            ],
            [
              78.13600158700007,
              32.67031860500009
            ],
            [
              78.13066101000004,
              32.66006088200004
            ],
            [
              78.13002945231013,
              32.658329521913686
            ],
            [
              78.11081887825408,
              32.662581656963106
            ],
            [
              78.1023959970822,
              32.6558233892497
            ],
            [
              78.09926605100009,
              32.65996933000008
            ],
            [
              78.0933761600001,
              32.66215133700007
            ],
            [
              78.08851623500004,
              32.65983200100004
            ],
            [
              78.07900237900014,
              32.65279007100003
            ],
            [
              78.07293701200001,
              32.644401550000055
            ],
            [
              78.06747623886726,
              32.62568053213591
            ],
            [
              78.06075809015967,
              32.62619526924718
            ],
            [
              78.04655165029503,
              32.644893829601195
            ],
            [
              78.03471318962129,
              32.63506745740083
            ],
            [
              78.03389740000017,
              32.635608673000036
            ],
            [
              78.03273773100005,
              32.633750916000054
            ],
            [
              78.03271892358086,
              32.633412140808595
            ],
            [
              78.01610927915654,
              32.619625504798464
            ],
            [
              77.9701074738806,
              32.646915295585416
            ],
            [
              77.970783971017,
              32.655001159522286
            ],
            [
              77.94643007410622,
              32.661570923971
            ],
            [
              77.91869369151337,
              32.690882180742165
            ],
            [
              77.93425312565081,
              32.72575246896993
            ],
            [
              77.92613516001389,
              32.77224618660696
            ],
            [
              77.90910431351912,
              32.771860652523316
            ],
            [
              77.90892791700009,
              32.772121430000084
            ],
            [
              77.9034957880001,
              32.77289962700007
            ],
            [
              77.89949798499998,
              32.77532196000004
            ],
            [
              77.89946960874121,
              32.775319285602194
            ],
            [
              77.8841923375564,
              32.78791254798465
            ],
            [
              77.88825132037486,
              32.798525244401795
            ],
            [
              77.86930940055537,
              32.82682576818085
            ],
            [
              77.83886702941686,
              32.841986763062486
            ],
            [
              77.82829146948664,
              32.837412902310255
            ],
            [
              77.82508850100004,
              32.83987045300012
            ],
            [
              77.82178169269217,
              32.83916443771369
            ],
            [
              77.78068827568552,
              32.86573898837705
            ],
            [
              77.78948273845887,
              32.89050194668373
            ],
            [
              77.81113064682401,
              32.906673674557474
            ],
            [
              77.74077494463728,
              32.96883375357219
            ],
            [
              77.71980353340854,
              32.96883375357219
            ],
            [
              77.71303856204443,
              32.98247864896567
            ],
            [
              77.68259619090594,
              32.98854304691832
            ],
            [
              77.67930544202271,
              32.978142538650175
            ],
            [
              77.67800140400004,
              32.980720520000034
            ],
            [
              77.67086029100011,
              32.986270905000026
            ],
            [
              77.66520690900006,
              32.986030579000044
            ],
            [
              77.66307830900013,
              32.97592926100003
            ],
            [
              77.65998840400005,
              32.968959809000125
            ],
            [
              77.65637207000015,
              32.965961456000116
            ],
            [
              77.65331268400013,
              32.95940017600009
            ],
            [
              77.64987945600006,
              32.95829010100016
            ],
            [
              77.64334869499999,
              32.95785141100009
            ],
            [
              77.63849640000007,
              32.95613861100014
            ],
            [
              77.63061107012771,
              32.9500943853861
            ],
            [
              77.60209303167304,
              32.94306006227341
            ],
            [
              77.60172252595575,
              32.94210670741922
            ],
            [
              77.59343719600008,
              32.94153976400008
            ],
            [
              77.58637237500005,
              32.93989944500015
            ],
            [
              77.58392334000018,
              32.943801880000024
            ],
            [
              77.58152771000005,
              32.93923187300015
            ],
            [
              77.58096313400006,
              32.93450164900014
            ],
            [
              77.579666138,
              32.931678772000055
            ],
            [
              77.56964874400018,
              32.92166137800007
            ],
            [
              77.5538482660001,
              32.91310882700003
            ],
            [
              77.54949188200004,
              32.91336059600019
            ],
            [
              77.54471588100006,
              32.911731720000034
            ],
            [
              77.53531646700003,
              32.90229034499998
            ],
            [
              77.52700042800018,
              32.892280578
            ],
            [
              77.52320099000008,
              32.889781951000145
            ],
            [
              77.51956176700014,
              32.887378694000176
            ],
            [
              77.51129150399998,
              32.88542938200016
            ],
            [
              77.50623321500007,
              32.88307189900007
            ],
            [
              77.50492002204723,
              32.88289953202432
            ],
            [
              77.5012949583478,
              32.885448281723185
            ],
            [
              77.4969342296556,
              32.881851333524175
            ],
            [
              77.49434661800007,
              32.88151168900009
            ],
            [
              77.4845504760001,
              32.88653945900006
            ],
            [
              77.47318267800007,
              32.87879180900012
            ],
            [
              77.45631373044704,
              32.86277562386894
            ],
            [
              77.4519106673898,
              32.86422288888889
            ],
            [
              77.44446919888928,
              32.87988925026658
            ],
            [
              77.42744822160498,
              32.8812046211758
            ],
            [
              77.4257202140002,
              32.883670807000044
            ],
            [
              77.42205604312004,
              32.881621325492944
            ],
            [
              77.40523236497744,
              32.88292144924291
            ],
            [
              77.4034492483148,
              32.88129982421896
            ],
            [
              77.40312194800003,
              32.88145065300006
            ],
            [
              77.39917755100004,
              32.88393020700005
            ],
            [
              77.39733123700006,
              32.88698959300001
            ],
            [
              77.39541625900006,
              32.887329101000034
            ],
            [
              77.38746643200017,
              32.88552093400011
            ],
            [
              77.37938690100003,
              32.8808288570001
            ],
            [
              77.37124633700006,
              32.86742019600007
            ],
            [
              77.36306762600003,
              32.86352920600019
            ],
            [
              77.35968017500016,
              32.859580994
            ],
            [
              77.35871887200011,
              32.85639953700013
            ],
            [
              77.35980987600016,
              32.85161972100008
            ],
            [
              77.36267089800009,
              32.84659958000009
            ],
            [
              77.36184692400013,
              32.84260940600018
            ],
            [
              77.35955047600004,
              32.838161470000045
            ],
            [
              77.35647583000019,
              32.82527160600006
            ],
            [
              77.34839630100004,
              32.821201325000175
            ],
            [
              77.33369445700004,
              32.84203338600014
            ],
            [
              77.32941436700008,
              32.864875794000056
            ],
            [
              77.32798004199998,
              32.88058090300018
            ],
            [
              77.31799316400003,
              32.890575409000064
            ],
            [
              77.3122787480001,
              32.90342331000005
            ],
            [
              77.30371093700006,
              32.913417816000106
            ],
            [
              77.29515075600011,
              32.93197631900006
            ],
            [
              77.29086303700018,
              32.951965332999976
            ],
            [
              77.29086303700018,
              32.973377228000174
            ],
            [
              77.28943634100006,
              32.99479293900009
            ],
            [
              77.30371093700006,
              32.99765014600018
            ],
            [
              77.30513763400006,
              33.0190658570001
            ],
            [
              77.30513763400006,
              33.03762435900018
            ],
            [
              77.30942535499999,
              33.059040070000094
            ],
            [
              77.32941436700008,
              33.07331466700015
            ],
            [
              77.33797454800003,
              33.087593078
            ],
            [
              77.35368347100012,
              33.09758758600009
            ],
            [
              77.37223815800013,
              33.10329818700018
            ],
            [
              77.36795806800006,
              33.11757278500016
            ],
            [
              77.3622512830001,
              33.1389884940001
            ],
            [
              77.35796356200018,
              33.16040420500019
            ],
            [
              77.36081695600018,
              33.18039321900011
            ],
            [
              77.36510467600004,
              33.200378418000184
            ],
            [
              77.37352752600009,
              33.21834564300008
            ],
            [
              77.39794159000019,
              33.244636537000076
            ],
            [
              77.41506958000019,
              33.26890945400015
            ],
            [
              77.42791748000008,
              33.291751862000126
            ],
            [
              77.45076751800013,
              33.30888366800008
            ],
            [
              77.4750366200002,
              33.32886886700015
            ],
            [
              77.50501251200006,
              33.34600448700007
            ],
            [
              77.52928924500014,
              33.360279083000194
            ],
            [
              77.54213714700018,
              33.377410888999975
            ],
            [
              77.55070495600006,
              33.40025329700012
            ],
            [
              77.5449905390002,
              33.41881561400004
            ],
            [
              77.52249908400006,
              33.43296051000016
            ],
            [
              77.51137542800001,
              33.46160888700007
            ],
            [
              77.51494598300013,
              33.4848098760001
            ],
            [
              77.49887848000003,
              33.50444030900013
            ],
            [
              77.46675872800006,
              33.513362884
            ],
            [
              77.44177246100008,
              33.51157760600012
            ],
            [
              77.42392730799997,
              33.5294227600001
            ],
            [
              77.40608215400016,
              33.54548645000017
            ],
            [
              77.38109588600014,
              33.563331604000155
            ],
            [
              77.35789489800015,
              33.5651168820001
            ],
            [
              77.32577514600018,
              33.5651168820001
            ],
            [
              77.31507110700011,
              33.584747314000026
            ],
            [
              77.28651428200016,
              33.591884614000094
            ],
            [
              77.26152801500018,
              33.590099335000104
            ],
            [
              77.26152801500018,
              33.61151504600019
            ],
            [
              77.24546814000018,
              33.63649749699999
            ],
            [
              77.22048187200011,
              33.64899063200011
            ],
            [
              77.1815795890002,
              33.671119689000136
            ],
            [
              77.1458892820001,
              33.70110321100009
            ],
            [
              77.12447357100012,
              33.71823501700004
            ],
            [
              77.10305786200001,
              33.71680450500003
            ],
            [
              77.0816421510001,
              33.71109390200013
            ],
            [
              77.06879425100004,
              33.72394561700003
            ],
            [
              77.05451965300006,
              33.73393631000005
            ],
            [
              77.04023742600003,
              33.72394561700003
            ],
            [
              77.0188217170001,
              33.70538330000011
            ],
            [
              76.98884582500006,
              33.70538330000011
            ],
            [
              76.94886779700016,
              33.72108841000016
            ],
            [
              76.91745758000019,
              33.736793519000116
            ],
            [
              76.8831939700001,
              33.761062622000054
            ],
            [
              76.86463928200016,
              33.788188935000164
            ],
            [
              76.85035705600006,
              33.80817794900008
            ],
            [
              76.81894683900009,
              33.82673645100016
            ],
            [
              76.79325103700012,
              33.83244705200008
            ],
            [
              76.75898742700019,
              33.83244705200008
            ],
            [
              76.723297119,
              33.83673095700004
            ],
            [
              76.70902252300004,
              33.85100936900017
            ],
            [
              76.69474029600002,
              33.865283965000174
            ],
            [
              76.66904449500015,
              33.87242126500007
            ],
            [
              76.64048767100007,
              33.878131867000036
            ],
            [
              76.61764526400009,
              33.896694184000125
            ],
            [
              76.60908508300014,
              33.919536590000064
            ],
            [
              76.60622406099998,
              33.949516297
            ],
            [
              76.57767486600011,
              33.96664810200008
            ],
            [
              76.55340576100019,
              33.98092651400003
            ],
            [
              76.52484893799999,
              33.99663162200005
            ],
            [
              76.51200103800011,
              34.02375793400006
            ],
            [
              76.51628112900016,
              34.04660034200003
            ],
            [
              76.53199005200003,
              34.06373214700005
            ],
            [
              76.56482696600006,
              34.073726655000144
            ],
            [
              76.59194946200012,
              34.06087494000019
            ],
            [
              76.62050628700007,
              34.05802154600019
            ],
            [
              76.64334869300002,
              34.06515884400005
            ],
            [
              76.64762878400006,
              34.08942794800009
            ],
            [
              76.63049316300004,
              34.10370636000005
            ],
            [
              76.62193298400007,
              34.12369537400019
            ],
            [
              76.64334869300002,
              34.136543274000076
            ],
            [
              76.66047668500005,
              34.13368606500018
            ],
            [
              76.66761779800017,
              34.1065597540001
            ],
            [
              76.67939758200015,
              34.08681106600011
            ],
            [
              76.71211242800018,
              34.08086395200013
            ],
            [
              76.71456909300015,
              34.11034011800007
            ],
            [
              76.68508148100011,
              34.13562011800008
            ],
            [
              76.65139770500008,
              34.154869080000026
            ],
            [
              76.6704711910001,
              34.18199157800012
            ],
            [
              76.67642212000015,
              34.20875930800014
            ],
            [
              76.65857696400015,
              34.21470642100002
            ],
            [
              76.65857696400015,
              34.244449615000065
            ],
            [
              76.66749572700007,
              34.265270233000024
            ],
            [
              76.67344665600018,
              34.29204177800011
            ],
            [
              76.67642212000015,
              34.32475662300004
            ],
            [
              76.68534088100012,
              34.35152816800007
            ],
            [
              76.6645202630001,
              34.36937332100018
            ],
            [
              76.61693573000014,
              34.384243011000024
            ],
            [
              76.59016418400017,
              34.387218475
            ],
            [
              76.58124542300004,
              34.408039093000184
            ],
            [
              76.58124542300004,
              34.44372940100004
            ],
            [
              76.58124542300004,
              34.47942352299998
            ],
            [
              76.58718872100013,
              34.51214218100017
            ],
            [
              76.55149841399998,
              34.527011871000184
            ],
            [
              76.52472686700014,
              34.535934449000024
            ],
            [
              76.49796295300008,
              34.55675506699998
            ],
            [
              76.47119140600017,
              34.55973052900015
            ],
            [
              76.42359924300013,
              34.55377960200008
            ],
            [
              76.38196563700006,
              34.54485702500017
            ],
            [
              76.37303924600019,
              34.583522796000125
            ],
            [
              76.37303924600019,
              34.61624145500019
            ],
            [
              76.33856964099999,
              34.631320954000046
            ],
            [
              76.32872009200014,
              34.733055116000116
            ],
            [
              76.33988952600009,
              34.73431778000014
            ],
            [
              76.3507385260001,
              34.734703063000154
            ],
            [
              76.38593292300004,
              34.73595047100014
            ],
            [
              76.40953826900005,
              34.752166749000025
            ],
            [
              76.42761993400018,
              34.76243972800012
            ],
            [
              76.43695831200013,
              34.76438140900012
            ],
            [
              76.469200135,
              34.79166793800016
            ],
            [
              76.47177124000001,
              34.79302215600012
            ],
            [
              76.47434234600013,
              34.79437255900018
            ],
            [
              76.47732543900014,
              34.79398727400019
            ],
            [
              76.48973846500007,
              34.79238128600019
            ],
            [
              76.51409149100016,
              34.783802033000086
            ],
            [
              76.5453186040001,
              34.76559066800007
            ],
            [
              76.5618133550002,
              34.758338928000114
            ],
            [
              76.57097625699998,
              34.75842285200014
            ],
            [
              76.58001709000013,
              34.755516053000065
            ],
            [
              76.61804199200004,
              34.75606918400007
            ],
            [
              76.65249633700017,
              34.756561280000085
            ],
            [
              76.67163848900003,
              34.757419587000186
            ],
            [
              76.68181610100015,
              34.75959014900019
            ],
            [
              76.687194825,
              34.763210296000125
            ],
            [
              76.69670105000012,
              34.77912902900016
            ],
            [
              76.70619201800002,
              34.80125045900013
            ],
            [
              76.7272872920002,
              34.82089996400015
            ],
            [
              76.73784637400007,
              34.83074188300009
            ],
            [
              76.74324035600017,
              34.840099334000115
            ],
            [
              76.74468994200004,
              34.844730376000086
            ],
            [
              76.74343872100013,
              34.86489105300012
            ],
            [
              76.73886108400018,
              34.901927949000026
            ],
            [
              76.74337005500013,
              34.91814041100008
            ],
            [
              76.74936676099998,
              34.92660140999999
            ],
            [
              76.76242828300013,
              34.93299102700013
            ],
            [
              76.76419067300014,
              34.93312072800012
            ],
            [
              76.7993392950001,
              34.93577194200009
            ],
            [
              76.80442047100007,
              34.93432998700007
            ],
            [
              76.81105041400019,
              34.9354553230001
            ],
            [
              76.82552337700014,
              34.94165420600007
            ],
            [
              76.84815216000011,
              34.957969665000064
            ],
            [
              76.85315704400011,
              34.96387100200013
            ],
            [
              76.86315155000017,
              34.97084045300011
            ],
            [
              76.87004089300007,
              34.97243118300008
            ],
            [
              76.88350677400001,
              34.97032928400017
            ],
            [
              76.8984680180002,
              34.964260102000026
            ],
            [
              76.9014053350001,
              34.963073732000055
            ],
            [
              76.9084320070001,
              34.96168518100001
            ],
            [
              76.95034027100013,
              34.9409408570001
            ],
            [
              76.97035980200019,
              34.935581208000144
            ],
            [
              76.98874664300018,
              34.935218811000084
            ],
            [
              76.99748993000003,
              34.93915176300004
            ],
            [
              77.01013946600017,
              34.95628738400006
            ],
            [
              77.01145172200006,
              34.966709137000066
            ],
            [
              77.01130676300005,
              34.972721101000104
            ],
            [
              77.01065826500019,
              35.00000000000006
            ],
            [
              77.0102996830002,
              35.01618194500003
            ],
            [
              77.01094818100006,
              35.02759170500008
            ],
            [
              77.01378631600011,
              35.03512191800007
            ],
            [
              77.01809692400008,
              35.03846359200003
            ],
            [
              77.0269165040001,
              35.04079437300004
            ],
            [
              77.03677368100006,
              35.032363891000045
            ],
            [
              77.0683670040001,
              35.024120330000194
            ],
            [
              77.08137512100001,
              35.02633667099997
            ],
            [
              77.10980224600013,
              35.03932953000009
            ],
            [
              77.15682220400015,
              35.054698945000155
            ],
            [
              77.17558288600009,
              35.06679153400012
            ],
            [
              77.19481658900014,
              35.07918930000011
            ],
            [
              77.28079223600008,
              35.138286590000064
            ],
            [
              77.29518890300017,
              35.14562988400013
            ],
            [
              77.30075073300009,
              35.14847946200018
            ],
            [
              77.37944030800008,
              35.19789123500016
            ],
            [
              77.38440704300007,
              35.19916916000011
            ],
            [
              77.418830872,
              35.22006988500004
            ],
            [
              77.44252014200003,
              35.23443985000006
            ],
            [
              77.48542022700019,
              35.26654052700013
            ],
            [
              77.53961181600005,
              35.29777908300002
            ],
            [
              77.5850219720001,
              35.32392120300017
            ],
            [
              77.65056610100015,
              35.3670806880001
            ],
            [
              77.66091919000013,
              35.37522888200016
            ],
            [
              77.73551178100007,
              35.43384170600018
            ],
            [
              77.76036834800017,
              35.45117568900008
            ],
            [
              77.77467346100008,
              35.46015930200008
            ],
            [
              77.81465148900014,
              35.48524856600012
            ],
            [
              77.81929016200013,
              35.49328994700011
            ],
            [
              77.82392883400007,
              35.50133132900004
            ],
            [
              77.83330749220528,
              35.50120848266652
            ],
            [
              77.85131628840396,
              35.48874450093265
            ],
            [
              77.85131836,
              35.48873901400009
            ],
            [
              77.86267089900008,
              35.45859146100008
            ],
            [
              77.86529738200005,
              35.45508727500004
            ],
            [
              77.86872100000016,
              35.45052000099997
            ],
            [
              77.87468020300003,
              35.44256900800019
            ],
            [
              77.87941741900016,
              35.436248779000096
            ],
            [
              77.88477325500008,
              35.431957246000024
            ],
            [
              77.88862609800009,
              35.42887115600013
            ],
            [
              77.89161389000003,
              35.4286044640001
            ],
            [
              77.89566193100006,
              35.428243132000034
            ],
            [
              77.899566651,
              35.427894593000076
            ],
            [
              77.90124874600019,
              35.427743732000124
            ],
            [
              77.90192572100017,
              35.42768301600006
            ],
            [
              77.9029693600001,
              35.4275894160001
            ],
            [
              77.91018676800002,
              35.42935943600003
            ],
            [
              77.91563042400014,
              35.43215627600018
            ],
            [
              77.91987600000004,
              35.434338000000025
            ],
            [
              77.92047679200004,
              35.43464666800014
            ],
            [
              77.92066151500013,
              35.434741707000114
            ],
            [
              77.92092895500008,
              35.434879303000116
            ],
            [
              77.928016662,
              35.4405403130001
            ],
            [
              77.9437789930001,
              35.46295547600016
            ],
            [
              77.94458770800014,
              35.464111328
            ],
            [
              77.95120563600005,
              35.47352567100012
            ],
            [
              77.95128302300014,
              35.47363575700019
            ],
            [
              77.9518876396429,
              35.474008219178764
            ],
            [
              77.98093142806317,
              35.4552369141608
            ],
            [
              77.9829609194724,
              35.464333511089784
            ],
            [
              77.9640189996529,
              35.47848377297931
            ],
            [
              77.96393572232815,
              35.48059894730391
            ],
            [
              77.96404338400015,
              35.48062514600019
            ],
            [
              77.96495968100004,
              35.480848121000065
            ],
            [
              77.96513599600013,
              35.4808910270001
            ],
            [
              77.96600840000002,
              35.48110332000016
            ],
            [
              77.97637792300014,
              35.48363120300013
            ],
            [
              77.98555521000014,
              35.485869173000026
            ],
            [
              77.98660167000003,
              35.48612458800011
            ],
            [
              77.98836376399998,
              35.48655374300017
            ],
            [
              77.99007716900013,
              35.48697135700008
            ],
            [
              77.99063900100003,
              35.48711000000009
            ],
            [
              77.9908474290001,
              35.48713174300002
            ],
            [
              78.00236311100002,
              35.48836913400004
            ],
            [
              78.00999450800009,
              35.48918914800004
            ],
            [
              78.019981384,
              35.49026107800006
            ],
            [
              78.02866282800017,
              35.490544281000155
            ],
            [
              78.04535700000014,
              35.49108900000016
            ],
            [
              78.04888800000009,
              35.49120500100008
            ],
            [
              78.05945345500004,
              35.491551043000136
            ],
            [
              78.06016387400012,
              35.49157431100008
            ],
            [
              78.06055389600004,
              35.49158691100007
            ],
            [
              78.06151884700006,
              35.49161844299999
            ],
            [
              78.06217863800003,
              35.4916400620001
            ],
            [
              78.06375122000009,
              35.49169159000013
            ],
            [
              78.06481933900011,
              35.491725922000114
            ],
            [
              78.07935333100005,
              35.492198942000186
            ],
            [
              78.08065033000014,
              35.49194908100003
            ],
            [
              78.08194732900012,
              35.491699220000044
            ],
            [
              78.08769988900019,
              35.4905891410001
            ],
            [
              78.09099735600006,
              35.48994489400019
            ],
            [
              78.09101143599997,
              35.48994217900008
            ],
            [
              78.09110970900002,
              35.48992298200017
            ],
            [
              78.09167961400004,
              35.48981165900011
            ],
            [
              78.09269221100004,
              35.48961386200017
            ],
            [
              78.09428678800009,
              35.489302384000155
            ],
            [
              78.09429896500012,
              35.48930000600012
            ],
            [
              78.09451081800017,
              35.489194209000175
            ],
            [
              78.09878775600004,
              35.487058138000066
            ],
            [
              78.09882608800018,
              35.48703892000009
            ],
            [
              78.099105608,
              35.486898519000135
            ],
            [
              78.10398864900003,
              35.48445892200016
            ],
            [
              78.10487169100008,
              35.48329621100015
            ],
            [
              78.10571645800007,
              35.48218389700009
            ],
            [
              78.10576299000019,
              35.482122922000144
            ],
            [
              78.10582272300007,
              35.482044454000004
            ],
            [
              78.10585058600014,
              35.48200776400017
            ],
            [
              78.10703442700014,
              35.48044887300006
            ],
            [
              78.10704800000013,
              35.480431000000124
            ],
            [
              78.10812530600009,
              35.47901406200009
            ],
            [
              78.10888024600018,
              35.47802111900012
            ],
            [
              78.10983281100005,
              35.47676829500001
            ],
            [
              78.11080169700011,
              35.47266006500007
            ],
            [
              78.11073520700012,
              35.472486814000035
            ],
            [
              78.1088561750001,
              35.46759071300005
            ],
            [
              78.10769653400013,
              35.46456909200009
            ],
            [
              78.10613100000006,
              35.46322189700004
            ],
            [
              78.10572986100004,
              35.46287700200003
            ],
            [
              78.1052360000001,
              35.46245200000004
            ],
            [
              78.10510885000008,
              35.462342696000064
            ],
            [
              78.10495139000017,
              35.46220722000004
            ],
            [
              78.10449981700005,
              35.46181869500015
            ],
            [
              78.09732818600003,
              35.455638886000145
            ],
            [
              78.0972260800001,
              35.45559565200012
            ],
            [
              78.09693261200016,
              35.45547139000013
            ],
            [
              78.09649573400009,
              35.45528619400011
            ],
            [
              78.09576239300009,
              35.45497456300018
            ],
            [
              78.09504264500005,
              35.45467050900004
            ],
            [
              78.0949886680001,
              35.454647715000135
            ],
            [
              78.09497300000004,
              35.45464099999998
            ],
            [
              78.09468183500019,
              35.45451814300003
            ],
            [
              78.07964324900007,
              35.44815063100009
            ],
            [
              78.07371373900008,
              35.4471559860001
            ],
            [
              78.0754500000001,
              35.447452000000055
            ],
            [
              78.0726843860001,
              35.44699195600003
            ],
            [
              78.07183088600016,
              35.44684984500009
            ],
            [
              78.07141214900008,
              35.44628617100017
            ],
            [
              78.07019042900004,
              35.4446411130001
            ],
            [
              78.069786239,
              35.44409827800007
            ],
            [
              78.06965605200014,
              35.443923214000165
            ],
            [
              78.06934817500019,
              35.44350921000017
            ],
            [
              78.06930198200018,
              35.44344709400019
            ],
            [
              78.06914378000005,
              35.44323507300015
            ],
            [
              78.06913287300011,
              35.443220793000194
            ],
            [
              78.068878171,
              35.44287872100011
            ],
            [
              78.05094170500007,
              35.43331984400015
            ],
            [
              78.04993446600014,
              35.432783056000176
            ],
            [
              78.04968994900008,
              35.43265274600003
            ],
            [
              78.04917175900005,
              35.43237658800007
            ],
            [
              78.04854648400004,
              35.43204336000008
            ],
            [
              78.04699907100019,
              35.43121869800001
            ],
            [
              78.04217799999998,
              35.42864899900013
            ],
            [
              78.03169300000002,
              35.423061000000075
            ],
            [
              78.03076587100014,
              35.421553180000046
            ],
            [
              78.03009800000007,
              35.42046700000003
            ],
            [
              78.03001099900007,
              35.42032400000011
            ],
            [
              78.02989460000009,
              35.4201331380001
            ],
            [
              78.02988894100008,
              35.42012394800008
            ],
            [
              78.02984454700015,
              35.420051057000194
            ],
            [
              78.02983093100005,
              35.420028689000105
            ],
            [
              78.02974898500003,
              35.41998403200006
            ],
            [
              78.02972789400019,
              35.41997220500002
            ],
            [
              78.02959947,
              35.41990181500006
            ],
            [
              78.02949600700009,
              35.41984554400011
            ],
            [
              78.02845800000006,
              35.41928100100006
            ],
            [
              78.02459300000004,
              35.41716600000012
            ],
            [
              78.0238949990001,
              35.41711100100008
            ],
            [
              78.02352500000012,
              35.417079
            ],
            [
              78.02343586400019,
              35.41707215100007
            ],
            [
              78.02334645899998,
              35.41706467800009
            ],
            [
              78.02293835700016,
              35.41702982800001
            ],
            [
              78.02120209000014,
              35.41688156000004
            ],
            [
              78.02076721100013,
              35.41646957100011
            ],
            [
              78.0194931010002,
              35.41526031200016
            ],
            [
              78.01134938000007,
              35.40757102300017
            ],
            [
              78.01109471300003,
              35.407330565000166
            ],
            [
              78.0109761670002,
              35.40721863300013
            ],
            [
              78.01061696800008,
              35.406879478000064
            ],
            [
              77.99707031200006,
              35.39408874600008
            ],
            [
              77.99342834900011,
              35.386003921000054
            ],
            [
              77.99210142900012,
              35.38305793500018
            ],
            [
              77.99205523299997,
              35.38295572600015
            ],
            [
              77.9920480350001,
              35.382939747000194
            ],
            [
              77.99202587700007,
              35.3828905580001
            ],
            [
              77.99028778000002,
              35.37903214000005
            ],
            [
              77.9901423120001,
              35.37220689300011
            ],
            [
              77.99014141900011,
              35.372164981000026
            ],
            [
              77.99013726900013,
              35.37197029900011
            ],
            [
              77.99013316300011,
              35.371777620000046
            ],
            [
              77.99013041400019,
              35.37164863900012
            ],
            [
              77.99012175000018,
              35.37124212700007
            ],
            [
              77.99009458600007,
              35.369967663000125
            ],
            [
              77.99004600000012,
              35.36767399900009
            ],
            [
              77.99000300500019,
              35.36565722900019
            ],
            [
              77.98996000000012,
              35.36364000100008
            ],
            [
              77.99123265900016,
              35.35348899000013
            ],
            [
              77.99185200000016,
              35.348549000000105
            ],
            [
              77.99301993300008,
              35.34685429800004
            ],
            [
              77.99304440000003,
              35.34681879600015
            ],
            [
              77.9930690860001,
              35.3467825350001
            ],
            [
              77.9934213430001,
              35.34627138400015
            ],
            [
              77.99434662000016,
              35.34492874000006
            ],
            [
              78.00149274600005,
              35.29808697700014
            ],
            [
              78.00151062000015,
              35.297969819
            ],
            [
              78.00178393100009,
              35.296179241000175
            ],
            [
              78.00178679100014,
              35.29616215300018
            ],
            [
              78.00180131100012,
              35.296069112000055
            ],
            [
              78.00181463600006,
              35.29598167900019
            ],
            [
              78.00202200200016,
              35.29462100000012
            ],
            [
              78.00202892200019,
              35.294613500000025
            ],
            [
              78.0021889360001,
              35.294456156000024
            ],
            [
              78.00223571500015,
              35.294410157000186
            ],
            [
              78.00344626800006,
              35.29321981600003
            ],
            [
              78.0056774300001,
              35.29102607200008
            ],
            [
              78.00636300000015,
              35.290360001000124
            ],
            [
              78.00646585900006,
              35.28998588800016
            ]
          ],
          [
            [
              77.42231309267532,
              33.19686805890473
            ],
            [
              77.46308393349857,
              33.1989831430988
            ],
            [
              77.45461665593544,
              33.203829174237576
            ],
            [
              77.42231309267532,
              33.19686805890473
            ]
          ],
          [
            [
              77.4032028735682,
              33.16996961900192
            ],
            [
              77.41985248809726,
              33.19633782166376
            ],
            [
              77.41943880484207,
              33.196248676796756
            ],
            [
              77.4032028735682,
              33.16996961900192
            ]
          ]
        ]
      }
    }
  ]
}